task,reference_study_uid,region,target,n_images,oof_probability,oof_prediction_05,fold
spine_position,1.2.840.113619.2.110.512719.20250403090444,SPINE,0,2,0.26132629077589253,0,2
spine_position,1.2.840.113619.2.110.512719.20250403092052,SPINE,0,2,0.0850439563298021,0,1
spine_position,1.2.840.113619.2.110.512719.20250407113211,SPINE,0,2,0.3634577308800638,0,2
spine_position,2.25.10245777060263212829333021434108890537,SPINE,0,1,0.3869323760907947,0,3
spine_position,2.25.102755089973625799055786462646268820450,SPINE,0,2,0.24838670696912388,0,0
spine_position,2.25.102965897799404973225419898683246248872,SPINE,0,1,0.9733764145443622,1,1
spine_position,2.25.103868781101960771917584077315578649178,SPINE,0,1,0.44504171468779563,0,2
spine_position,2.25.105033841136787477881326326053319223817,SPINE,0,2,0.2710558985939037,0,3
spine_position,2.25.108537195937431169718850276671337677972,SPINE,0,1,0.3171431011969991,0,0
spine_position,2.25.11175860580562939441493697221497597640,SPINE,0,2,0.08627250044903467,0,2
spine_position,2.25.112621744005021908434051268014787122937,SPINE,0,1,0.0864605000655024,0,4
spine_position,2.25.114887542067602662452692698814728642117,SPINE,0,3,0.6620340576074215,1,1
spine_position,2.25.116822802042655971810859435524105064465,SPINE,0,1,0.25382574862768403,0,4
spine_position,2.25.122446767306607067205618235949445789306,SPINE,0,2,0.44908325495735085,0,3
spine_position,2.25.123175695355749859846173904788591707879,SPINE,0,1,0.3912424592380634,0,0
spine_position,2.25.124890633326693921702195356152595253940,SPINE,0,1,0.7355346178151052,1,0
spine_position,2.25.125521310320333648427417313254965624364,SPINE,1,1,0.62220720554547,1,1
spine_position,2.25.126293418391331346694592071563510265596,SPINE,0,1,0.40869078878835535,0,0
spine_position,2.25.127126130998341190348103034690069487890,SPINE,0,2,0.5071111540202732,1,1
spine_position,2.25.12798473087614376830819854616447908612,SPINE,0,1,0.21481255816441353,0,2
spine_position,2.25.128197189461989832465575162384360009377,SPINE,0,1,0.2767194984052048,0,3
spine_position,2.25.128630285053087246379265602913470285158,SPINE,0,1,0.1768773338943022,0,0
spine_position,2.25.128990540359421489042453547244535073735,SPINE,1,2,0.05689023958737263,0,4
spine_position,2.25.13069823278093578548407087310307113784,SPINE,0,1,0.2025641341758825,0,3
spine_position,2.25.132083163398091874662674590622589534350,SPINE,0,1,0.21149653884342046,0,4
spine_position,2.25.132272637351979990811754009849547633391,SPINE,0,1,0.3291957946576068,0,1
spine_position,2.25.13325817932854000792938662637654885530,SPINE,0,3,0.1702346466003876,0,1
spine_position,2.25.134456506307367483341018281460841912845,SPINE,0,1,0.48214091346117316,0,0
spine_position,2.25.135241889065705954191821710363605596815,SPINE,0,1,0.15184886889608595,0,3
spine_position,2.25.13566237352084812982996047541944701548,SPINE,0,1,0.10309151556888621,0,3
spine_position,2.25.137344827330550141320158285144101816664,SPINE,0,1,0.4633292083520922,0,1
spine_position,2.25.137675513852774974135210999345676405116,SPINE,0,1,0.20821900383974787,0,4
spine_position,2.25.13983650679559142983913935144968795415,SPINE,0,2,0.2227163300883256,0,0
spine_position,2.25.144941557565802351596730914409170713112,SPINE,0,3,0.8851920689496915,1,3
spine_position,2.25.145848300160680194368420189079847088556,SPINE,0,1,0.20112839071400335,0,0
spine_position,2.25.151186844055172005615813066162721550889,SPINE,0,1,0.6998150436030525,1,2
spine_position,2.25.156021661584944120526934974594604520993,SPINE,0,3,0.45711609591569863,0,2
spine_position,2.25.156375884487675936513403083218009333856,SPINE,0,3,0.25147498585324135,0,0
spine_position,2.25.156389075510671877606923458507011517218,SPINE,0,2,0.14483290101729288,0,2
spine_position,2.25.157462338378550185821790046400986801350,SPINE,0,2,0.13159595620492337,0,1
spine_position,2.25.158197739569377798130962967413133224194,SPINE,0,1,0.6043306487452046,1,0
spine_position,2.25.158646777318759504110695916200521633609,SPINE,0,10,0.32815781487745954,0,4
spine_position,2.25.159930383074323525630608416881201447861,SPINE,0,1,0.70604950701116,1,1
spine_position,2.25.164566280810634620154538016595892212884,SPINE,1,1,0.9131364670466275,1,2
spine_position,2.25.165091430504580219034019815337441064349,SPINE,0,2,0.4046787999945229,0,1
spine_position,2.25.165355673991587715046346525964554729786,SPINE,0,1,0.33349532710148716,0,4
spine_position,2.25.167344201679287285499405412654740659745,SPINE,0,2,0.45474438506136766,0,1
spine_position,2.25.16773626720107440979805052259711419763,SPINE,0,3,0.6963160580377047,1,2
spine_position,2.25.168317503020329569414190677927680518621,SPINE,0,3,0.30064952054736943,0,0
spine_position,2.25.169242707068684757906797344800977707240,SPINE,0,1,0.027567381109280715,0,1
spine_position,2.25.172445998420765569384934552191547932566,SPINE,0,1,0.43684542898615336,0,0
spine_position,2.25.173731186748227489808861376513577450951,SPINE,0,1,0.3482507573487442,0,0
spine_position,2.25.173753313169335820519632380691065649420,SPINE,0,3,0.10279705844583914,0,2
spine_position,2.25.175881661753775295785039265792986971602,SPINE,0,1,0.2251009098351458,0,0
spine_position,2.25.175903805423871105435148927871625232853,SPINE,0,1,0.1970486406233067,0,3
spine_position,2.25.17706555930735581384953296958427669848,SPINE,0,2,0.47265223601299056,0,0
spine_position,2.25.177745077805190810016231350557005569203,SPINE,0,2,0.0799127857006466,0,4
spine_position,2.25.178533355209696795441380751187185128893,SPINE,0,1,0.06120929865699279,0,1
spine_position,2.25.181196659018348153828200695057897449628,SPINE,0,3,0.2126106054432117,0,4
spine_position,2.25.184198356665635336833172191504278054074,SPINE,0,1,0.24347784829584557,0,2
spine_position,2.25.186201010600484120326273381077449377115,SPINE,0,3,0.649694922388597,1,4
spine_position,2.25.190331309633057244929837507901317950031,SPINE,0,3,0.21435697343225263,0,2
spine_position,2.25.190807933410234695931591553323782771995,SPINE,0,1,0.2525453464390557,0,2
spine_position,2.25.215177279960644564778148238928738915103,SPINE,0,2,0.17517140501172956,0,2
spine_position,2.25.217397325224876728316360420804118329081,SPINE,0,3,0.15696069464877138,0,4
spine_position,2.25.220866240977467582196609708837940253840,SPINE,0,1,0.17177562646284045,0,2
spine_position,2.25.234651502352368356456298825489565282446,SPINE,0,3,0.2273509143502805,0,3
spine_position,2.25.247714038039430659432048101646401574824,SPINE,0,1,0.5883526561737694,1,3
spine_position,2.25.269648774413746842548908998641183395622,SPINE,0,1,0.3954088789286062,0,4
spine_position,2.25.269742577365511543488820993979123763373,SPINE,0,1,0.339310545846704,0,4
spine_position,2.25.272690031744216183651627058502316132741,SPINE,0,3,0.7039046677090622,1,2
spine_position,2.25.276415754443998872860614500027519740375,SPINE,0,2,0.2721224628339463,0,3
spine_position,2.25.277752758923974029595977676354128739670,SPINE,0,2,0.5357978890480956,1,2
spine_position,2.25.286999464611662854355201599068538813496,SPINE,0,2,0.18232165174942583,0,4
spine_position,2.25.29638026465755240167985424461715024381,SPINE,1,1,0.5918369333488462,1,3
spine_position,2.25.306921081709806079165809721263236241032,SPINE,0,1,0.19803509379010262,0,3
spine_position,2.25.307021710202910067378603383388989711646,SPINE,0,3,0.20883297366690654,0,1
spine_position,2.25.309085571913348252136520206003694446566,SPINE,0,1,0.6736314553107101,1,4
spine_position,2.25.314147167453134440746270747484612743945,SPINE,0,1,0.21933609550269473,0,3
spine_position,2.25.322202456901330781765399791024580391565,SPINE,0,1,0.038681823666308394,0,3
spine_position,2.25.338439598607961312040815816824093323492,SPINE,0,1,0.08134792010983756,0,4
spine_position,2.25.339027809107632348165171236474821772940,SPINE,0,2,0.2308438023630231,0,1
spine_position,2.25.340839477910528898406207279980417945,SPINE,0,1,0.4100644705335917,0,1
spine_position,2.25.37515662379281069436632838996073181551,SPINE,0,1,0.3586896704864735,0,0
spine_position,2.25.39068163399801173920284179500049527111,SPINE,0,1,0.22844774241299878,0,2
spine_position,2.25.48906424954135283790354958243772558962,SPINE,0,1,0.07026416195794766,0,1
spine_position,2.25.52532476139575422857225834315571570912,SPINE,0,1,0.046544041819433474,0,0
spine_position,2.25.52982400970721161435951723390541696819,SPINE,1,2,0.7488741564891453,1,3
spine_position,2.25.54396839637320114639948764487283877793,SPINE,0,1,0.11753496237197478,0,1
spine_position,2.25.59542620917302828428419211045951914336,SPINE,0,1,0.6205977425975127,1,4
spine_position,2.25.65954778282254353457041255543338557112,SPINE,0,1,0.1628406274185912,0,3
spine_position,2.25.66397484472966116002950503539482860450,SPINE,0,3,0.09914418912461584,0,4
spine_position,2.25.73070100851377917031356937075051545239,SPINE,0,2,0.4634834703507734,0,4
spine_position,2.25.76710355977373089612172037086913478687,SPINE,0,1,0.29198705776752415,0,1
spine_position,2.25.78999454687125053757525542837745968726,SPINE,0,1,0.18963212150414954,0,3
spine_position,2.25.82912555346523716720160717883917565880,SPINE,0,2,0.374409399982703,0,3
spine_position,2.25.87718478011637131470224319788530286374,SPINE,0,1,0.37873257298455015,0,0
spine_position,2.25.87869906212286587478854831452123526595,SPINE,0,1,0.27493360991357246,0,2
spine_position,2.25.91981043841368764114007975581101713077,SPINE,1,3,0.15785369807847743,0,0
spine_axis,1.2.840.113619.2.110.512719.20250403090444,SPINE,0,2,0.13070002867557692,0,2
spine_axis,1.2.840.113619.2.110.512719.20250403092052,SPINE,0,2,0.4487543176222735,0,2
spine_axis,1.2.840.113619.2.110.512719.20250407113211,SPINE,0,2,0.20940987904401723,0,1
spine_axis,2.25.10245777060263212829333021434108890537,SPINE,0,1,0.7835393935593752,1,0
spine_axis,2.25.102755089973625799055786462646268820450,SPINE,1,2,0.1165376415867095,0,0
spine_axis,2.25.102965897799404973225419898683246248872,SPINE,0,1,0.08764971180991928,0,2
spine_axis,2.25.103868781101960771917584077315578649178,SPINE,0,1,0.24276352827254313,0,0
spine_axis,2.25.105033841136787477881326326053319223817,SPINE,0,2,0.31682002073879384,0,3
spine_axis,2.25.108537195937431169718850276671337677972,SPINE,0,1,0.6018119482123396,1,1
spine_axis,2.25.11175860580562939441493697221497597640,SPINE,0,2,0.5382905455147123,1,0
spine_axis,2.25.112621744005021908434051268014787122937,SPINE,0,1,0.010402645425328821,0,1
spine_axis,2.25.114887542067602662452692698814728642117,SPINE,0,3,0.14849904529534558,0,0
spine_axis,2.25.116822802042655971810859435524105064465,SPINE,0,1,0.15403360416988673,0,1
spine_axis,2.25.122446767306607067205618235949445789306,SPINE,0,2,0.16260937842875334,0,2
spine_axis,2.25.123175695355749859846173904788591707879,SPINE,0,1,0.48349278275750496,0,4
spine_axis,2.25.124890633326693921702195356152595253940,SPINE,0,1,0.7473281842327644,1,4
spine_axis,2.25.125521310320333648427417313254965624364,SPINE,0,1,0.18261390862834817,0,2
spine_axis,2.25.126293418391331346694592071563510265596,SPINE,0,1,0.015938715962724677,0,4
spine_axis,2.25.127126130998341190348103034690069487890,SPINE,1,2,0.1661295592150457,0,2
spine_axis,2.25.12798473087614376830819854616447908612,SPINE,0,1,0.3287025717687496,0,3
spine_axis,2.25.128197189461989832465575162384360009377,SPINE,0,1,0.2272693743686661,0,4
spine_axis,2.25.128630285053087246379265602913470285158,SPINE,0,1,0.5705222356887377,1,1
spine_axis,2.25.128990540359421489042453547244535073735,SPINE,0,2,0.4795387639923842,0,1
spine_axis,2.25.13069823278093578548407087310307113784,SPINE,0,1,0.004024399931027786,0,2
spine_axis,2.25.132083163398091874662674590622589534350,SPINE,0,1,0.724746794552507,1,1
spine_axis,2.25.132272637351979990811754009849547633391,SPINE,0,1,0.18890958613690362,0,0
spine_axis,2.25.13325817932854000792938662637654885530,SPINE,0,3,0.5418535528550171,1,3
spine_axis,2.25.134456506307367483341018281460841912845,SPINE,0,1,0.23105702206230122,0,1
spine_axis,2.25.135241889065705954191821710363605596815,SPINE,0,1,0.42119577676790393,0,3
spine_axis,2.25.13566237352084812982996047541944701548,SPINE,0,1,0.7669123995629903,1,0
spine_axis,2.25.137344827330550141320158285144101816664,SPINE,0,1,0.4426341168103558,0,3
spine_axis,2.25.137675513852774974135210999345676405116,SPINE,0,1,0.30267200446692805,0,0
spine_axis,2.25.13983650679559142983913935144968795415,SPINE,0,2,0.16283396841746806,0,4
spine_axis,2.25.144941557565802351596730914409170713112,SPINE,0,3,0.6323080065673422,1,2
spine_axis,2.25.145848300160680194368420189079847088556,SPINE,0,1,0.19275962210302167,0,2
spine_axis,2.25.151186844055172005615813066162721550889,SPINE,0,1,0.5507119818989563,1,0
spine_axis,2.25.156021661584944120526934974594604520993,SPINE,0,3,0.31833221249200316,0,3
spine_axis,2.25.156375884487675936513403083218009333856,SPINE,0,3,0.5547008641166032,1,1
spine_axis,2.25.156389075510671877606923458507011517218,SPINE,0,2,0.30921020946543715,0,0
spine_axis,2.25.157462338378550185821790046400986801350,SPINE,0,2,0.7898257408446016,1,3
spine_axis,2.25.158197739569377798130962967413133224194,SPINE,0,1,0.29659107095410603,0,3
spine_axis,2.25.158646777318759504110695916200521633609,SPINE,0,10,0.3492553703278126,0,1
spine_axis,2.25.159930383074323525630608416881201447861,SPINE,0,1,0.5377042824719653,1,4
spine_axis,2.25.164566280810634620154538016595892212884,SPINE,0,1,0.7888749192954491,1,1
spine_axis,2.25.165091430504580219034019815337441064349,SPINE,0,2,0.6515297715712366,1,3
spine_axis,2.25.165355673991587715046346525964554729786,SPINE,0,1,0.28997962651628184,0,0
spine_axis,2.25.167344201679287285499405412654740659745,SPINE,0,2,0.29192722990662584,0,1
spine_axis,2.25.16773626720107440979805052259711419763,SPINE,0,3,0.46135940346356474,0,0
spine_axis,2.25.168317503020329569414190677927680518621,SPINE,0,3,0.671818593470967,1,0
spine_axis,2.25.169242707068684757906797344800977707240,SPINE,0,1,0.07159546386887251,0,2
spine_axis,2.25.172445998420765569384934552191547932566,SPINE,0,1,0.7785270436390217,1,0
spine_axis,2.25.173731186748227489808861376513577450951,SPINE,0,1,0.4656378469921974,0,3
spine_axis,2.25.173753313169335820519632380691065649420,SPINE,1,3,0.12216247051933753,0,1
spine_axis,2.25.175881661753775295785039265792986971602,SPINE,0,1,0.11371288568050848,0,0
spine_axis,2.25.175903805423871105435148927871625232853,SPINE,0,1,0.14780958269265274,0,3
spine_axis,2.25.17706555930735581384953296958427669848,SPINE,0,2,0.18525020749114018,0,2
spine_axis,2.25.177745077805190810016231350557005569203,SPINE,0,2,0.8132015121003187,1,4
spine_axis,2.25.178533355209696795441380751187185128893,SPINE,0,1,0.06695148191074174,0,4
spine_axis,2.25.181196659018348153828200695057897449628,SPINE,0,3,0.145739606486724,0,3
spine_axis,2.25.184198356665635336833172191504278054074,SPINE,0,1,0.7133991876106316,1,2
spine_axis,2.25.186201010600484120326273381077449377115,SPINE,0,3,0.3886803465427244,0,2
spine_axis,2.25.190331309633057244929837507901317950031,SPINE,1,3,0.1367555204511505,0,2
spine_axis,2.25.190807933410234695931591553323782771995,SPINE,0,1,0.09873786095766378,0,2
spine_axis,2.25.215177279960644564778148238928738915103,SPINE,0,2,0.17941679011123468,0,4
spine_axis,2.25.217397325224876728316360420804118329081,SPINE,0,3,0.30718289239833685,0,0
spine_axis,2.25.220866240977467582196609708837940253840,SPINE,1,1,0.20728545183593533,0,1
spine_axis,2.25.234651502352368356456298825489565282446,SPINE,0,3,0.4828362825588651,0,4
spine_axis,2.25.247714038039430659432048101646401574824,SPINE,0,1,0.3994079635084502,0,1
spine_axis,2.25.269648774413746842548908998641183395622,SPINE,1,1,0.39825713172302274,0,3
spine_axis,2.25.269742577365511543488820993979123763373,SPINE,0,1,0.2059894774225503,0,4
spine_axis,2.25.272690031744216183651627058502316132741,SPINE,0,3,0.2633914285770591,0,2
spine_axis,2.25.276415754443998872860614500027519740375,SPINE,0,2,0.2948657402195422,0,3
spine_axis,2.25.277752758923974029595977676354128739670,SPINE,0,2,0.6039194651331465,1,2
spine_axis,2.25.286999464611662854355201599068538813496,SPINE,0,2,0.39010386573351086,0,4
spine_axis,2.25.29638026465755240167985424461715024381,SPINE,0,1,0.32484983503782305,0,3
spine_axis,2.25.306921081709806079165809721263236241032,SPINE,0,1,0.8798424775154855,1,1
spine_axis,2.25.307021710202910067378603383388989711646,SPINE,0,3,0.34010686012565433,0,4
spine_axis,2.25.309085571913348252136520206003694446566,SPINE,1,1,0.34000432085512616,0,4
spine_axis,2.25.314147167453134440746270747484612743945,SPINE,0,1,0.11284655192742853,0,3
spine_axis,2.25.322202456901330781765399791024580391565,SPINE,0,1,0.8275448058895217,1,3
spine_axis,2.25.338439598607961312040815816824093323492,SPINE,0,1,0.246847217780777,0,4
spine_axis,2.25.339027809107632348165171236474821772940,SPINE,0,2,0.18647013761101933,0,2
spine_axis,2.25.340839477910528898406207279980417945,SPINE,0,1,0.548012973575416,1,1
spine_axis,2.25.37515662379281069436632838996073181551,SPINE,1,1,0.3458559836496779,0,3
spine_axis,2.25.39068163399801173920284179500049527111,SPINE,1,1,0.16008901098392503,0,4
spine_axis,2.25.48906424954135283790354958243772558962,SPINE,0,1,0.6887357276308247,1,0
spine_axis,2.25.52532476139575422857225834315571570912,SPINE,0,1,0.7791768385334877,1,2
spine_axis,2.25.52982400970721161435951723390541696819,SPINE,0,2,0.5305710870022177,1,1
spine_axis,2.25.54396839637320114639948764487283877793,SPINE,0,1,0.18909176238332762,0,0
spine_axis,2.25.59542620917302828428419211045951914336,SPINE,0,1,0.4356081484816441,0,1
spine_axis,2.25.65954778282254353457041255543338557112,SPINE,0,1,0.20952575880608723,0,4
spine_axis,2.25.66397484472966116002950503539482860450,SPINE,0,3,0.024980019333318997,0,4
spine_axis,2.25.73070100851377917031356937075051545239,SPINE,1,2,0.44071058275923813,0,0
spine_axis,2.25.76710355977373089612172037086913478687,SPINE,0,1,0.029186251133831706,0,4
spine_axis,2.25.78999454687125053757525542837745968726,SPINE,0,1,0.22990833816542242,0,1
spine_axis,2.25.82912555346523716720160717883917565880,SPINE,0,2,0.12450158037560874,0,3
spine_axis,2.25.87718478011637131470224319788530286374,SPINE,0,1,0.5783856538430381,1,3
spine_axis,2.25.87869906212286587478854831452123526595,SPINE,0,1,0.22303798928034213,0,0
spine_axis,2.25.91981043841368764114007975581101713077,SPINE,0,3,0.5879591043462692,1,2
spine_artifact,1.2.840.113619.2.110.512719.20250403090444,SPINE,0,2,0.05825750853780889,0,1
spine_artifact,1.2.840.113619.2.110.512719.20250403092052,SPINE,0,2,0.018167948252534954,0,0
spine_artifact,1.2.840.113619.2.110.512719.20250407113211,SPINE,0,2,0.03450186065255195,0,1
spine_artifact,2.25.10245777060263212829333021434108890537,SPINE,0,1,0.5855303715470759,1,1
spine_artifact,2.25.102755089973625799055786462646268820450,SPINE,0,2,0.1204899120538309,0,1
spine_artifact,2.25.102965897799404973225419898683246248872,SPINE,0,1,0.5617259909748689,1,1
spine_artifact,2.25.103868781101960771917584077315578649178,SPINE,0,1,0.20555902444544932,0,0
spine_artifact,2.25.105033841136787477881326326053319223817,SPINE,0,2,0.5771618708606474,1,3
spine_artifact,2.25.108537195937431169718850276671337677972,SPINE,0,1,0.49895209543266894,0,0
spine_artifact,2.25.11175860580562939441493697221497597640,SPINE,1,2,0.35662924173637367,0,0
spine_artifact,2.25.112621744005021908434051268014787122937,SPINE,0,1,0.7996909263274662,1,0
spine_artifact,2.25.114887542067602662452692698814728642117,SPINE,1,3,0.30660474491128925,0,3
spine_artifact,2.25.116822802042655971810859435524105064465,SPINE,0,1,0.8584429151809898,1,2
spine_artifact,2.25.122446767306607067205618235949445789306,SPINE,0,2,0.3682150724802773,0,1
spine_artifact,2.25.123175695355749859846173904788591707879,SPINE,0,1,0.1805722769263518,0,4
spine_artifact,2.25.124890633326693921702195356152595253940,SPINE,0,1,0.20453325497476804,0,2
spine_artifact,2.25.125521310320333648427417313254965624364,SPINE,0,1,0.3861183404322851,0,4
spine_artifact,2.25.126293418391331346694592071563510265596,SPINE,0,1,0.9658733012529186,1,2
spine_artifact,2.25.127126130998341190348103034690069487890,SPINE,0,2,0.07451923375720926,0,4
spine_artifact,2.25.12798473087614376830819854616447908612,SPINE,0,1,0.06373801745058344,0,3
spine_artifact,2.25.128197189461989832465575162384360009377,SPINE,0,1,0.03504378446505287,0,3
spine_artifact,2.25.128630285053087246379265602913470285158,SPINE,0,1,0.5689390053545678,1,2
spine_artifact,2.25.128990540359421489042453547244535073735,SPINE,0,2,0.18823832386486566,0,0
spine_artifact,2.25.13069823278093578548407087310307113784,SPINE,0,1,0.3067139717677187,0,4
spine_artifact,2.25.132083163398091874662674590622589534350,SPINE,0,1,0.08430808202009449,0,0
spine_artifact,2.25.132272637351979990811754009849547633391,SPINE,0,1,0.7988054020074185,1,2
spine_artifact,2.25.13325817932854000792938662637654885530,SPINE,0,3,0.5914543823102545,1,2
spine_artifact,2.25.134456506307367483341018281460841912845,SPINE,0,1,0.09740962931420029,0,4
spine_artifact,2.25.135241889065705954191821710363605596815,SPINE,0,1,0.6800971953415885,1,2
spine_artifact,2.25.13566237352084812982996047541944701548,SPINE,0,1,0.4132162022566612,0,3
spine_artifact,2.25.137344827330550141320158285144101816664,SPINE,0,1,0.22591284959880778,0,0
spine_artifact,2.25.137675513852774974135210999345676405116,SPINE,0,1,0.43457032355895164,0,2
spine_artifact,2.25.13983650679559142983913935144968795415,SPINE,0,2,0.257523429395029,0,3
spine_artifact,2.25.144941557565802351596730914409170713112,SPINE,0,3,0.2803563689207389,0,4
spine_artifact,2.25.145848300160680194368420189079847088556,SPINE,0,1,0.5920585167247744,1,0
spine_artifact,2.25.151186844055172005615813066162721550889,SPINE,0,1,0.05134475998380041,0,4
spine_artifact,2.25.156021661584944120526934974594604520993,SPINE,0,3,0.5910505607602984,1,3
spine_artifact,2.25.156375884487675936513403083218009333856,SPINE,1,3,0.6011471039481167,1,1
spine_artifact,2.25.156389075510671877606923458507011517218,SPINE,0,2,0.06536357160646021,0,1
spine_artifact,2.25.157462338378550185821790046400986801350,SPINE,0,2,0.16960064121896343,0,4
spine_artifact,2.25.158197739569377798130962967413133224194,SPINE,0,1,0.1074806413955857,0,1
spine_artifact,2.25.158646777318759504110695916200521633609,SPINE,1,10,0.8865000567748575,1,2
spine_artifact,2.25.159930383074323525630608416881201447861,SPINE,0,1,0.049924904866034,0,2
spine_artifact,2.25.164566280810634620154538016595892212884,SPINE,0,1,0.49927077315253016,0,0
spine_artifact,2.25.165091430504580219034019815337441064349,SPINE,0,2,0.13558853532666726,0,3
spine_artifact,2.25.165355673991587715046346525964554729786,SPINE,1,1,0.9804130198708811,1,1
spine_artifact,2.25.167344201679287285499405412654740659745,SPINE,0,2,0.14026780648427403,0,0
spine_artifact,2.25.16773626720107440979805052259711419763,SPINE,0,3,0.8158773793481601,1,1
spine_artifact,2.25.168317503020329569414190677927680518621,SPINE,0,3,0.1446547037188445,0,2
spine_artifact,2.25.169242707068684757906797344800977707240,SPINE,0,1,0.21411792309281558,0,0
spine_artifact,2.25.172445998420765569384934552191547932566,SPINE,1,1,0.1990820147376148,0,0
spine_artifact,2.25.173731186748227489808861376513577450951,SPINE,0,1,0.11599260208443285,0,3
spine_artifact,2.25.173753313169335820519632380691065649420,SPINE,0,3,0.4383241335666393,0,0
spine_artifact,2.25.175881661753775295785039265792986971602,SPINE,0,1,0.771888331064195,1,2
spine_artifact,2.25.175903805423871105435148927871625232853,SPINE,0,1,0.05445380171260387,0,4
spine_artifact,2.25.17706555930735581384953296958427669848,SPINE,1,2,0.20259229316755098,0,1
spine_artifact,2.25.177745077805190810016231350557005569203,SPINE,0,2,0.5448627354374767,1,3
spine_artifact,2.25.178533355209696795441380751187185128893,SPINE,0,1,0.5789445809174755,1,3
spine_artifact,2.25.181196659018348153828200695057897449628,SPINE,0,3,0.06100189098244772,0,2
spine_artifact,2.25.184198356665635336833172191504278054074,SPINE,0,1,0.34439386849174525,0,4
spine_artifact,2.25.186201010600484120326273381077449377115,SPINE,0,3,0.16342314226356802,0,0
spine_artifact,2.25.190331309633057244929837507901317950031,SPINE,0,3,0.3475871144093144,0,1
spine_artifact,2.25.190807933410234695931591553323782771995,SPINE,1,1,0.996525267463876,1,3
spine_artifact,2.25.215177279960644564778148238928738915103,SPINE,0,2,0.22946564967202657,0,2
spine_artifact,2.25.217397325224876728316360420804118329081,SPINE,0,3,0.14838068830009934,0,1
spine_artifact,2.25.220866240977467582196609708837940253840,SPINE,0,1,0.30942131002489953,0,2
spine_artifact,2.25.234651502352368356456298825489565282446,SPINE,0,3,0.47149753514129866,0,1
spine_artifact,2.25.247714038039430659432048101646401574824,SPINE,1,1,0.9963495247163346,1,2
spine_artifact,2.25.269648774413746842548908998641183395622,SPINE,1,1,0.8042135356210767,1,3
spine_artifact,2.25.269742577365511543488820993979123763373,SPINE,0,1,0.868005795591921,1,2
spine_artifact,2.25.272690031744216183651627058502316132741,SPINE,0,3,0.33294901543918176,0,4
spine_artifact,2.25.276415754443998872860614500027519740375,SPINE,0,2,0.8917020574387726,1,3
spine_artifact,2.25.277752758923974029595977676354128739670,SPINE,1,2,0.9881691353137753,1,2
spine_artifact,2.25.286999464611662854355201599068538813496,SPINE,0,2,0.21403660759826867,0,0
spine_artifact,2.25.29638026465755240167985424461715024381,SPINE,0,1,0.635654031940565,1,1
spine_artifact,2.25.306921081709806079165809721263236241032,SPINE,0,1,0.02670795399664671,0,4
spine_artifact,2.25.307021710202910067378603383388989711646,SPINE,1,3,0.6095684179689685,1,4
spine_artifact,2.25.309085571913348252136520206003694446566,SPINE,0,1,0.4172029119836705,0,3
spine_artifact,2.25.314147167453134440746270747484612743945,SPINE,0,1,0.01437969149250673,0,3
spine_artifact,2.25.322202456901330781765399791024580391565,SPINE,0,1,0.23232287417982248,0,4
spine_artifact,2.25.338439598607961312040815816824093323492,SPINE,1,1,0.15757812716829359,0,0
spine_artifact,2.25.339027809107632348165171236474821772940,SPINE,0,2,0.12286844444612124,0,2
spine_artifact,2.25.340839477910528898406207279980417945,SPINE,0,1,0.44582172099201345,0,1
spine_artifact,2.25.37515662379281069436632838996073181551,SPINE,0,1,0.3237078357254726,0,0
spine_artifact,2.25.39068163399801173920284179500049527111,SPINE,1,1,0.1287390015514029,0,4
spine_artifact,2.25.48906424954135283790354958243772558962,SPINE,1,1,0.9874170976248997,1,4
spine_artifact,2.25.52532476139575422857225834315571570912,SPINE,0,1,0.4616704401156348,0,3
spine_artifact,2.25.52982400970721161435951723390541696819,SPINE,0,2,0.7824653558645176,1,1
spine_artifact,2.25.54396839637320114639948764487283877793,SPINE,0,1,0.32427566903637,0,0
spine_artifact,2.25.59542620917302828428419211045951914336,SPINE,1,1,0.7181122788181543,1,2
spine_artifact,2.25.65954778282254353457041255543338557112,SPINE,0,1,0.7434944713185768,1,1
spine_artifact,2.25.66397484472966116002950503539482860450,SPINE,0,3,0.0262520933373329,0,4
spine_artifact,2.25.73070100851377917031356937075051545239,SPINE,0,2,0.3367880131406022,0,4
spine_artifact,2.25.76710355977373089612172037086913478687,SPINE,0,1,0.6946896698162166,1,1
spine_artifact,2.25.78999454687125053757525542837745968726,SPINE,0,1,0.8334800997663925,1,3
spine_artifact,2.25.82912555346523716720160717883917565880,SPINE,0,2,0.03349054195377155,0,4
spine_artifact,2.25.87718478011637131470224319788530286374,SPINE,0,1,0.16787343017730122,0,0
spine_artifact,2.25.87869906212286587478854831452123526595,SPINE,1,1,0.626562463874714,1,3
spine_artifact,2.25.91981043841368764114007975581101713077,SPINE,0,3,0.26629436725762246,0,3
right_hip_rotation,1.2.840.113619.2.110.512719.20250403090444,LEG_RIGHT,0,2,0.44667227359131656,0,2
right_hip_rotation,1.2.840.113619.2.110.512719.20250403092052,LEG_RIGHT,0,2,0.6840913431814045,1,0
right_hip_rotation,1.2.840.113619.2.110.512719.20250407113211,LEG_RIGHT,0,2,0.08868061984817287,0,2
right_hip_rotation,2.25.10245777060263212829333021434108890537,LEG_RIGHT,0,1,0.0748757267734439,0,1
right_hip_rotation,2.25.102755089973625799055786462646268820450,LEG_RIGHT,1,2,0.047767637518107774,0,4
right_hip_rotation,2.25.102965897799404973225419898683246248872,LEG_RIGHT,0,1,0.2599478445413374,0,1
right_hip_rotation,2.25.103868781101960771917584077315578649178,LEG_RIGHT,0,1,0.6353100768815318,1,4
right_hip_rotation,2.25.105033841136787477881326326053319223817,LEG_RIGHT,0,2,0.8796269492392524,1,3
right_hip_rotation,2.25.114887542067602662452692698814728642117,LEG_RIGHT,1,4,0.3663218630799382,0,4
right_hip_rotation,2.25.116822802042655971810859435524105064465,LEG_RIGHT,0,1,0.060862713315978575,0,2
right_hip_rotation,2.25.122446767306607067205618235949445789306,LEG_RIGHT,1,2,0.8466988016504823,1,1
right_hip_rotation,2.25.124890633326693921702195356152595253940,LEG_RIGHT,0,1,0.0499810627455636,0,3
right_hip_rotation,2.25.126293418391331346694592071563510265596,LEG_RIGHT,0,1,0.10017893577389966,0,1
right_hip_rotation,2.25.127126130998341190348103034690069487890,LEG_RIGHT,1,2,0.00012100993850763224,0,2
right_hip_rotation,2.25.128990540359421489042453547244535073735,LEG_RIGHT,1,2,0.8370453898808122,1,4
right_hip_rotation,2.25.13069823278093578548407087310307113784,LEG_RIGHT,0,1,0.9976960170919659,1,4
right_hip_rotation,2.25.132083163398091874662674590622589534350,LEG_RIGHT,0,1,0.6109825277599836,1,0
right_hip_rotation,2.25.132272637351979990811754009849547633391,LEG_RIGHT,0,1,0.10306929808777567,0,3
right_hip_rotation,2.25.13325817932854000792938662637654885530,LEG_RIGHT,0,5,0.19163486005045283,0,3
right_hip_rotation,2.25.134456506307367483341018281460841912845,LEG_RIGHT,0,1,0.6908660602629415,1,0
right_hip_rotation,2.25.137344827330550141320158285144101816664,LEG_RIGHT,0,1,0.3290461651680032,0,1
right_hip_rotation,2.25.13983650679559142983913935144968795415,LEG_RIGHT,0,2,0.7676056222084436,1,0
right_hip_rotation,2.25.144941557565802351596730914409170713112,LEG_RIGHT,1,4,0.5171467120075777,1,1
right_hip_rotation,2.25.145848300160680194368420189079847088556,LEG_RIGHT,0,1,0.9340030311165549,1,0
right_hip_rotation,2.25.151186844055172005615813066162721550889,LEG_RIGHT,0,1,0.6816565978046967,1,4
right_hip_rotation,2.25.156021661584944120526934974594604520993,LEG_RIGHT,0,5,0.07878555255244318,0,2
right_hip_rotation,2.25.156375884487675936513403083218009333856,LEG_RIGHT,0,3,0.27725208058430956,0,4
right_hip_rotation,2.25.156389075510671877606923458507011517218,LEG_RIGHT,0,2,0.1837542739734881,0,4
right_hip_rotation,2.25.157462338378550185821790046400986801350,LEG_RIGHT,1,2,0.7405658026844646,1,2
right_hip_rotation,2.25.158646777318759504110695916200521633609,LEG_RIGHT,0,9,0.5652415601369614,1,4
right_hip_rotation,2.25.164566280810634620154538016595892212884,LEG_RIGHT,1,1,0.15015460824955948,0,2
right_hip_rotation,2.25.165091430504580219034019815337441064349,LEG_RIGHT,0,2,0.08194627907693076,0,1
right_hip_rotation,2.25.167344201679287285499405412654740659745,LEG_RIGHT,0,2,0.05758721988997356,0,0
right_hip_rotation,2.25.16773626720107440979805052259711419763,LEG_RIGHT,0,5,0.18980335517638447,0,1
right_hip_rotation,2.25.168317503020329569414190677927680518621,LEG_RIGHT,0,4,0.7661033609848211,1,2
right_hip_rotation,2.25.172445998420765569384934552191547932566,LEG_RIGHT,0,1,0.4841947244109796,0,2
right_hip_rotation,2.25.173753313169335820519632380691065649420,LEG_RIGHT,0,4,0.8038906400050674,1,3
right_hip_rotation,2.25.175881661753775295785039265792986971602,LEG_RIGHT,0,2,0.03860465235413165,0,2
right_hip_rotation,2.25.175903805423871105435148927871625232853,LEG_RIGHT,0,1,0.0977119548421011,0,1
right_hip_rotation,2.25.17706555930735581384953296958427669848,LEG_RIGHT,0,2,0.22505935547865408,0,0
right_hip_rotation,2.25.177745077805190810016231350557005569203,LEG_RIGHT,0,2,0.39786950452428776,0,4
right_hip_rotation,2.25.181196659018348153828200695057897449628,LEG_RIGHT,0,5,0.03927419611531861,0,3
right_hip_rotation,2.25.184198356665635336833172191504278054074,LEG_RIGHT,0,1,0.20723785831321645,0,2
right_hip_rotation,2.25.186201010600484120326273381077449377115,LEG_RIGHT,0,4,0.05863394025727773,0,3
right_hip_rotation,2.25.190331309633057244929837507901317950031,LEG_RIGHT,1,4,0.307717220764436,0,3
right_hip_rotation,2.25.215177279960644564778148238928738915103,LEG_RIGHT,1,1,0.22493223978197868,0,0
right_hip_rotation,2.25.217397325224876728316360420804118329081,LEG_RIGHT,0,4,0.5650094209019246,1,0
right_hip_rotation,2.25.234651502352368356456298825489565282446,LEG_RIGHT,1,4,0.9818024161660649,1,0
right_hip_rotation,2.25.247714038039430659432048101646401574824,LEG_RIGHT,0,1,0.9090767748979961,1,1
right_hip_rotation,2.25.269648774413746842548908998641183395622,LEG_RIGHT,0,1,0.5385750471546438,1,0
right_hip_rotation,2.25.272690031744216183651627058502316132741,LEG_RIGHT,0,4,0.5252091810241715,1,4
right_hip_rotation,2.25.276415754443998872860614500027519740375,LEG_RIGHT,0,2,0.02839762076571619,0,3
right_hip_rotation,2.25.277752758923974029595977676354128739670,LEG_RIGHT,0,2,0.06369449609366806,0,3
right_hip_rotation,2.25.286999464611662854355201599068538813496,LEG_RIGHT,0,2,0.22178033352457152,0,2
right_hip_rotation,2.25.29638026465755240167985424461715024381,LEG_RIGHT,0,2,0.19489912047983207,0,4
right_hip_rotation,2.25.307021710202910067378603383388989711646,LEG_RIGHT,0,5,0.33433465451710886,0,0
right_hip_rotation,2.25.309085571913348252136520206003694446566,LEG_RIGHT,0,1,0.45944940750623026,0,2
right_hip_rotation,2.25.314147167453134440746270747484612743945,LEG_RIGHT,0,1,0.6179279491737376,1,1
right_hip_rotation,2.25.339027809107632348165171236474821772940,LEG_RIGHT,0,2,0.30076574900635383,0,4
right_hip_rotation,2.25.340839477910528898406207279980417945,LEG_RIGHT,0,1,0.9477961671603958,1,1
right_hip_rotation,2.25.37515662379281069436632838996073181551,LEG_RIGHT,0,1,0.37713519545397706,0,0
right_hip_rotation,2.25.39068163399801173920284179500049527111,LEG_RIGHT,1,1,0.9640393447028093,1,0
right_hip_rotation,2.25.48906424954135283790354958243772558962,LEG_RIGHT,1,1,0.6016554163769973,1,0
right_hip_rotation,2.25.52982400970721161435951723390541696819,LEG_RIGHT,0,3,0.19787435990280625,0,3
right_hip_rotation,2.25.65954778282254353457041255543338557112,LEG_RIGHT,0,1,0.44563353835634506,0,1
right_hip_rotation,2.25.66397484472966116002950503539482860450,LEG_RIGHT,1,4,0.6623916001876807,1,1
right_hip_rotation,2.25.73070100851377917031356937075051545239,LEG_RIGHT,1,2,0.8186756540909395,1,3
right_hip_rotation,2.25.76710355977373089612172037086913478687,LEG_RIGHT,0,1,0.8605166589865065,1,2
right_hip_rotation,2.25.78999454687125053757525542837745968726,LEG_RIGHT,1,1,0.9537469898092801,1,3
right_hip_rotation,2.25.82912555346523716720160717883917565880,LEG_RIGHT,1,2,0.2655337235570269,0,1
right_hip_rotation,2.25.87869906212286587478854831452123526595,LEG_RIGHT,0,1,0.4401865930441725,0,4
right_hip_rotation,2.25.91981043841368764114007975581101713077,LEG_RIGHT,0,5,0.21632061299832137,0,3
right_hip_roi,1.2.840.113619.2.110.512719.20250403090444,LEG_RIGHT,0,2,0.13085852216940713,0,0
right_hip_roi,1.2.840.113619.2.110.512719.20250403092052,LEG_RIGHT,0,2,0.3624355960800085,0,0
right_hip_roi,1.2.840.113619.2.110.512719.20250407113211,LEG_RIGHT,0,2,0.5168731232043736,1,2
right_hip_roi,2.25.10245777060263212829333021434108890537,LEG_RIGHT,0,1,0.5815770178206484,1,0
right_hip_roi,2.25.102755089973625799055786462646268820450,LEG_RIGHT,0,2,0.07642083945507519,0,2
right_hip_roi,2.25.102965897799404973225419898683246248872,LEG_RIGHT,0,1,0.6434683714661344,1,0
right_hip_roi,2.25.103868781101960771917584077315578649178,LEG_RIGHT,0,1,0.39443858354276135,0,0
right_hip_roi,2.25.105033841136787477881326326053319223817,LEG_RIGHT,0,2,0.7147390161148216,1,1
right_hip_roi,2.25.114887542067602662452692698814728642117,LEG_RIGHT,0,4,0.29141841719958417,0,1
right_hip_roi,2.25.116822802042655971810859435524105064465,LEG_RIGHT,0,1,0.28358212194498994,0,0
right_hip_roi,2.25.122446767306607067205618235949445789306,LEG_RIGHT,0,2,0.5414928883440272,1,1
right_hip_roi,2.25.124890633326693921702195356152595253940,LEG_RIGHT,0,1,0.2310176086197608,0,0
right_hip_roi,2.25.126293418391331346694592071563510265596,LEG_RIGHT,0,1,0.3667823520165325,0,2
right_hip_roi,2.25.127126130998341190348103034690069487890,LEG_RIGHT,1,2,0.8923291322853654,1,0
right_hip_roi,2.25.128990540359421489042453547244535073735,LEG_RIGHT,0,2,0.35899791360483585,0,0
right_hip_roi,2.25.13069823278093578548407087310307113784,LEG_RIGHT,1,1,0.8676050903922898,1,1
right_hip_roi,2.25.132083163398091874662674590622589534350,LEG_RIGHT,0,1,0.6483558180082424,1,2
right_hip_roi,2.25.132272637351979990811754009849547633391,LEG_RIGHT,0,1,0.2522789952979342,0,1
right_hip_roi,2.25.13325817932854000792938662637654885530,LEG_RIGHT,0,5,0.349775575731621,0,2
right_hip_roi,2.25.134456506307367483341018281460841912845,LEG_RIGHT,0,1,0.41161482378934405,0,1
right_hip_roi,2.25.137344827330550141320158285144101816664,LEG_RIGHT,0,1,0.23957567405843,0,2
right_hip_roi,2.25.13983650679559142983913935144968795415,LEG_RIGHT,0,2,0.4497709936694751,0,2
right_hip_roi,2.25.144941557565802351596730914409170713112,LEG_RIGHT,0,4,0.6734312739537456,1,0
right_hip_roi,2.25.145848300160680194368420189079847088556,LEG_RIGHT,0,1,0.5942488029817602,1,1
right_hip_roi,2.25.151186844055172005615813066162721550889,LEG_RIGHT,0,1,0.35332863557427746,0,1
right_hip_roi,2.25.156021661584944120526934974594604520993,LEG_RIGHT,0,5,0.4384762865895504,0,1
right_hip_roi,2.25.156375884487675936513403083218009333856,LEG_RIGHT,0,3,0.22999123781687844,0,0
right_hip_roi,2.25.156389075510671877606923458507011517218,LEG_RIGHT,0,2,0.19799515884958707,0,2
right_hip_roi,2.25.157462338378550185821790046400986801350,LEG_RIGHT,0,2,0.1488813816798552,0,1
right_hip_roi,2.25.158646777318759504110695916200521633609,LEG_RIGHT,0,9,0.13757812695814023,0,2
right_hip_roi,2.25.164566280810634620154538016595892212884,LEG_RIGHT,0,1,0.15730840935540988,0,1
right_hip_roi,2.25.165091430504580219034019815337441064349,LEG_RIGHT,0,2,0.33202413879044174,0,0
right_hip_roi,2.25.167344201679287285499405412654740659745,LEG_RIGHT,0,2,0.18263372058703534,0,2
right_hip_roi,2.25.16773626720107440979805052259711419763,LEG_RIGHT,0,5,0.5731298151450657,1,1
right_hip_roi,2.25.168317503020329569414190677927680518621,LEG_RIGHT,0,4,0.14511610537594377,0,1
right_hip_roi,2.25.172445998420765569384934552191547932566,LEG_RIGHT,0,1,0.21212144730686752,0,1
right_hip_roi,2.25.173753313169335820519632380691065649420,LEG_RIGHT,1,4,0.4151249000769428,0,2
right_hip_roi,2.25.175881661753775295785039265792986971602,LEG_RIGHT,0,2,0.11436612055887564,0,0
right_hip_roi,2.25.175903805423871105435148927871625232853,LEG_RIGHT,0,1,0.3717223707267444,0,2
right_hip_roi,2.25.17706555930735581384953296958427669848,LEG_RIGHT,0,2,0.5174136118941867,1,0
right_hip_roi,2.25.177745077805190810016231350557005569203,LEG_RIGHT,0,2,0.24199122887168625,0,0
right_hip_roi,2.25.181196659018348153828200695057897449628,LEG_RIGHT,0,5,0.472408506444341,0,0
right_hip_roi,2.25.184198356665635336833172191504278054074,LEG_RIGHT,0,1,0.20973667631527912,0,2
right_hip_roi,2.25.186201010600484120326273381077449377115,LEG_RIGHT,0,4,0.14277161174775743,0,0
right_hip_roi,2.25.190331309633057244929837507901317950031,LEG_RIGHT,0,4,0.2617321156489563,0,1
right_hip_roi,2.25.215177279960644564778148238928738915103,LEG_RIGHT,0,1,0.3425484608555394,0,2
right_hip_roi,2.25.217397325224876728316360420804118329081,LEG_RIGHT,0,4,0.38565546802362016,0,2
right_hip_roi,2.25.234651502352368356456298825489565282446,LEG_RIGHT,0,4,0.7583306947719883,1,0
right_hip_roi,2.25.247714038039430659432048101646401574824,LEG_RIGHT,0,1,0.08070453613180788,0,1
right_hip_roi,2.25.269648774413746842548908998641183395622,LEG_RIGHT,0,1,0.5084569488216907,1,1
right_hip_roi,2.25.272690031744216183651627058502316132741,LEG_RIGHT,0,4,0.31799255205709787,0,1
right_hip_roi,2.25.276415754443998872860614500027519740375,LEG_RIGHT,0,2,0.20565652472058799,0,2
right_hip_roi,2.25.277752758923974029595977676354128739670,LEG_RIGHT,0,2,0.34276302973868816,0,1
right_hip_roi,2.25.286999464611662854355201599068538813496,LEG_RIGHT,0,2,0.14458771963390077,0,2
right_hip_roi,2.25.29638026465755240167985424461715024381,LEG_RIGHT,0,2,0.25152459525898907,0,2
right_hip_roi,2.25.307021710202910067378603383388989711646,LEG_RIGHT,0,5,0.3094294183075563,0,0
right_hip_roi,2.25.309085571913348252136520206003694446566,LEG_RIGHT,0,1,0.6847699287268368,1,1
right_hip_roi,2.25.314147167453134440746270747484612743945,LEG_RIGHT,0,1,0.5542437665322546,1,2
right_hip_roi,2.25.339027809107632348165171236474821772940,LEG_RIGHT,0,2,0.21890738988161665,0,2
right_hip_roi,2.25.340839477910528898406207279980417945,LEG_RIGHT,0,1,0.26278865082032205,0,1
right_hip_roi,2.25.37515662379281069436632838996073181551,LEG_RIGHT,0,1,0.15141850471265875,0,1
right_hip_roi,2.25.39068163399801173920284179500049527111,LEG_RIGHT,0,1,0.24033013806879905,0,1
right_hip_roi,2.25.48906424954135283790354958243772558962,LEG_RIGHT,0,1,0.05688228555891921,0,2
right_hip_roi,2.25.52982400970721161435951723390541696819,LEG_RIGHT,0,3,0.3547837712305895,0,0
right_hip_roi,2.25.65954778282254353457041255543338557112,LEG_RIGHT,0,1,0.0846617246645738,0,2
right_hip_roi,2.25.66397484472966116002950503539482860450,LEG_RIGHT,0,4,0.5836801621183086,1,0
right_hip_roi,2.25.73070100851377917031356937075051545239,LEG_RIGHT,0,2,0.08869797663171962,0,0
right_hip_roi,2.25.76710355977373089612172037086913478687,LEG_RIGHT,0,1,0.11340647731704834,0,1
right_hip_roi,2.25.78999454687125053757525542837745968726,LEG_RIGHT,0,1,0.8481454149197796,1,0
right_hip_roi,2.25.82912555346523716720160717883917565880,LEG_RIGHT,0,2,0.14869896518070116,0,2
right_hip_roi,2.25.87869906212286587478854831452123526595,LEG_RIGHT,0,1,0.25586995232267007,0,0
right_hip_roi,2.25.91981043841368764114007975581101713077,LEG_RIGHT,0,5,0.41100743258710215,0,2
left_hip_rotation,1.2.840.113619.2.110.512719.20250403090444,LEG_LEFT,1,2,0.2513321640655165,0,0
left_hip_rotation,1.2.840.113619.2.110.512719.20250403092052,LEG_LEFT,0,2,0.6617220097640976,1,0
left_hip_rotation,1.2.840.113619.2.110.512719.20250407113211,LEG_LEFT,1,2,0.030662348727999757,0,1
left_hip_rotation,2.25.10245777060263212829333021434108890537,LEG_LEFT,0,1,0.5994512209184218,1,1
left_hip_rotation,2.25.102755089973625799055786462646268820450,LEG_LEFT,0,2,0.5046261378367773,1,1
left_hip_rotation,2.25.102965897799404973225419898683246248872,LEG_LEFT,0,1,0.7313045145265226,1,0
left_hip_rotation,2.25.103868781101960771917584077315578649178,LEG_LEFT,0,1,0.03405513902033516,0,2
left_hip_rotation,2.25.105033841136787477881326326053319223817,LEG_LEFT,0,2,0.5835998115427007,1,4
left_hip_rotation,2.25.11175860580562939441493697221497597640,LEG_LEFT,0,2,0.05522664464209872,0,0
left_hip_rotation,2.25.114887542067602662452692698814728642117,LEG_LEFT,1,4,0.05754583588254756,0,2
left_hip_rotation,2.25.116822802042655971810859435524105064465,LEG_LEFT,0,1,0.17519305850328215,0,2
left_hip_rotation,2.25.122446767306607067205618235949445789306,LEG_LEFT,1,2,0.18474823359354697,0,0
left_hip_rotation,2.25.124890633326693921702195356152595253940,LEG_LEFT,0,1,0.17266361900565058,0,1
left_hip_rotation,2.25.126293418391331346694592071563510265596,LEG_LEFT,1,1,0.8824480464312879,1,2
left_hip_rotation,2.25.127126130998341190348103034690069487890,LEG_LEFT,1,2,0.9455124856132266,1,4
left_hip_rotation,2.25.128990540359421489042453547244535073735,LEG_LEFT,1,2,0.7577173310689327,1,0
left_hip_rotation,2.25.129239680100193368599713239115902740628,LEG_LEFT,1,1,0.8334461877687175,1,3
left_hip_rotation,2.25.13069823278093578548407087310307113784,LEG_LEFT,0,1,0.28000192047673017,0,4
left_hip_rotation,2.25.132083163398091874662674590622589534350,LEG_LEFT,0,1,0.957421111962148,1,4
left_hip_rotation,2.25.132272637351979990811754009849547633391,LEG_LEFT,0,1,0.7480258924800306,1,2
left_hip_rotation,2.25.13325817932854000792938662637654885530,LEG_LEFT,0,5,0.30731834182300316,0,0
left_hip_rotation,2.25.134456506307367483341018281460841912845,LEG_LEFT,0,1,0.35847116073424085,0,3
left_hip_rotation,2.25.135241889065705954191821710363605596815,LEG_LEFT,0,1,0.7165496191873113,1,0
left_hip_rotation,2.25.137344827330550141320158285144101816664,LEG_LEFT,0,1,0.10688376813552504,0,1
left_hip_rotation,2.25.13983650679559142983913935144968795415,LEG_LEFT,0,2,0.49244138279458244,0,4
left_hip_rotation,2.25.144941557565802351596730914409170713112,LEG_LEFT,0,4,0.9054544496790524,1,4
left_hip_rotation,2.25.145848300160680194368420189079847088556,LEG_LEFT,1,1,0.16732412263815177,0,3
left_hip_rotation,2.25.151186844055172005615813066162721550889,LEG_LEFT,0,1,0.7867335809679856,1,2
left_hip_rotation,2.25.156021661584944120526934974594604520993,LEG_LEFT,0,4,0.1066162756532236,0,3
left_hip_rotation,2.25.156375884487675936513403083218009333856,LEG_LEFT,0,5,0.983008785335646,1,3
left_hip_rotation,2.25.156389075510671877606923458507011517218,LEG_LEFT,0,2,0.29718833495107255,0,1
left_hip_rotation,2.25.157462338378550185821790046400986801350,LEG_LEFT,1,2,0.544125980657473,1,4
left_hip_rotation,2.25.158646777318759504110695916200521633609,LEG_LEFT,0,10,0.4564315376021944,0,2
left_hip_rotation,2.25.164566280810634620154538016595892212884,LEG_LEFT,0,1,0.4574960826752586,0,3
left_hip_rotation,2.25.165091430504580219034019815337441064349,LEG_LEFT,1,2,0.07109789309262458,0,0
left_hip_rotation,2.25.165355673991587715046346525964554729786,LEG_LEFT,0,1,0.12914811990237315,0,2
left_hip_rotation,2.25.167344201679287285499405412654740659745,LEG_LEFT,0,2,0.553611570973479,1,0
left_hip_rotation,2.25.16773626720107440979805052259711419763,LEG_LEFT,0,4,0.03078464664135619,0,4
left_hip_rotation,2.25.168317503020329569414190677927680518621,LEG_LEFT,0,5,0.08791983751409539,0,3
left_hip_rotation,2.25.172445998420765569384934552191547932566,LEG_LEFT,0,1,0.40286962088536066,0,2
left_hip_rotation,2.25.173731186748227489808861376513577450951,LEG_LEFT,0,1,0.654687835186925,1,3
left_hip_rotation,2.25.173753313169335820519632380691065649420,LEG_LEFT,0,4,0.9972163032688854,1,4
left_hip_rotation,2.25.175881661753775295785039265792986971602,LEG_LEFT,0,1,0.9269982973561797,1,1
left_hip_rotation,2.25.175903805423871105435148927871625232853,LEG_LEFT,0,1,0.4886623579771685,0,4
left_hip_rotation,2.25.17706555930735581384953296958427669848,LEG_LEFT,0,2,0.00798081146896607,0,2
left_hip_rotation,2.25.177745077805190810016231350557005569203,LEG_LEFT,0,2,0.37173912084198557,0,3
left_hip_rotation,2.25.181196659018348153828200695057897449628,LEG_LEFT,0,5,0.8794585539575863,1,1
left_hip_rotation,2.25.184198356665635336833172191504278054074,LEG_LEFT,0,1,0.610648355045228,1,4
left_hip_rotation,2.25.186201010600484120326273381077449377115,LEG_LEFT,0,5,0.1488825649427305,0,0
left_hip_rotation,2.25.190331309633057244929837507901317950031,LEG_LEFT,0,4,0.7740488306013183,1,1
left_hip_rotation,2.25.190807933410234695931591553323782771995,LEG_LEFT,0,1,0.8748782175377509,1,3
left_hip_rotation,2.25.215177279960644564778148238928738915103,LEG_LEFT,1,2,0.04955894473512463,0,2
left_hip_rotation,2.25.217397325224876728316360420804118329081,LEG_LEFT,0,4,0.16151980984423286,0,0
left_hip_rotation,2.25.234651502352368356456298825489565282446,LEG_LEFT,1,4,0.8634997950305043,1,4
left_hip_rotation,2.25.247714038039430659432048101646401574824,LEG_LEFT,0,1,0.7293072800554947,1,4
left_hip_rotation,2.25.269648774413746842548908998641183395622,LEG_LEFT,0,1,0.23108526863156012,0,0
left_hip_rotation,2.25.272690031744216183651627058502316132741,LEG_LEFT,1,4,0.46138837591391474,0,1
left_hip_rotation,2.25.276415754443998872860614500027519740375,LEG_LEFT,0,2,0.7987240960670138,1,3
left_hip_rotation,2.25.277752758923974029595977676354128739670,LEG_LEFT,0,2,0.1634817524117449,0,0
left_hip_rotation,2.25.286999464611662854355201599068538813496,LEG_LEFT,0,2,0.11745553420208331,0,4
left_hip_rotation,2.25.29638026465755240167985424461715024381,LEG_LEFT,0,1,0.6045542043847364,1,1
left_hip_rotation,2.25.307021710202910067378603383388989711646,LEG_LEFT,0,4,0.8923643491889202,1,1
left_hip_rotation,2.25.309085571913348252136520206003694446566,LEG_LEFT,0,1,0.29769674471095625,0,2
left_hip_rotation,2.25.314147167453134440746270747484612743945,LEG_LEFT,0,1,0.24246621597483012,0,3
left_hip_rotation,2.25.339027809107632348165171236474821772940,LEG_LEFT,0,2,0.8361551011195429,1,2
left_hip_rotation,2.25.340839477910528898406207279980417945,LEG_LEFT,0,1,0.5882140986309901,1,4
left_hip_rotation,2.25.37515662379281069436632838996073181551,LEG_LEFT,0,1,0.16059468727522588,0,2
left_hip_rotation,2.25.39068163399801173920284179500049527111,LEG_LEFT,1,1,0.9494618641149806,1,3
left_hip_rotation,2.25.48906424954135283790354958243772558962,LEG_LEFT,1,1,0.0071018948956587695,0,1
left_hip_rotation,2.25.52982400970721161435951723390541696819,LEG_LEFT,0,3,0.6947794193482223,1,3
left_hip_rotation,2.25.65954778282254353457041255543338557112,LEG_LEFT,0,1,0.8031401643014701,1,1
left_hip_rotation,2.25.66397484472966116002950503539482860450,LEG_LEFT,1,4,0.41810224787307426,0,2
left_hip_rotation,2.25.73070100851377917031356937075051545239,LEG_LEFT,1,2,0.22363487903804005,0,3
left_hip_rotation,2.25.76710355977373089612172037086913478687,LEG_LEFT,0,1,0.5014750280438837,1,0
left_hip_rotation,2.25.78999454687125053757525542837745968726,LEG_LEFT,1,1,0.6071142162854107,1,1
left_hip_rotation,2.25.82912555346523716720160717883917565880,LEG_LEFT,0,2,0.8577055642203694,1,2
left_hip_rotation,2.25.87869906212286587478854831452123526595,LEG_LEFT,0,1,0.03138676842991708,0,1
left_hip_rotation,2.25.91981043841368764114007975581101713077,LEG_LEFT,0,4,0.23615452183359076,0,0
left_hip_roi,1.2.840.113619.2.110.512719.20250403090444,LEG_LEFT,0,2,0.3568612230735598,0,0
left_hip_roi,1.2.840.113619.2.110.512719.20250403092052,LEG_LEFT,0,2,0.4394489929657057,0,3
left_hip_roi,1.2.840.113619.2.110.512719.20250407113211,LEG_LEFT,0,2,0.2095668583830932,0,0
left_hip_roi,2.25.10245777060263212829333021434108890537,LEG_LEFT,0,1,0.2756586222892372,0,0
left_hip_roi,2.25.102755089973625799055786462646268820450,LEG_LEFT,0,2,0.9329268035118213,1,1
left_hip_roi,2.25.102965897799404973225419898683246248872,LEG_LEFT,0,1,0.2850948294785409,0,3
left_hip_roi,2.25.103868781101960771917584077315578649178,LEG_LEFT,0,1,0.1563416810400996,0,0
left_hip_roi,2.25.105033841136787477881326326053319223817,LEG_LEFT,0,2,0.3061836262070592,0,1
left_hip_roi,2.25.11175860580562939441493697221497597640,LEG_LEFT,0,2,0.08910839085135198,0,0
left_hip_roi,2.25.114887542067602662452692698814728642117,LEG_LEFT,0,4,0.25869892343339307,0,2
left_hip_roi,2.25.116822802042655971810859435524105064465,LEG_LEFT,0,1,0.240617315035673,0,3
left_hip_roi,2.25.122446767306607067205618235949445789306,LEG_LEFT,0,2,0.2128847496726836,0,1
left_hip_roi,2.25.124890633326693921702195356152595253940,LEG_LEFT,0,1,0.1854406953296763,0,0
left_hip_roi,2.25.126293418391331346694592071563510265596,LEG_LEFT,1,1,0.6233835516467506,1,2
left_hip_roi,2.25.127126130998341190348103034690069487890,LEG_LEFT,0,2,0.19277954721152596,0,2
left_hip_roi,2.25.128990540359421489042453547244535073735,LEG_LEFT,0,2,0.2927721446531816,0,0
left_hip_roi,2.25.129239680100193368599713239115902740628,LEG_LEFT,0,1,0.05831187922595464,0,1
left_hip_roi,2.25.13069823278093578548407087310307113784,LEG_LEFT,1,1,0.5814979500961237,1,1
left_hip_roi,2.25.132083163398091874662674590622589534350,LEG_LEFT,0,1,0.8160685314441879,1,3
left_hip_roi,2.25.132272637351979990811754009849547633391,LEG_LEFT,0,1,0.1186796117811495,0,2
left_hip_roi,2.25.13325817932854000792938662637654885530,LEG_LEFT,1,5,0.3866413723279162,0,3
left_hip_roi,2.25.134456506307367483341018281460841912845,LEG_LEFT,0,1,0.16598844639363333,0,1
left_hip_roi,2.25.135241889065705954191821710363605596815,LEG_LEFT,0,1,0.5866114339400953,1,2
left_hip_roi,2.25.137344827330550141320158285144101816664,LEG_LEFT,0,1,0.4066122702587975,0,3
left_hip_roi,2.25.13983650679559142983913935144968795415,LEG_LEFT,0,2,0.11373319278139718,0,0
left_hip_roi,2.25.144941557565802351596730914409170713112,LEG_LEFT,0,4,0.10121984642825754,0,1
left_hip_roi,2.25.145848300160680194368420189079847088556,LEG_LEFT,0,1,0.1704721146611102,0,2
left_hip_roi,2.25.151186844055172005615813066162721550889,LEG_LEFT,0,1,0.6151888526979463,1,3
left_hip_roi,2.25.156021661584944120526934974594604520993,LEG_LEFT,0,4,0.34098226811854043,0,0
left_hip_roi,2.25.156375884487675936513403083218009333856,LEG_LEFT,0,5,0.3903469781617954,0,3
left_hip_roi,2.25.156389075510671877606923458507011517218,LEG_LEFT,0,2,0.46324738151459105,0,2
left_hip_roi,2.25.157462338378550185821790046400986801350,LEG_LEFT,0,2,0.7535599557997372,1,1
left_hip_roi,2.25.158646777318759504110695916200521633609,LEG_LEFT,0,10,0.36601186336793706,0,2
left_hip_roi,2.25.164566280810634620154538016595892212884,LEG_LEFT,0,1,0.07552255469645262,0,2
left_hip_roi,2.25.165091430504580219034019815337441064349,LEG_LEFT,0,2,0.4877165007110602,0,1
left_hip_roi,2.25.165355673991587715046346525964554729786,LEG_LEFT,0,1,0.3263972976402061,0,3
left_hip_roi,2.25.167344201679287285499405412654740659745,LEG_LEFT,0,2,0.09502787739151004,0,1
left_hip_roi,2.25.16773626720107440979805052259711419763,LEG_LEFT,0,4,0.6107967650149242,1,2
left_hip_roi,2.25.168317503020329569414190677927680518621,LEG_LEFT,0,5,0.08585622413390895,0,0
left_hip_roi,2.25.172445998420765569384934552191547932566,LEG_LEFT,0,1,0.11153246007953736,0,2
left_hip_roi,2.25.173731186748227489808861376513577450951,LEG_LEFT,0,1,0.4313885476596503,0,0
left_hip_roi,2.25.173753313169335820519632380691065649420,LEG_LEFT,0,4,0.4159860097530144,0,0
left_hip_roi,2.25.175881661753775295785039265792986971602,LEG_LEFT,0,1,0.49623530208654393,0,2
left_hip_roi,2.25.175903805423871105435148927871625232853,LEG_LEFT,0,1,0.12722871707992023,0,0
left_hip_roi,2.25.17706555930735581384953296958427669848,LEG_LEFT,0,2,0.3247029730356139,0,3
left_hip_roi,2.25.177745077805190810016231350557005569203,LEG_LEFT,0,2,0.518748477988203,1,0
left_hip_roi,2.25.181196659018348153828200695057897449628,LEG_LEFT,0,5,0.3733373626009196,0,1
left_hip_roi,2.25.184198356665635336833172191504278054074,LEG_LEFT,0,1,0.42759584143223817,0,3
left_hip_roi,2.25.186201010600484120326273381077449377115,LEG_LEFT,0,5,0.07487007620621325,0,2
left_hip_roi,2.25.190331309633057244929837507901317950031,LEG_LEFT,0,4,0.44454008842966375,0,2
left_hip_roi,2.25.190807933410234695931591553323782771995,LEG_LEFT,0,1,0.12026280399609295,0,3
left_hip_roi,2.25.215177279960644564778148238928738915103,LEG_LEFT,0,2,0.20466590560525477,0,0
left_hip_roi,2.25.217397325224876728316360420804118329081,LEG_LEFT,0,4,0.3825255712826336,0,1
left_hip_roi,2.25.234651502352368356456298825489565282446,LEG_LEFT,0,4,0.24843479477983701,0,2
left_hip_roi,2.25.247714038039430659432048101646401574824,LEG_LEFT,0,1,0.25445335501312927,0,1
left_hip_roi,2.25.269648774413746842548908998641183395622,LEG_LEFT,0,1,0.5088930356040657,1,2
left_hip_roi,2.25.272690031744216183651627058502316132741,LEG_LEFT,0,4,0.3113921120506163,0,1
left_hip_roi,2.25.276415754443998872860614500027519740375,LEG_LEFT,0,2,0.24150217537872498,0,3
left_hip_roi,2.25.277752758923974029595977676354128739670,LEG_LEFT,1,2,0.30981582568330446,0,0
left_hip_roi,2.25.286999464611662854355201599068538813496,LEG_LEFT,0,2,0.40989632000552045,0,3
left_hip_roi,2.25.29638026465755240167985424461715024381,LEG_LEFT,0,1,0.19554979619141236,0,0
left_hip_roi,2.25.307021710202910067378603383388989711646,LEG_LEFT,0,4,0.05567042249911593,0,1
left_hip_roi,2.25.309085571913348252136520206003694446566,LEG_LEFT,0,1,0.10520059764730727,0,3
left_hip_roi,2.25.314147167453134440746270747484612743945,LEG_LEFT,0,1,0.5263615032986215,1,3
left_hip_roi,2.25.339027809107632348165171236474821772940,LEG_LEFT,0,2,0.6995819843531583,1,1
left_hip_roi,2.25.340839477910528898406207279980417945,LEG_LEFT,0,1,0.560186303763859,1,1
left_hip_roi,2.25.37515662379281069436632838996073181551,LEG_LEFT,0,1,0.20507783499308385,0,2
left_hip_roi,2.25.39068163399801173920284179500049527111,LEG_LEFT,0,1,0.2709006779788729,0,3
left_hip_roi,2.25.48906424954135283790354958243772558962,LEG_LEFT,0,1,0.09079323651473174,0,0
left_hip_roi,2.25.52982400970721161435951723390541696819,LEG_LEFT,0,3,0.19096233497833853,0,2
left_hip_roi,2.25.65954778282254353457041255543338557112,LEG_LEFT,0,1,0.1915556165371966,0,1
left_hip_roi,2.25.66397484472966116002950503539482860450,LEG_LEFT,0,4,0.736859778397539,1,0
left_hip_roi,2.25.73070100851377917031356937075051545239,LEG_LEFT,0,2,0.34395373008650154,0,1
left_hip_roi,2.25.76710355977373089612172037086913478687,LEG_LEFT,0,1,0.424494691543401,0,1
left_hip_roi,2.25.78999454687125053757525542837745968726,LEG_LEFT,0,1,0.11069338837745424,0,3
left_hip_roi,2.25.82912555346523716720160717883917565880,LEG_LEFT,0,2,0.08812802670313412,0,3
left_hip_roi,2.25.87869906212286587478854831452123526595,LEG_LEFT,0,1,0.30815045650934175,0,0
left_hip_roi,2.25.91981043841368764114007975581101713077,LEG_LEFT,0,4,0.6082070732326798,1,2
