source_row_id,relative_path,dicom_path,label,side,target_anatomy,metal_target,path_to_study,path_to_image,study_uid,image_uid,anatomical_region,quality_class,partial_quality_class,violation_type,qc_complete,checks_run,checks_skipped,processing_status,time_of_processing,background_threshold,anatomy_confidence,spine_axis_angle_deg,scoliosis_proxy_deg,anatomy_score_SPINE,anatomy_score_LEG_LEFT,anatomy_score_LEG_RIGHT,pixel_spacing_available,bone_mask_area_fraction,right_boundary_x_px,right_boundary_y_px,top_max_anchor_x_px,top_max_anchor_y_px,top_boundary_x_px,top_boundary_y_px,bottom_max_anchor_x_px,bottom_max_anchor_y_px,bottom_boundary_x_px,bottom_boundary_y_px,top_margin_mm,bottom_margin_mm,right_margin_mm,top_margin_ok,bottom_margin_ok,right_margin_ok,hip_roi_ok,metal_score,metal_score_is_calibrated_probability,metal_threshold,metal_pred,metal_pred_end_to_end,metal_score_end_to_end,metal_pred_given_target_leg,metal_score_given_target_leg,task_study,study,target_xlsx_spine_coverage,target_xlsx_spine_alignment,target_xlsx_spine_artifacts,target_xlsx_right_hip_position_rotation,target_xlsx_right_hip_roi,target_xlsx_left_hip_position_rotation,target_xlsx_left_hip_roi,target_xlsx_spine_total,target_xlsx_right_hip_total,target_xlsx_left_hip_total,target_xlsx_comment,target_xlsx_scoliosis_from_comment,anatomy_correct,target_properties,predicted_properties
447,2.25.52982400970721161435951723390541696819/series_001_2_CR/A2504331065 DXA/CR DXA/CR000006.dcm,C:\Users\Андрей\Desktop\Хакатон\Исследования\2.25.52982400970721161435951723390541696819\series_001_2_CR\A2504331065 DXA\CR DXA\CR000006.dcm,LEG,RIGHT,LEG_RIGHT,0.0,C:\Users\Андрей\Desktop\Хакатон\Исследования\2.25.52982400970721161435951723390541696819\series_001_2_CR\A2504331065 DXA\CR DXA,C:\Users\Андрей\Desktop\Хакатон\Исследования\2.25.52982400970721161435951723390541696819\series_001_2_CR\A2504331065 DXA\CR DXA\CR000006.dcm,1.2.643.5.1.13.13.12.2.77.8252.14030804041506011403100115131006,1.2.643.5.1.13.13.12.2.77.8252.14150614130710030701101012031106,LEG_RIGHT,UNKNOWN,QUALITY,,False,ANATOMY_ROUTER;METAL,HIP_ROI_NO_PIXEL_SPACING;HIP_POSITION_ROTATION_AUTO,Success,0.023598600004334003,0.003968254197388887,0.9999982118606567,,,3.0488533298012044e-07,1.4143972748570377e-06,0.9999982118606567,False,0.1953905091448344,216.0,97.0,52.0,271.0,114.0,2.0,216.0,99.0,216.0,99.0,,,,,,,,8.29005366540514e-05,False,0.0004172325134277344,0.0,0.0,8.29005366540514e-05,0.0,8.29005366540514e-05,2.25.52982400970721161435951723390541696819,2.25.52982400970721161435951723390541696819,1.0,0.0,0.0,0.0,0.0,0.0,0.0,1.0,0.0,0.0,"L6, люмбализация",0,True,position_rotation=0; roi=0; metal=0; total=0,hip_roi_ok=?; metal_pred=0; metal_score=0.000083
93,2.25.13069823278093578548407087310307113784/series_003_2_CR/A2507242667 DXA/CR DXA/CR000000.dcm,C:\Users\Андрей\Desktop\Хакатон\Исследования\2.25.13069823278093578548407087310307113784\series_003_2_CR\A2507242667 DXA\CR DXA\CR000000.dcm,LEG,LEFT,LEG_LEFT,0.0,C:\Users\Андрей\Desktop\Хакатон\Исследования\2.25.13069823278093578548407087310307113784\series_003_2_CR\A2507242667 DXA\CR DXA,C:\Users\Андрей\Desktop\Хакатон\Исследования\2.25.13069823278093578548407087310307113784\series_003_2_CR\A2507242667 DXA\CR DXA\CR000000.dcm,1.2.643.5.1.13.13.12.2.77.8252.01101508090608101115020806060015,1.2.643.5.1.13.13.12.2.77.8252.12051101030200021506031210090702,LEG_LEFT,UNKNOWN,QUALITY,,False,ANATOMY_ROUTER;METAL,HIP_ROI_NO_PIXEL_SPACING;HIP_POSITION_ROTATION_AUTO,Success,0.01493280000431696,0.003968254197388887,0.9995951056480408,,,2.904784560087137e-05,0.9995951056480408,0.00037589611019939184,False,0.1980755894590846,178.0,203.0,178.0,203.0,178.0,203.0,41.0,81.0,154.0,203.0,,,,,,,,1.8895445464295335e-05,False,0.0004172325134277344,0.0,0.0,1.8895445464295335e-05,0.0,1.8895445464295335e-05,2.25.13069823278093578548407087310307113784,2.25.13069823278093578548407087310307113784,0.0,0.0,0.0,0.0,1.0,0.0,1.0,0.0,1.0,1.0,,0,True,position_rotation=0; roi=1; metal=0; total=1,hip_roi_ok=?; metal_pred=0; metal_score=0.000019
230,2.25.167344201679287285499405412654740659745/series_003_2_CR/A2504249537 DXA/CR DXA/CR000005.dcm,C:\Users\Андрей\Desktop\Хакатон\Исследования\2.25.167344201679287285499405412654740659745\series_003_2_CR\A2504249537 DXA\CR DXA\CR000005.dcm,LEG,RIGHT,LEG_RIGHT,0.0,C:\Users\Андрей\Desktop\Хакатон\Исследования\2.25.167344201679287285499405412654740659745\series_003_2_CR\A2504249537 DXA\CR DXA,C:\Users\Андрей\Desktop\Хакатон\Исследования\2.25.167344201679287285499405412654740659745\series_003_2_CR\A2504249537 DXA\CR DXA\CR000005.dcm,1.2.643.5.1.13.13.12.2.77.8252.11061310061408070513110011010800,1.2.643.5.1.13.13.12.2.77.8252.10110808050405011511051303070302,LEG_RIGHT,UNKNOWN,QUALITY,,False,ANATOMY_ROUTER;METAL,HIP_ROI_NO_PIXEL_SPACING;HIP_POSITION_ROTATION_AUTO,Success,0.025209500003256835,0.003968254197388887,0.9999991655349731,,,1.7932909202045266e-07,5.985223197058076e-07,0.9999991655349731,False,0.16902964959568734,224.0,84.0,96.0,196.0,120.0,2.0,224.0,85.0,224.0,85.0,,,,,,,,6.352972832246451e-06,False,0.0004172325134277344,0.0,0.0,6.352972832246451e-06,0.0,6.352972832246451e-06,2.25.167344201679287285499405412654740659745,2.25.167344201679287285499405412654740659745,0.0,0.0,0.0,0.0,0.0,0.0,0.0,0.0,0.0,0.0,,0,True,position_rotation=0; roi=0; metal=0; total=0,hip_roi_ok=?; metal_pred=0; metal_score=0.000006
240,2.25.16773626720107440979805052259711419763/series_004_2_CR/A2507537392 DXA/CR DXA/CR000009.dcm,C:\Users\Андрей\Desktop\Хакатон\Исследования\2.25.16773626720107440979805052259711419763\series_004_2_CR\A2507537392 DXA\CR DXA\CR000009.dcm,LEG,LEFT,LEG_LEFT,0.0,C:\Users\Андрей\Desktop\Хакатон\Исследования\2.25.16773626720107440979805052259711419763\series_004_2_CR\A2507537392 DXA\CR DXA,C:\Users\Андрей\Desktop\Хакатон\Исследования\2.25.16773626720107440979805052259711419763\series_004_2_CR\A2507537392 DXA\CR DXA\CR000009.dcm,1.2.643.5.1.13.13.12.2.77.8252.09131109110213080611001502040813,1.2.643.5.1.13.13.12.2.77.8252.09020303070910070711011409031209,LEG_LEFT,UNKNOWN,QUALITY,,False,ANATOMY_ROUTER;METAL,HIP_ROI_NO_PIXEL_SPACING;HIP_POSITION_ROTATION_AUTO,Success,0.02014190000045346,0.003968254197388887,0.9999933242797852,,,4.208050654597173e-07,0.9999933242797852,6.294676950346911e-06,False,0.18043240284619594,213.0,144.0,179.0,212.0,206.0,143.0,49.0,74.0,162.0,258.0,,,,,,,,1.7211534213856794e-05,False,0.0004172325134277344,0.0,0.0,1.7211534213856794e-05,0.0,1.7211534213856794e-05,2.25.16773626720107440979805052259711419763,2.25.16773626720107440979805052259711419763,0.0,0.0,0.0,0.0,0.0,0.0,0.0,0.0,0.0,0.0,,0,True,position_rotation=0; roi=0; metal=0; total=0,hip_roi_ok=?; metal_pred=0; metal_score=0.000017
90,2.25.128990540359421489042453547244535073735/series_002_2_CR/A2507388698 DXA/CR DXA/CR000004.dcm,C:\Users\Андрей\Desktop\Хакатон\Исследования\2.25.128990540359421489042453547244535073735\series_002_2_CR\A2507388698 DXA\CR DXA\CR000004.dcm,SPINE,,SPINE,,C:\Users\Андрей\Desktop\Хакатон\Исследования\2.25.128990540359421489042453547244535073735\series_002_2_CR\A2507388698 DXA\CR DXA,C:\Users\Андрей\Desktop\Хакатон\Исследования\2.25.128990540359421489042453547244535073735\series_002_2_CR\A2507388698 DXA\CR DXA\CR000004.dcm,1.2.643.5.1.13.13.12.2.77.8252.10140103050104100015110907140800,1.2.643.5.1.13.13.12.2.77.8252.04071014120313000711051010091409,SPINE,UNKNOWN,QUALITY,,False,ANATOMY_ROUTER;SPINE_ALIGNMENT;SCOLIOSIS_PROXY_SCORE,SCOLIOSIS_DECISION;SPINE_ARTIFACT;SPINE_ROI;SPINE_COVERAGE,Success,0.03441490000113845,0.00401606410741806,0.999872088432312,0.08532920283469426,8.799341051116414,0.999872088432312,5.814175165141933e-05,6.967049557715654e-05,,,,,,,,,,,,,,,,,,,,,,,,,,,,2.25.128990540359421489042453547244535073735,2.25.128990540359421489042453547244535073735,1.0,0.0,0.0,1.0,0.0,1.0,0.0,1.0,1.0,1.0,,0,True,alignment=0; coverage=1; artifacts=0; total=1,axis_angle_deg=0.085; scoliosis_proxy_deg=8.799; coverage_ok=?
421,2.25.338439598607961312040815816824093323492/series_002_2_CR/A2504147124 DXA/CR DXA/CR000000.dcm,C:\Users\Андрей\Desktop\Хакатон\Исследования\2.25.338439598607961312040815816824093323492\series_002_2_CR\A2504147124 DXA\CR DXA\CR000000.dcm,SPINE,,SPINE,,C:\Users\Андрей\Desktop\Хакатон\Исследования\2.25.338439598607961312040815816824093323492\series_002_2_CR\A2504147124 DXA\CR DXA,C:\Users\Андрей\Desktop\Хакатон\Исследования\2.25.338439598607961312040815816824093323492\series_002_2_CR\A2504147124 DXA\CR DXA\CR000000.dcm,1.2.643.5.1.13.13.12.2.77.8252.09061205050201001102041514000912,1.2.643.5.1.13.13.12.2.77.8252.13110108131113110013070512051310,SPINE,VIOLATION,VIOLATION,SPINE_ALIGNMENT,False,ANATOMY_ROUTER;SPINE_ALIGNMENT;SCOLIOSIS_PROXY_SCORE,SCOLIOSIS_DECISION;SPINE_ARTIFACT;SPINE_ROI;SPINE_COVERAGE,Success,0.03737379999802215,0.003968254197388887,0.9998780488967896,6.319098121021092,28.707112421893594,0.9998780488967896,4.545460978988558e-05,7.650598854525015e-05,,,,,,,,,,,,,,,,,,,,,,,,,,,,2.25.338439598607961312040815816824093323492,2.25.338439598607961312040815816824093323492,0.0,0.0,1.0,,,,,1.0,,,сколиоз,1,True,alignment=0; coverage=0; artifacts=1; total=1,axis_angle_deg=6.319; scoliosis_proxy_deg=28.707; coverage_ok=?
481,2.25.82912555346523716720160717883917565880/series_002_2_CR/A2504149480 DXA/CR DXA/CR000004.dcm,C:\Users\Андрей\Desktop\Хакатон\Исследования\2.25.82912555346523716720160717883917565880\series_002_2_CR\A2504149480 DXA\CR DXA\CR000004.dcm,LEG,RIGHT,LEG_RIGHT,0.0,C:\Users\Андрей\Desktop\Хакатон\Исследования\2.25.82912555346523716720160717883917565880\series_002_2_CR\A2504149480 DXA\CR DXA,C:\Users\Андрей\Desktop\Хакатон\Исследования\2.25.82912555346523716720160717883917565880\series_002_2_CR\A2504149480 DXA\CR DXA\CR000004.dcm,1.2.643.5.1.13.13.12.2.77.8252.07120201111314111500000602130205,1.2.643.5.1.13.13.12.2.77.8252.13130903011502030304101506090814,LEG_RIGHT,UNKNOWN,QUALITY,,False,ANATOMY_ROUTER;METAL,HIP_ROI_NO_PIXEL_SPACING;HIP_POSITION_ROTATION_AUTO,Success,0.03725119999580784,0.003968254197388887,0.9999943971633911,,,1.516568886472669e-06,4.013327725260751e-06,0.9999943971633911,False,0.17168463611859838,213.0,103.0,60.0,251.0,128.0,2.0,213.0,103.0,213.0,103.0,,,,,,,,3.983723581768572e-05,False,0.0004172325134277344,0.0,0.0,3.983723581768572e-05,0.0,3.983723581768572e-05,2.25.82912555346523716720160717883917565880,2.25.82912555346523716720160717883917565880,0.0,0.0,0.0,1.0,0.0,0.0,0.0,0.0,1.0,0.0,Хороший пример ротации,0,True,position_rotation=1; roi=0; metal=0; total=1,hip_roi_ok=?; metal_pred=0; metal_score=0.000040
176,2.25.156389075510671877606923458507011517218/series_001_2_CR/A2507389755 DXA/CR DXA/CR000005.dcm,C:\Users\Андрей\Desktop\Хакатон\Исследования\2.25.156389075510671877606923458507011517218\series_001_2_CR\A2507389755 DXA\CR DXA\CR000005.dcm,LEG,RIGHT,LEG_RIGHT,0.0,C:\Users\Андрей\Desktop\Хакатон\Исследования\2.25.156389075510671877606923458507011517218\series_001_2_CR\A2507389755 DXA\CR DXA,C:\Users\Андрей\Desktop\Хакатон\Исследования\2.25.156389075510671877606923458507011517218\series_001_2_CR\A2507389755 DXA\CR DXA\CR000005.dcm,1.2.643.5.1.13.13.12.2.77.8252.14051001011001020103110813110612,1.2.643.5.1.13.13.12.2.77.8252.06010215090214010805091400020206,LEG_RIGHT,UNKNOWN,QUALITY,,False,ANATOMY_ROUTER;METAL,HIP_ROI_NO_PIXEL_SPACING;HIP_POSITION_ROTATION_AUTO,Success,0.025197399998432957,0.003968254197388887,0.999954342842102,,,3.3244630230910843e-06,4.231166167301126e-05,0.999954342842102,False,0.19088796477495107,255.0,109.0,136.0,222.0,156.0,2.0,255.0,117.0,255.0,117.0,,,,,,,,1.5628442270099185e-05,False,0.0004172325134277344,0.0,0.0,1.5628442270099185e-05,0.0,1.5628442270099185e-05,2.25.156389075510671877606923458507011517218,2.25.156389075510671877606923458507011517218,0.0,0.0,0.0,0.0,0.0,0.0,0.0,0.0,0.0,0.0,,0,True,position_rotation=0; roi=0; metal=0; total=0,hip_roi_ok=?; metal_pred=0; metal_score=0.000016
180,2.25.157462338378550185821790046400986801350/series_001_2_CR/A2507498707 DXA/CR DXA/CR000003.dcm,C:\Users\Андрей\Desktop\Хакатон\Исследования\2.25.157462338378550185821790046400986801350\series_001_2_CR\A2507498707 DXA\CR DXA\CR000003.dcm,LEG,LEFT,LEG_LEFT,0.0,C:\Users\Андрей\Desktop\Хакатон\Исследования\2.25.157462338378550185821790046400986801350\series_001_2_CR\A2507498707 DXA\CR DXA,C:\Users\Андрей\Desktop\Хакатон\Исследования\2.25.157462338378550185821790046400986801350\series_001_2_CR\A2507498707 DXA\CR DXA\CR000003.dcm,1.2.643.5.1.13.13.12.2.77.8252.04090607151301101110121009081500,1.2.643.5.1.13.13.12.2.77.8252.01041213150709070704090905040703,LEG_LEFT,UNKNOWN,QUALITY,,False,ANATOMY_ROUTER;METAL,HIP_ROI_NO_PIXEL_SPACING;HIP_POSITION_ROTATION_AUTO,Success,0.024262700004328508,0.003968254197388887,0.999962568283081,,,2.3755662823532475e-06,0.999962568283081,3.5033961466979235e-05,False,0.16398176291793312,185.0,126.0,156.0,191.0,182.0,126.0,52.0,99.0,143.0,232.0,,,,,,,,0.00014540694246534258,False,0.0004172325134277344,0.0,0.0,0.00014540694246534258,0.0,0.00014540694246534258,2.25.157462338378550185821790046400986801350,2.25.157462338378550185821790046400986801350,0.0,0.0,0.0,1.0,0.0,1.0,0.0,0.0,1.0,1.0,,0,True,position_rotation=1; roi=0; metal=0; total=1,hip_roi_ok=?; metal_pred=0; metal_score=0.000145
485,2.25.87869906212286587478854831452123526595/series_002_2_CR/A250419699 DXA/CR DXA/CR000001.dcm,C:\Users\Андрей\Desktop\Хакатон\Исследования\2.25.87869906212286587478854831452123526595\series_002_2_CR\A250419699 DXA\CR DXA\CR000001.dcm,SPINE,,SPINE,,C:\Users\Андрей\Desktop\Хакатон\Исследования\2.25.87869906212286587478854831452123526595\series_002_2_CR\A250419699 DXA\CR DXA,C:\Users\Андрей\Desktop\Хакатон\Исследования\2.25.87869906212286587478854831452123526595\series_002_2_CR\A250419699 DXA\CR DXA\CR000001.dcm,1.2.643.5.1.13.13.12.2.77.8252.09131504151204000006060612091203,1.2.643.5.1.13.13.12.2.77.8252.04050904100201141507070306131511,SPINE,UNKNOWN,QUALITY,,False,ANATOMY_ROUTER;SPINE_ALIGNMENT;SCOLIOSIS_PROXY_SCORE,SCOLIOSIS_DECISION;SPINE_ARTIFACT;SPINE_ROI;SPINE_COVERAGE,Success,0.03818969999701949,0.00401606410741806,0.9996919631958008,3.982363594853821,48.252283508813704,0.9996919631958008,9.016282274387777e-05,0.00021781970281153917,,,,,,,,,,,,,,,,,,,,,,,,,,,,2.25.87869906212286587478854831452123526595,2.25.87869906212286587478854831452123526595,0.0,0.0,1.0,0.0,0.0,0.0,0.0,1.0,0.0,0.0,,0,True,alignment=0; coverage=0; artifacts=1; total=1,axis_angle_deg=3.982; scoliosis_proxy_deg=48.252; coverage_ok=?
203,2.25.158646777318759504110695916200521633609/series_004_2_CR/A2507266260 DXA/CR DXA/CR000008.dcm,C:\Users\Андрей\Desktop\Хакатон\Исследования\2.25.158646777318759504110695916200521633609\series_004_2_CR\A2507266260 DXA\CR DXA\CR000008.dcm,SPINE,,SPINE,,C:\Users\Андрей\Desktop\Хакатон\Исследования\2.25.158646777318759504110695916200521633609\series_004_2_CR\A2507266260 DXA\CR DXA,C:\Users\Андрей\Desktop\Хакатон\Исследования\2.25.158646777318759504110695916200521633609\series_004_2_CR\A2507266260 DXA\CR DXA\CR000008.dcm,1.2.643.5.1.13.13.12.2.77.8252.10030514041010111403040803061004,1.2.643.5.1.13.13.12.2.77.8252.05050408000609040210110603090612,SPINE,VIOLATION,VIOLATION,SPINE_ALIGNMENT,False,ANATOMY_ROUTER;SPINE_ALIGNMENT;SCOLIOSIS_PROXY_SCORE,SCOLIOSIS_DECISION;SPINE_ARTIFACT;SPINE_ROI;SPINE_COVERAGE,Success,0.04042040000058478,0.003968254197388887,0.9998750686645508,-9.612014920310793,46.85113484391652,0.9998750686645508,4.571674799080938e-05,7.913517765700817e-05,,,,,,,,,,,,,,,,,,,,,,,,,,,,2.25.158646777318759504110695916200521633609,2.25.158646777318759504110695916200521633609,0.0,0.0,1.0,0.0,0.0,0.0,0.0,1.0,0.0,0.0,,0,True,alignment=0; coverage=0; artifacts=1; total=1,axis_angle_deg=-9.612; scoliosis_proxy_deg=46.851; coverage_ok=?
216,2.25.164566280810634620154538016595892212884/series_001_2_CR/A2504291878 DXA Exam/CR DXA Images/CR000002.dcm,C:\Users\Андрей\Desktop\Хакатон\Исследования\2.25.164566280810634620154538016595892212884\series_001_2_CR\A2504291878 DXA Exam\CR DXA Images\CR000002.dcm,LEG,LEFT,LEG_LEFT,0.0,C:\Users\Андрей\Desktop\Хакатон\Исследования\2.25.164566280810634620154538016595892212884\series_001_2_CR\A2504291878 DXA Exam\CR DXA Images,C:\Users\Андрей\Desktop\Хакатон\Исследования\2.25.164566280810634620154538016595892212884\series_001_2_CR\A2504291878 DXA Exam\CR DXA Images\CR000002.dcm,1.2.643.5.1.13.13.12.2.77.8252.11031305020803120210110303010607,1.2.643.5.1.13.13.12.2.77.8252.00071210060602011311010906021407,LEG_LEFT,UNKNOWN,QUALITY,,False,ANATOMY_ROUTER;METAL,HIP_ROI_NO_PIXEL_SPACING;HIP_POSITION_ROTATION_AUTO,Success,0.01862059999984922,0.003968254197388887,0.9992478489875793,,,7.646049198228866e-06,0.9992478489875793,0.0007444935035891831,False,0.3538810900082576,229.0,215.0,229.0,213.0,229.0,213.0,10.0,50.0,160.0,343.0,,,,,,,,2.9476868803612888e-05,False,0.0004172325134277344,0.0,0.0,2.9476868803612888e-05,0.0,2.9476868803612888e-05,2.25.164566280810634620154538016595892212884,2.25.164566280810634620154538016595892212884,1.0,0.0,0.0,1.0,0.0,0.0,0.0,1.0,1.0,0.0,,0,True,position_rotation=0; roi=0; metal=0; total=0,hip_roi_ok=?; metal_pred=0; metal_score=0.000029
200,2.25.158646777318759504110695916200521633609/series_004_2_CR/A2507266260 DXA/CR DXA/CR000005.dcm,C:\Users\Андрей\Desktop\Хакатон\Исследования\2.25.158646777318759504110695916200521633609\series_004_2_CR\A2507266260 DXA\CR DXA\CR000005.dcm,SPINE,,SPINE,,C:\Users\Андрей\Desktop\Хакатон\Исследования\2.25.158646777318759504110695916200521633609\series_004_2_CR\A2507266260 DXA\CR DXA,C:\Users\Андрей\Desktop\Хакатон\Исследования\2.25.158646777318759504110695916200521633609\series_004_2_CR\A2507266260 DXA\CR DXA\CR000005.dcm,1.2.643.5.1.13.13.12.2.77.8252.10030514041010111403040803061004,1.2.643.5.1.13.13.12.2.77.8252.14020109130502120101091201060702,SPINE,VIOLATION,VIOLATION,SPINE_ALIGNMENT,False,ANATOMY_ROUTER;SPINE_ALIGNMENT;SCOLIOSIS_PROXY_SCORE,SCOLIOSIS_DECISION;SPINE_ARTIFACT;SPINE_ROI;SPINE_COVERAGE,Success,0.02822609999566339,0.003968254197388887,0.9998750686645508,-9.612014920310793,46.85113484391652,0.9998750686645508,4.571674799080938e-05,7.913517765700817e-05,,,,,,,,,,,,,,,,,,,,,,,,,,,,2.25.158646777318759504110695916200521633609,2.25.158646777318759504110695916200521633609,0.0,0.0,1.0,0.0,0.0,0.0,0.0,1.0,0.0,0.0,,0,True,alignment=0; coverage=0; artifacts=1; total=1,axis_angle_deg=-9.612; scoliosis_proxy_deg=46.851; coverage_ok=?
312,2.25.186201010600484120326273381077449377115/series_004_2_CR/A250777475 DXA/CR DXA/CR000004.dcm,C:\Users\Андрей\Desktop\Хакатон\Исследования\2.25.186201010600484120326273381077449377115\series_004_2_CR\A250777475 DXA\CR DXA\CR000004.dcm,LEG,LEFT,LEG_LEFT,0.0,C:\Users\Андрей\Desktop\Хакатон\Исследования\2.25.186201010600484120326273381077449377115\series_004_2_CR\A250777475 DXA\CR DXA,C:\Users\Андрей\Desktop\Хакатон\Исследования\2.25.186201010600484120326273381077449377115\series_004_2_CR\A250777475 DXA\CR DXA\CR000004.dcm,1.2.643.5.1.13.13.12.2.77.8252.04030111120106061513080209011000,1.2.643.5.1.13.13.12.2.77.8252.13051209051006081503100907110310,LEG_LEFT,UNKNOWN,QUALITY,,False,ANATOMY_ROUTER;METAL,HIP_ROI_NO_PIXEL_SPACING;HIP_POSITION_ROTATION_AUTO,Success,0.018710900003497954,0.003968254197388887,0.9999892711639404,,,3.7280278775142506e-06,0.9999892711639404,6.964050044189207e-06,False,0.18891625615763546,210.0,132.0,168.0,199.0,209.0,125.0,47.0,70.0,149.0,258.0,,,,,,,,1.0007946002588142e-05,False,0.0004172325134277344,0.0,0.0,1.0007946002588142e-05,0.0,1.0007946002588142e-05,2.25.186201010600484120326273381077449377115,2.25.186201010600484120326273381077449377115,0.0,0.0,0.0,0.0,0.0,0.0,0.0,0.0,0.0,0.0,,0,True,position_rotation=0; roi=0; metal=0; total=0,hip_roi_ok=?; metal_pred=0; metal_score=0.000010
201,2.25.158646777318759504110695916200521633609/series_004_2_CR/A2507266260 DXA/CR DXA/CR000006.dcm,C:\Users\Андрей\Desktop\Хакатон\Исследования\2.25.158646777318759504110695916200521633609\series_004_2_CR\A2507266260 DXA\CR DXA\CR000006.dcm,LEG,LEFT,LEG_LEFT,0.0,C:\Users\Андрей\Desktop\Хакатон\Исследования\2.25.158646777318759504110695916200521633609\series_004_2_CR\A2507266260 DXA\CR DXA,C:\Users\Андрей\Desktop\Хакатон\Исследования\2.25.158646777318759504110695916200521633609\series_004_2_CR\A2507266260 DXA\CR DXA\CR000006.dcm,1.2.643.5.1.13.13.12.2.77.8252.10030514041010111403040803061004,1.2.643.5.1.13.13.12.2.77.8252.10080501080902141107071310080400,LEG_LEFT,UNKNOWN,QUALITY,,False,ANATOMY_ROUTER;METAL,HIP_ROI_NO_PIXEL_SPACING;HIP_POSITION_ROTATION_AUTO,Success,0.013793499994790182,0.003968254197388887,0.9999842643737793,,,5.959907412034227e-07,0.9999842643737793,1.5120700481929816e-05,False,0.18431784478497282,214.0,134.0,189.0,190.0,214.0,133.0,59.0,92.0,172.0,286.0,,,,,,,,0.0001327780628344044,False,0.0004172325134277344,0.0,0.0,0.0001327780628344044,0.0,0.0001327780628344044,2.25.158646777318759504110695916200521633609,2.25.158646777318759504110695916200521633609,0.0,0.0,1.0,0.0,0.0,0.0,0.0,1.0,0.0,0.0,,0,True,position_rotation=0; roi=0; metal=0; total=0,hip_roi_ok=?; metal_pred=0; metal_score=0.000133
134,2.25.144941557565802351596730914409170713112/series_001_2_CR/A250728979 DXA/CR DXA/CR000003.dcm,C:\Users\Андрей\Desktop\Хакатон\Исследования\2.25.144941557565802351596730914409170713112\series_001_2_CR\A250728979 DXA\CR DXA\CR000003.dcm,LEG,RIGHT,LEG_RIGHT,0.0,C:\Users\Андрей\Desktop\Хакатон\Исследования\2.25.144941557565802351596730914409170713112\series_001_2_CR\A250728979 DXA\CR DXA,C:\Users\Андрей\Desktop\Хакатон\Исследования\2.25.144941557565802351596730914409170713112\series_001_2_CR\A250728979 DXA\CR DXA\CR000003.dcm,1.2.643.5.1.13.13.12.2.77.8252.06041008131200110706010301000604,1.2.643.5.1.13.13.12.2.77.8252.03000804151513141409051310151514,LEG_RIGHT,UNKNOWN,QUALITY,,False,ANATOMY_ROUTER;METAL,HIP_ROI_NO_PIXEL_SPACING;HIP_POSITION_ROTATION_AUTO,Success,0.019164399993314873,0.003968254197388887,0.9999862909317017,,,3.0174051062203944e-06,1.076160424418049e-05,0.9999862909317017,False,0.1927771855010661,206.0,156.0,82.0,215.0,114.0,2.0,148.0,135.0,201.0,162.0,,,,,,,,3.654765532701276e-05,False,0.0004172325134277344,0.0,0.0,3.654765532701276e-05,0.0,3.654765532701276e-05,2.25.144941557565802351596730914409170713112,2.25.144941557565802351596730914409170713112,0.0,0.0,0.0,1.0,0.0,0.0,0.0,0.0,1.0,0.0,,0,True,position_rotation=1; roi=0; metal=0; total=1,hip_roi_ok=?; metal_pred=0; metal_score=0.000037
369,2.25.272690031744216183651627058502316132741/series_002_2_CR/A2504373414 DXA/CR DXA/CR000001.dcm,C:\Users\Андрей\Desktop\Хакатон\Исследования\2.25.272690031744216183651627058502316132741\series_002_2_CR\A2504373414 DXA\CR DXA\CR000001.dcm,SPINE,,SPINE,,C:\Users\Андрей\Desktop\Хакатон\Исследования\2.25.272690031744216183651627058502316132741\series_002_2_CR\A2504373414 DXA\CR DXA,C:\Users\Андрей\Desktop\Хакатон\Исследования\2.25.272690031744216183651627058502316132741\series_002_2_CR\A2504373414 DXA\CR DXA\CR000001.dcm,1.2.643.5.1.13.13.12.2.77.8252.15120712020613071211131414040509,1.2.643.5.1.13.13.12.2.77.8252.06030606140315081407041104141012,SPINE,UNKNOWN,QUALITY,,False,ANATOMY_ROUTER;SPINE_ALIGNMENT;SCOLIOSIS_PROXY_SCORE,SCOLIOSIS_DECISION;SPINE_ARTIFACT;SPINE_ROI;SPINE_COVERAGE,Success,0.03401309999753721,0.003968254197388887,0.9999306201934814,-2.697643465572426,0.5569790920165296,0.9999306201934814,1.3304488675203174e-05,5.5970151151996106e-05,,,,,,,,,,,,,,,,,,,,,,,,,,,,2.25.272690031744216183651627058502316132741,2.25.272690031744216183651627058502316132741,0.0,0.0,0.0,0.0,0.0,1.0,0.0,0.0,0.0,1.0,,0,True,alignment=0; coverage=0; artifacts=0; total=0,axis_angle_deg=-2.698; scoliosis_proxy_deg=0.557; coverage_ok=?
41,2.25.11175860580562939441493697221497597640/series_003_2_CR/A2507431060 DXA/CR DXA/CR000001.dcm,C:\Users\Андрей\Desktop\Хакатон\Исследования\2.25.11175860580562939441493697221497597640\series_003_2_CR\A2507431060 DXA\CR DXA\CR000001.dcm,SPINE,,SPINE,,C:\Users\Андрей\Desktop\Хакатон\Исследования\2.25.11175860580562939441493697221497597640\series_003_2_CR\A2507431060 DXA\CR DXA,C:\Users\Андрей\Desktop\Хакатон\Исследования\2.25.11175860580562939441493697221497597640\series_003_2_CR\A2507431060 DXA\CR DXA\CR000001.dcm,1.2.643.5.1.13.13.12.2.77.8252.01021511080002000006040601030906,1.2.643.5.1.13.13.12.2.77.8252.11051001091403121310010813110103,SPINE,UNKNOWN,QUALITY,,False,ANATOMY_ROUTER;SPINE_ALIGNMENT;SCOLIOSIS_PROXY_SCORE,SCOLIOSIS_DECISION;SPINE_ARTIFACT;SPINE_ROI;SPINE_COVERAGE,Success,0.037611799998558126,0.00401606410741806,0.9999700784683228,3.172317333615109,94.98575447517581,0.9999700784683228,7.28099212210509e-06,2.260452492919285e-05,,,,,,,,,,,,,,,,,,,,,,,,,,,,2.25.11175860580562939441493697221497597640,2.25.11175860580562939441493697221497597640,0.0,0.0,1.0,,,0.0,0.0,1.0,,0.0,правое бедро эндопротезирования,0,True,alignment=0; coverage=0; artifacts=1; total=1,axis_angle_deg=3.172; scoliosis_proxy_deg=94.986; coverage_ok=?
80,2.25.127126130998341190348103034690069487890/series_002_2_CR/A250428736 DXA/CR DXA/CR000005.dcm,C:\Users\Андрей\Desktop\Хакатон\Исследования\2.25.127126130998341190348103034690069487890\series_002_2_CR\A250428736 DXA\CR DXA\CR000005.dcm,LEG,RIGHT,LEG_RIGHT,0.0,C:\Users\Андрей\Desktop\Хакатон\Исследования\2.25.127126130998341190348103034690069487890\series_002_2_CR\A250428736 DXA\CR DXA,C:\Users\Андрей\Desktop\Хакатон\Исследования\2.25.127126130998341190348103034690069487890\series_002_2_CR\A250428736 DXA\CR DXA\CR000005.dcm,1.2.643.5.1.13.13.12.2.77.8252.01100712050309061210070903020211,1.2.643.5.1.13.13.12.2.77.8252.03020502031409151006020306090105,LEG_RIGHT,UNKNOWN,QUALITY,,False,ANATOMY_ROUTER;METAL,HIP_ROI_NO_PIXEL_SPACING;HIP_POSITION_ROTATION_AUTO,Success,0.023380799997539725,0.003968254197388887,0.9999209642410278,,,1.0339877007936593e-05,6.8659421231132e-05,0.9999209642410278,False,0.21071428571428572,277.0,91.0,137.0,202.0,154.0,2.0,219.0,103.0,258.0,143.0,,,,,,,,1.1144446034450084e-05,False,0.0004172325134277344,0.0,0.0,1.1144446034450084e-05,0.0,1.1144446034450084e-05,2.25.127126130998341190348103034690069487890,2.25.127126130998341190348103034690069487890,0.0,1.0,0.0,1.0,1.0,1.0,0.0,0.0,1.0,1.0,перелом,0,True,position_rotation=1; roi=1; metal=0; total=1,hip_roi_ok=?; metal_pred=0; metal_score=0.000011
318,2.25.186201010600484120326273381077449377115/series_004_2_CR/A250777475 DXA/CR DXA/CR000010.dcm,C:\Users\Андрей\Desktop\Хакатон\Исследования\2.25.186201010600484120326273381077449377115\series_004_2_CR\A250777475 DXA\CR DXA\CR000010.dcm,SPINE,,SPINE,,C:\Users\Андрей\Desktop\Хакатон\Исследования\2.25.186201010600484120326273381077449377115\series_004_2_CR\A250777475 DXA\CR DXA,C:\Users\Андрей\Desktop\Хакатон\Исследования\2.25.186201010600484120326273381077449377115\series_004_2_CR\A250777475 DXA\CR DXA\CR000010.dcm,1.2.643.5.1.13.13.12.2.77.8252.04030111120106061513080209011000,1.2.643.5.1.13.13.12.2.77.8252.07061504011201061005090406100203,SPINE,UNKNOWN,QUALITY,,False,ANATOMY_ROUTER;SPINE_ALIGNMENT;SCOLIOSIS_PROXY_SCORE,SCOLIOSIS_DECISION;SPINE_ARTIFACT;SPINE_ROI;SPINE_COVERAGE,Success,0.044730399997206405,0.00401606410741806,0.9999539852142334,0.9534914732896232,0.9022065845098091,0.9999539852142334,3.644585012807511e-05,9.531653631711379e-06,,,,,,,,,,,,,,,,,,,,,,,,,,,,2.25.186201010600484120326273381077449377115,2.25.186201010600484120326273381077449377115,0.0,0.0,0.0,0.0,0.0,0.0,0.0,0.0,0.0,0.0,,0,True,alignment=0; coverage=0; artifacts=0; total=0,axis_angle_deg=0.953; scoliosis_proxy_deg=0.902; coverage_ok=?
368,2.25.272690031744216183651627058502316132741/series_002_2_CR/A2504373414 DXA/CR DXA/CR000000.dcm,C:\Users\Андрей\Desktop\Хакатон\Исследования\2.25.272690031744216183651627058502316132741\series_002_2_CR\A2504373414 DXA\CR DXA\CR000000.dcm,LEG,RIGHT,LEG_RIGHT,0.0,C:\Users\Андрей\Desktop\Хакатон\Исследования\2.25.272690031744216183651627058502316132741\series_002_2_CR\A2504373414 DXA\CR DXA,C:\Users\Андрей\Desktop\Хакатон\Исследования\2.25.272690031744216183651627058502316132741\series_002_2_CR\A2504373414 DXA\CR DXA\CR000000.dcm,1.2.643.5.1.13.13.12.2.77.8252.15120712020613071211131414040509,1.2.643.5.1.13.13.12.2.77.8252.01011201030601080312040805131303,LEG_RIGHT,UNKNOWN,QUALITY,,False,ANATOMY_ROUTER;METAL,HIP_ROI_NO_PIXEL_SPACING;HIP_POSITION_ROTATION_AUTO,Success,0.017136100002971943,0.003968254197388887,0.9999915361404419,,,2.147325403711875e-06,6.34286152489949e-06,0.9999915361404419,False,0.07885796152271797,213.0,8.0,209.0,8.0,210.0,8.0,122.0,6.0,171.0,145.0,,,,,,,,0.00028990147984586656,False,0.0004172325134277344,0.0,0.0,0.00028990147984586656,0.0,0.00028990147984586656,2.25.272690031744216183651627058502316132741,2.25.272690031744216183651627058502316132741,0.0,0.0,0.0,0.0,0.0,1.0,0.0,0.0,0.0,1.0,,0,True,position_rotation=0; roi=0; metal=0; total=0,hip_roi_ok=?; metal_pred=0; metal_score=0.000290
304,2.25.181196659018348153828200695057897449628/series_004_2_CR/A2507370620 DXA/CR DXA/CR000012.dcm,C:\Users\Андрей\Desktop\Хакатон\Исследования\2.25.181196659018348153828200695057897449628\series_004_2_CR\A2507370620 DXA\CR DXA\CR000012.dcm,LEG,RIGHT,LEG_RIGHT,0.0,C:\Users\Андрей\Desktop\Хакатон\Исследования\2.25.181196659018348153828200695057897449628\series_004_2_CR\A2507370620 DXA\CR DXA,C:\Users\Андрей\Desktop\Хакатон\Исследования\2.25.181196659018348153828200695057897449628\series_004_2_CR\A2507370620 DXA\CR DXA\CR000012.dcm,1.2.643.5.1.13.13.12.2.77.8252.04121102011402150303110508111305,1.2.643.5.1.13.13.12.2.77.8252.00110402080602151505051001010810,LEG_RIGHT,UNKNOWN,QUALITY,,False,ANATOMY_ROUTER;METAL,HIP_ROI_NO_PIXEL_SPACING;HIP_POSITION_ROTATION_AUTO,Success,0.02604849999625003,0.003968254197388887,0.9999914169311523,,,1.7866137795863324e-06,6.808258603996364e-06,0.9999914169311523,False,0.18203504043126684,229.0,116.0,86.0,208.0,136.0,2.0,169.0,116.0,194.0,155.0,,,,,,,,7.95949836174259e-06,False,0.0004172325134277344,0.0,0.0,7.95949836174259e-06,0.0,7.95949836174259e-06,2.25.181196659018348153828200695057897449628,2.25.181196659018348153828200695057897449628,0.0,0.0,0.0,0.0,0.0,0.0,0.0,0.0,0.0,0.0,,0,True,position_rotation=0; roi=0; metal=0; total=0,hip_roi_ok=?; metal_pred=0; metal_score=0.000008
271,2.25.173753313169335820519632380691065649420/series_003_2_CR/A2504265499 DXA/CR DXA/CR000010.dcm,C:\Users\Андрей\Desktop\Хакатон\Исследования\2.25.173753313169335820519632380691065649420\series_003_2_CR\A2504265499 DXA\CR DXA\CR000010.dcm,LEG,LEFT,LEG_LEFT,0.0,C:\Users\Андрей\Desktop\Хакатон\Исследования\2.25.173753313169335820519632380691065649420\series_003_2_CR\A2504265499 DXA\CR DXA,C:\Users\Андрей\Desktop\Хакатон\Исследования\2.25.173753313169335820519632380691065649420\series_003_2_CR\A2504265499 DXA\CR DXA\CR000010.dcm,1.2.643.5.1.13.13.12.2.77.8252.09090912081008051408101503020807,1.2.643.5.1.13.13.12.2.77.8252.13141514150708151311080810050711,LEG_LEFT,UNKNOWN,QUALITY,,False,ANATOMY_ROUTER;METAL,HIP_ROI_NO_PIXEL_SPACING;HIP_POSITION_ROTATION_AUTO,Success,0.027136000004247762,0.003968254197388887,0.9999735355377197,,,2.696747515074094e-06,0.9999735355377197,2.38096672546817e-05,False,0.17503013863773356,154.0,225.0,154.0,217.0,154.0,217.0,47.0,114.0,104.0,234.0,,,,,,,,4.785392957273871e-05,False,0.0004172325134277344,0.0,0.0,4.785392957273871e-05,0.0,4.785392957273871e-05,2.25.173753313169335820519632380691065649420,2.25.173753313169335820519632380691065649420,0.0,1.0,0.0,0.0,1.0,0.0,0.0,1.0,1.0,0.0,,0,True,position_rotation=0; roi=0; metal=0; total=0,hip_roi_ok=?; metal_pred=0; metal_score=0.000048
31,2.25.103868781101960771917584077315578649178/series_001_3_CR/A2507485409 DXA/CR DXA/CR000001.dcm,C:\Users\Андрей\Desktop\Хакатон\Исследования\2.25.103868781101960771917584077315578649178\series_001_3_CR\A2507485409 DXA\CR DXA\CR000001.dcm,LEG,RIGHT,LEG_RIGHT,0.0,C:\Users\Андрей\Desktop\Хакатон\Исследования\2.25.103868781101960771917584077315578649178\series_001_3_CR\A2507485409 DXA\CR DXA,C:\Users\Андрей\Desktop\Хакатон\Исследования\2.25.103868781101960771917584077315578649178\series_001_3_CR\A2507485409 DXA\CR DXA\CR000001.dcm,1.2.643.5.1.13.13.12.2.77.8252.01081208070113050704060608151002,1.2.643.5.1.13.13.12.2.77.8252.12051209130410130502141403101414,LEG_RIGHT,UNKNOWN,QUALITY,,False,ANATOMY_ROUTER;METAL,HIP_ROI_NO_PIXEL_SPACING;HIP_POSITION_ROTATION_AUTO,Success,0.015179199996055104,0.003968254197388887,0.9999911785125732,,,5.004138984077144e-06,3.792901907218038e-06,0.9999911785125732,False,0.16627232142857143,239.0,2.0,62.0,317.0,149.0,2.0,234.0,3.0,235.0,3.0,,,,,,,,4.942830128129572e-05,False,0.0004172325134277344,0.0,0.0,4.942830128129572e-05,0.0,4.942830128129572e-05,2.25.103868781101960771917584077315578649178,2.25.103868781101960771917584077315578649178,0.0,0.0,0.0,0.0,0.0,0.0,0.0,0.0,0.0,0.0,сколиоз,1,True,position_rotation=0; roi=0; metal=0; total=0,hip_roi_ok=?; metal_pred=0; metal_score=0.000049
346,2.25.217397325224876728316360420804118329081/series_002_2_CR/A250474631 DXA/CR DXA/CR000008.dcm,C:\Users\Андрей\Desktop\Хакатон\Исследования\2.25.217397325224876728316360420804118329081\series_002_2_CR\A250474631 DXA\CR DXA\CR000008.dcm,LEG,RIGHT,LEG_RIGHT,0.0,C:\Users\Андрей\Desktop\Хакатон\Исследования\2.25.217397325224876728316360420804118329081\series_002_2_CR\A250474631 DXA\CR DXA,C:\Users\Андрей\Desktop\Хакатон\Исследования\2.25.217397325224876728316360420804118329081\series_002_2_CR\A250474631 DXA\CR DXA\CR000008.dcm,1.2.643.5.1.13.13.12.2.77.8252.15060506051311040306151405130812,1.2.643.5.1.13.13.12.2.77.8252.14010614131006141014100714050813,LEG_RIGHT,UNKNOWN,QUALITY,,False,ANATOMY_ROUTER;METAL,HIP_ROI_NO_PIXEL_SPACING;HIP_POSITION_ROTATION_AUTO,Success,0.024411999998847023,0.003968254197388887,0.9999470710754395,,,5.376694844017038e-06,4.752228414872661e-05,0.9999470710754395,False,0.161048632218845,242.0,109.0,114.0,208.0,154.0,2.0,184.0,110.0,229.0,146.0,,,,,,,,4.32184970122762e-06,False,0.0004172325134277344,0.0,0.0,4.32184970122762e-06,0.0,4.32184970122762e-06,2.25.217397325224876728316360420804118329081,2.25.217397325224876728316360420804118329081,0.0,0.0,0.0,0.0,0.0,0.0,0.0,0.0,0.0,0.0,,0,True,position_rotation=0; roi=0; metal=0; total=0,hip_roi_ok=?; metal_pred=0; metal_score=0.000004
44,2.25.11175860580562939441493697221497597640/series_003_2_CR/A2507431060 DXA/CR DXA/CR000004.dcm,C:\Users\Андрей\Desktop\Хакатон\Исследования\2.25.11175860580562939441493697221497597640\series_003_2_CR\A2507431060 DXA\CR DXA\CR000004.dcm,SPINE,,SPINE,,C:\Users\Андрей\Desktop\Хакатон\Исследования\2.25.11175860580562939441493697221497597640\series_003_2_CR\A2507431060 DXA\CR DXA,C:\Users\Андрей\Desktop\Хакатон\Исследования\2.25.11175860580562939441493697221497597640\series_003_2_CR\A2507431060 DXA\CR DXA\CR000004.dcm,1.2.643.5.1.13.13.12.2.77.8252.01021511080002000006040601030906,1.2.643.5.1.13.13.12.2.77.8252.13030903151515081500090603041412,SPINE,UNKNOWN,QUALITY,,False,ANATOMY_ROUTER;SPINE_ALIGNMENT;SCOLIOSIS_PROXY_SCORE,SCOLIOSIS_DECISION;SPINE_ARTIFACT;SPINE_ROI;SPINE_COVERAGE,Success,0.0460839000006672,0.00401606410741806,0.9999700784683228,3.172317333615109,94.98575447517581,0.9999700784683228,7.28099212210509e-06,2.260452492919285e-05,,,,,,,,,,,,,,,,,,,,,,,,,,,,2.25.11175860580562939441493697221497597640,2.25.11175860580562939441493697221497597640,0.0,0.0,1.0,,,0.0,0.0,1.0,,0.0,правое бедро эндопротезирования,0,True,alignment=0; coverage=0; artifacts=1; total=1,axis_angle_deg=3.172; scoliosis_proxy_deg=94.986; coverage_ok=?
376,2.25.272690031744216183651627058502316132741/series_002_2_CR/A2504373414 DXA/CR DXA/CR000008.dcm,C:\Users\Андрей\Desktop\Хакатон\Исследования\2.25.272690031744216183651627058502316132741\series_002_2_CR\A2504373414 DXA\CR DXA\CR000008.dcm,LEG,LEFT,LEG_LEFT,0.0,C:\Users\Андрей\Desktop\Хакатон\Исследования\2.25.272690031744216183651627058502316132741\series_002_2_CR\A2504373414 DXA\CR DXA,C:\Users\Андрей\Desktop\Хакатон\Исследования\2.25.272690031744216183651627058502316132741\series_002_2_CR\A2504373414 DXA\CR DXA\CR000008.dcm,1.2.643.5.1.13.13.12.2.77.8252.15120712020613071211131414040509,1.2.643.5.1.13.13.12.2.77.8252.03130108120702021004141402130400,LEG_LEFT,UNKNOWN,QUALITY,,False,ANATOMY_ROUTER;METAL,HIP_ROI_NO_PIXEL_SPACING;HIP_POSITION_ROTATION_AUTO,Success,0.021596999999019317,0.003968254197388887,0.99997878074646,,,3.3411613458156353e-06,0.99997878074646,1.7865137124317698e-05,False,0.18253348214285714,186.0,165.0,162.0,190.0,180.0,160.0,52.0,107.0,126.0,317.0,,,,,,,,0.0003611172433011234,False,0.0004172325134277344,0.0,0.0,0.0003611172433011234,0.0,0.0003611172433011234,2.25.272690031744216183651627058502316132741,2.25.272690031744216183651627058502316132741,0.0,0.0,0.0,0.0,0.0,1.0,0.0,0.0,0.0,1.0,,0,True,position_rotation=1; roi=0; metal=0; total=1,hip_roi_ok=?; metal_pred=0; metal_score=0.000361
406,2.25.307021710202910067378603383388989711646/series_004_2_CR/A2504110565 DXA/CR DXA/CR000004.dcm,C:\Users\Андрей\Desktop\Хакатон\Исследования\2.25.307021710202910067378603383388989711646\series_004_2_CR\A2504110565 DXA\CR DXA\CR000004.dcm,LEG,LEFT,LEG_LEFT,0.0,C:\Users\Андрей\Desktop\Хакатон\Исследования\2.25.307021710202910067378603383388989711646\series_004_2_CR\A2504110565 DXA\CR DXA,C:\Users\Андрей\Desktop\Хакатон\Исследования\2.25.307021710202910067378603383388989711646\series_004_2_CR\A2504110565 DXA\CR DXA\CR000004.dcm,1.2.643.5.1.13.13.12.2.77.8252.04040806101100130101150009051415,1.2.643.5.1.13.13.12.2.77.8252.09020610121102091006070609000414,LEG_LEFT,UNKNOWN,QUALITY,,False,ANATOMY_ROUTER;METAL,HIP_ROI_NO_PIXEL_SPACING;HIP_POSITION_ROTATION_AUTO,Success,0.021406300002126954,0.003968254197388887,0.9999979734420776,,,5.911555831517035e-07,0.9999979734420776,1.4720563967784983e-06,False,0.15828840970350405,179.0,137.0,143.0,182.0,178.0,134.0,42.0,61.0,127.0,262.0,,,,,,,,7.427401578752324e-05,False,0.0004172325134277344,0.0,0.0,7.427401578752324e-05,0.0,7.427401578752324e-05,2.25.307021710202910067378603383388989711646,2.25.307021710202910067378603383388989711646,0.0,0.0,1.0,0.0,0.0,0.0,0.0,1.0,0.0,0.0,,0,True,position_rotation=0; roi=0; metal=0; total=0,hip_roi_ok=?; metal_pred=0; metal_score=0.000074
448,2.25.52982400970721161435951723390541696819/series_001_2_CR/A2504331065 DXA/CR DXA/CR000007.dcm,C:\Users\Андрей\Desktop\Хакатон\Исследования\2.25.52982400970721161435951723390541696819\series_001_2_CR\A2504331065 DXA\CR DXA\CR000007.dcm,LEG,LEFT,LEG_LEFT,0.0,C:\Users\Андрей\Desktop\Хакатон\Исследования\2.25.52982400970721161435951723390541696819\series_001_2_CR\A2504331065 DXA\CR DXA,C:\Users\Андрей\Desktop\Хакатон\Исследования\2.25.52982400970721161435951723390541696819\series_001_2_CR\A2504331065 DXA\CR DXA\CR000007.dcm,1.2.643.5.1.13.13.12.2.77.8252.14030804041506011403100115131006,1.2.643.5.1.13.13.12.2.77.8252.10071506040807070913151311141504,LEG_LEFT,UNKNOWN,QUALITY,,False,ANATOMY_ROUTER;METAL,HIP_ROI_NO_PIXEL_SPACING;HIP_POSITION_ROTATION_AUTO,Success,0.03360819999943487,0.003968254197388887,0.9999953508377075,,,1.0544465567363659e-07,0.9999953508377075,4.555400209937943e-06,False,0.17836134453781513,206.0,277.0,206.0,269.0,206.0,269.0,53.0,2.0,165.0,286.0,,,,,,,,8.493387213093229e-06,False,0.0004172325134277344,0.0,0.0,8.493387213093229e-06,0.0,8.493387213093229e-06,2.25.52982400970721161435951723390541696819,2.25.52982400970721161435951723390541696819,1.0,0.0,0.0,0.0,0.0,0.0,0.0,1.0,0.0,0.0,"L6, люмбализация",0,True,position_rotation=0; roi=0; metal=0; total=0,hip_roi_ok=?; metal_pred=0; metal_score=0.000008
343,2.25.217397325224876728316360420804118329081/series_002_2_CR/A250474631 DXA/CR DXA/CR000005.dcm,C:\Users\Андрей\Desktop\Хакатон\Исследования\2.25.217397325224876728316360420804118329081\series_002_2_CR\A250474631 DXA\CR DXA\CR000005.dcm,SPINE,,SPINE,,C:\Users\Андрей\Desktop\Хакатон\Исследования\2.25.217397325224876728316360420804118329081\series_002_2_CR\A250474631 DXA\CR DXA,C:\Users\Андрей\Desktop\Хакатон\Исследования\2.25.217397325224876728316360420804118329081\series_002_2_CR\A250474631 DXA\CR DXA\CR000005.dcm,1.2.643.5.1.13.13.12.2.77.8252.15060506051311040306151405130812,1.2.643.5.1.13.13.12.2.77.8252.13021514070905140715121507140313,SPINE,UNKNOWN,QUALITY,,False,ANATOMY_ROUTER;SPINE_ALIGNMENT;SCOLIOSIS_PROXY_SCORE,SCOLIOSIS_DECISION;SPINE_ARTIFACT;SPINE_ROI;SPINE_COVERAGE,Success,0.043036600000050385,0.003968254197388887,0.9999642372131348,-0.06913081504296512,60.204738678045324,0.9999642372131348,1.0846307304746006e-05,2.4912305889301933e-05,,,,,,,,,,,,,,,,,,,,,,,,,,,,2.25.217397325224876728316360420804118329081,2.25.217397325224876728316360420804118329081,0.0,0.0,0.0,0.0,0.0,0.0,0.0,0.0,0.0,0.0,,0,True,alignment=0; coverage=0; artifacts=0; total=0,axis_angle_deg=-0.069; scoliosis_proxy_deg=60.205; coverage_ok=?
