sample_id,source_row,region,column,group,variant,image_path,geometry_path,source_relative_path,source_study_uid,spacing_basis,row_spacing_mm,col_spacing_mm,spine_position,spine_axis,spine_artifact,hip_position,hip_roi,hip_rotation,spine_axis_angle_deg,hip_roi_top_cm,hip_roi_bottom_cm,hip_roi_lateral_cm,trochanter_between_area_px2,trochanter_curve_crossings,trochanter_area_fraction_roi,trochanter_partial
spine_01_row282,282,SPINE,0,source,source,C:\Users\Андрей\Desktop\Хакатон\Исследования\2.25.17706555930735581384953296958427669848\series_004_3_CR\A2504146513 DXA\CR DXA\CR000002.dcm,geometry/spine_01_row282_0.json,2.25.17706555930735581384953296958427669848/series_004_3_CR/A2504146513 DXA/CR DXA/CR000002.dcm,1.2.643.5.1.13.13.12.2.77.8252.15150900091406150103131401151205,not_applicable,,,0,0,1,,,,3.246367252847649,,,,,,,
spine_01_row282,282,SPINE,1,positive,half_Th12_axis_1.68,images/SPINE/spine_01_row282_1.dcm,geometry/spine_01_row282_1.json,2.25.17706555930735581384953296958427669848/series_004_3_CR/A2504146513 DXA/CR DXA/CR000002.dcm,1.2.643.5.1.13.13.12.2.77.8252.15150900091406150103131401151205,not_applicable,,,0,0,1,,,,1.2126057080731794,,,,,,,
spine_01_row282,282,SPINE,2,negative_position,crop_right_crest,images/SPINE/spine_01_row282_2.dcm,geometry/spine_01_row282_2.json,2.25.17706555930735581384953296958427669848/series_004_3_CR/A2504146513 DXA/CR DXA/CR000002.dcm,1.2.643.5.1.13.13.12.2.77.8252.15150900091406150103131401151205,not_applicable,,,1,0,1,,,,-0.09527850120468667,,,,,,,
spine_01_row282,282,SPINE,3,negative_position,crop_both_crests_bottom,images/SPINE/spine_01_row282_3.dcm,geometry/spine_01_row282_3.json,2.25.17706555930735581384953296958427669848/series_004_3_CR/A2504146513 DXA/CR DXA/CR000002.dcm,1.2.643.5.1.13.13.12.2.77.8252.15150900091406150103131401151205,not_applicable,,,1,0,1,,,,1.664803756753455,,,,,,,
spine_01_row282,282,SPINE,4,negative_axis_or_roi,axis_target_-6.46,images/SPINE/spine_01_row282_4.dcm,geometry/spine_01_row282_4.json,2.25.17706555930735581384953296958427669848/series_004_3_CR/A2504146513 DXA/CR DXA/CR000002.dcm,1.2.643.5.1.13.13.12.2.77.8252.15150900091406150103131401151205,not_applicable,,,1,1,1,,,,-9.152584440706564,,,,,,,
spine_01_row282,282,SPINE,5,negative_axis_or_roi,axis_target_7.84,images/SPINE/spine_01_row282_5.dcm,geometry/spine_01_row282_5.json,2.25.17706555930735581384953296958427669848/series_004_3_CR/A2504146513 DXA/CR DXA/CR000002.dcm,1.2.643.5.1.13.13.12.2.77.8252.15150900091406150103131401151205,not_applicable,,,1,1,1,,,,6.257434298146215,,,,,,,
spine_02_row257,257,SPINE,0,source,source,C:\Users\Андрей\Desktop\Хакатон\Исследования\2.25.172445998420765569384934552191547932566\series_004_2_CR\A2507368766 DXA\CR DXA\CR000000.dcm,geometry/spine_02_row257_0.json,2.25.172445998420765569384934552191547932566/series_004_2_CR/A2507368766 DXA/CR DXA/CR000000.dcm,1.2.643.5.1.13.13.12.2.77.8252.07141114011403010702060406101512,not_applicable,,,0,0,1,,,,3.449918399284949,,,,,,,
spine_02_row257,257,SPINE,1,positive,half_Th12_axis_3.39,images/SPINE/spine_02_row257_1.dcm,geometry/spine_02_row257_1.json,2.25.172445998420765569384934552191547932566/series_004_2_CR/A2507368766 DXA/CR DXA/CR000000.dcm,1.2.643.5.1.13.13.12.2.77.8252.07141114011403010702060406101512,not_applicable,,,0,0,1,,,,3.148756008173379,,,,,,,
spine_02_row257,257,SPINE,2,negative_position,crop_both_crests_bottom,images/SPINE/spine_02_row257_2.dcm,geometry/spine_02_row257_2.json,2.25.172445998420765569384934552191547932566/series_004_2_CR/A2507368766 DXA/CR DXA/CR000000.dcm,1.2.643.5.1.13.13.12.2.77.8252.07141114011403010702060406101512,not_applicable,,,1,0,,,,,3.680139275152949,,,,,,,
spine_02_row257,257,SPINE,3,negative_position,crop_Th12,images/SPINE/spine_02_row257_3.dcm,geometry/spine_02_row257_3.json,2.25.172445998420765569384934552191547932566/series_004_2_CR/A2507368766 DXA/CR DXA/CR000000.dcm,1.2.643.5.1.13.13.12.2.77.8252.07141114011403010702060406101512,not_applicable,,,1,0,1,,,,1.7089643176978526,,,,,,,
spine_02_row257,257,SPINE,4,negative_axis_or_roi,axis_target_11.97,images/SPINE/spine_02_row257_4.dcm,geometry/spine_02_row257_4.json,2.25.172445998420765569384934552191547932566/series_004_2_CR/A2507368766 DXA/CR DXA/CR000000.dcm,1.2.643.5.1.13.13.12.2.77.8252.07141114011403010702060406101512,not_applicable,,,1,1,1,,,,13.539796329112228,,,,,,,
spine_02_row257,257,SPINE,5,negative_axis_or_roi,axis_target_-13.32,images/SPINE/spine_02_row257_5.dcm,geometry/spine_02_row257_5.json,2.25.172445998420765569384934552191547932566/series_004_2_CR/A2507368766 DXA/CR DXA/CR000000.dcm,1.2.643.5.1.13.13.12.2.77.8252.07141114011403010702060406101512,not_applicable,,,1,1,,,,,-9.024844987109558,,,,,,,
spine_03_row174,174,SPINE,0,source,source,C:\Users\Андрей\Desktop\Хакатон\Исследования\2.25.156389075510671877606923458507011517218\series_001_2_CR\A2507389755 DXA\CR DXA\CR000002.dcm,geometry/spine_03_row174_0.json,2.25.156389075510671877606923458507011517218/series_001_2_CR/A2507389755 DXA/CR DXA/CR000002.dcm,1.2.643.5.1.13.13.12.2.77.8252.14051001011001020103110813110612,not_applicable,,,0,0,0,,,,-0.7475251819101734,,,,,,,
spine_03_row174,174,SPINE,1,positive,half_Th12_axis_-0.09,images/SPINE/spine_03_row174_1.dcm,geometry/spine_03_row174_1.json,2.25.156389075510671877606923458507011517218/series_001_2_CR/A2507389755 DXA/CR DXA/CR000002.dcm,1.2.643.5.1.13.13.12.2.77.8252.14051001011001020103110813110612,not_applicable,,,0,0,0,,,,-0.2872253352616525,,,,,,,
spine_03_row174,174,SPINE,2,negative_position,crop_left_crest,images/SPINE/spine_03_row174_2.dcm,geometry/spine_03_row174_2.json,2.25.156389075510671877606923458507011517218/series_001_2_CR/A2507389755 DXA/CR DXA/CR000002.dcm,1.2.643.5.1.13.13.12.2.77.8252.14051001011001020103110813110612,not_applicable,,,1,0,0,,,,-0.2912322530494814,,,,,,,
spine_03_row174,174,SPINE,3,negative_position,crop_both_crests_bottom,images/SPINE/spine_03_row174_3.dcm,geometry/spine_03_row174_3.json,2.25.156389075510671877606923458507011517218/series_001_2_CR/A2507389755 DXA/CR DXA/CR000002.dcm,1.2.643.5.1.13.13.12.2.77.8252.14051001011001020103110813110612,not_applicable,,,1,0,0,,,,-3.399593049522602,,,,,,,
spine_03_row174,174,SPINE,4,negative_axis_or_roi,axis_target_-7.45,images/SPINE/spine_03_row174_4.dcm,geometry/spine_03_row174_4.json,2.25.156389075510671877606923458507011517218/series_001_2_CR/A2507389755 DXA/CR DXA/CR000002.dcm,1.2.643.5.1.13.13.12.2.77.8252.14051001011001020103110813110612,not_applicable,,,0,1,0,,,,-8.41280760263551,,,,,,,
spine_03_row174,174,SPINE,5,negative_axis_or_roi,axis_target_18.14,images/SPINE/spine_03_row174_5.dcm,geometry/spine_03_row174_5.json,2.25.156389075510671877606923458507011517218/series_001_2_CR/A2507389755 DXA/CR DXA/CR000002.dcm,1.2.643.5.1.13.13.12.2.77.8252.14051001011001020103110813110612,not_applicable,,,1,1,0,,,,18.322545676865833,,,,,,,
spine_04_row353,353,SPINE,0,source,source,C:\Users\Андрей\Desktop\Хакатон\Исследования\2.25.234651502352368356456298825489565282446\series_002_2_CR\A2504307193 DXA\CR DXA\CR000002.dcm,geometry/spine_04_row353_0.json,2.25.234651502352368356456298825489565282446/series_002_2_CR/A2504307193 DXA/CR DXA/CR000002.dcm,1.2.643.5.1.13.13.12.2.77.8252.11000715091405120315010100101510,not_applicable,,,0,0,0,,,,1.1334343421802968,,,,,,,
spine_04_row353,353,SPINE,1,positive,half_Th12_axis_-0.48,images/SPINE/spine_04_row353_1.dcm,geometry/spine_04_row353_1.json,2.25.234651502352368356456298825489565282446/series_002_2_CR/A2504307193 DXA/CR DXA/CR000002.dcm,1.2.643.5.1.13.13.12.2.77.8252.11000715091405120315010100101510,not_applicable,,,0,0,0,,,,-1.166801271221967,,,,,,,
spine_04_row353,353,SPINE,2,negative_position,crop_left_crest,images/SPINE/spine_04_row353_2.dcm,geometry/spine_04_row353_2.json,2.25.234651502352368356456298825489565282446/series_002_2_CR/A2504307193 DXA/CR DXA/CR000002.dcm,1.2.643.5.1.13.13.12.2.77.8252.11000715091405120315010100101510,not_applicable,,,1,0,0,,,,0.4491712930266371,,,,,,,
spine_04_row353,353,SPINE,3,negative_position,crop_Th12,images/SPINE/spine_04_row353_3.dcm,geometry/spine_04_row353_3.json,2.25.234651502352368356456298825489565282446/series_002_2_CR/A2504307193 DXA/CR DXA/CR000002.dcm,1.2.643.5.1.13.13.12.2.77.8252.11000715091405120315010100101510,not_applicable,,,1,0,0,,,,2.410064444987946,,,,,,,
spine_04_row353,353,SPINE,4,negative_axis_or_roi,axis_target_8.00,images/SPINE/spine_04_row353_4.dcm,geometry/spine_04_row353_4.json,2.25.234651502352368356456298825489565282446/series_002_2_CR/A2504307193 DXA/CR DXA/CR000002.dcm,1.2.643.5.1.13.13.12.2.77.8252.11000715091405120315010100101510,not_applicable,,,1,1,0,,,,9.216431698035244,,,,,,,
spine_04_row353,353,SPINE,5,negative_axis_or_roi,axis_target_-11.07,images/SPINE/spine_04_row353_5.dcm,geometry/spine_04_row353_5.json,2.25.234651502352368356456298825489565282446/series_002_2_CR/A2504307193 DXA/CR DXA/CR000002.dcm,1.2.643.5.1.13.13.12.2.77.8252.11000715091405120315010100101510,not_applicable,,,1,1,0,,,,-8.384505758634884,,,,,,,
spine_05_row117,117,SPINE,0,source,source,C:\Users\Андрей\Desktop\Хакатон\Исследования\2.25.134456506307367483341018281460841912845\series_002_2_CR\A2507120612 DXA\CR DXA\CR000001.dcm,geometry/spine_05_row117_0.json,2.25.134456506307367483341018281460841912845/series_002_2_CR/A2507120612 DXA/CR DXA/CR000001.dcm,1.2.643.5.1.13.13.12.2.77.8252.14001106061015010402061009020003,not_applicable,,,0,0,0,,,,2.790735131719451,,,,,,,
spine_05_row117,117,SPINE,1,positive,half_Th12_axis_2.67,images/SPINE/spine_05_row117_1.dcm,geometry/spine_05_row117_1.json,2.25.134456506307367483341018281460841912845/series_002_2_CR/A2507120612 DXA/CR DXA/CR000001.dcm,1.2.643.5.1.13.13.12.2.77.8252.14001106061015010402061009020003,not_applicable,,,0,0,0,,,,2.310882076591478,,,,,,,
spine_05_row117,117,SPINE,2,negative_position,crop_right_crest,images/SPINE/spine_05_row117_2.dcm,geometry/spine_05_row117_2.json,2.25.134456506307367483341018281460841912845/series_002_2_CR/A2507120612 DXA/CR DXA/CR000001.dcm,1.2.643.5.1.13.13.12.2.77.8252.14001106061015010402061009020003,not_applicable,,,1,0,0,,,,2.014851701355037,,,,,,,
spine_05_row117,117,SPINE,3,negative_position,crop_both_crests_bottom,images/SPINE/spine_05_row117_3.dcm,geometry/spine_05_row117_3.json,2.25.134456506307367483341018281460841912845/series_002_2_CR/A2507120612 DXA/CR DXA/CR000001.dcm,1.2.643.5.1.13.13.12.2.77.8252.14001106061015010402061009020003,not_applicable,,,1,0,0,,,,0.6336929088357164,,,,,,,
spine_05_row117,117,SPINE,4,negative_axis_or_roi,axis_target_-7.35,images/SPINE/spine_05_row117_4.dcm,geometry/spine_05_row117_4.json,2.25.134456506307367483341018281460841912845/series_002_2_CR/A2507120612 DXA/CR DXA/CR000001.dcm,1.2.643.5.1.13.13.12.2.77.8252.14001106061015010402061009020003,not_applicable,,,1,1,0,,,,-7.785140143296196,,,,,,,
spine_05_row117,117,SPINE,5,negative_axis_or_roi,axis_target_7.93,images/SPINE/spine_05_row117_5.dcm,geometry/spine_05_row117_5.json,2.25.134456506307367483341018281460841912845/series_002_2_CR/A2507120612 DXA/CR DXA/CR000001.dcm,1.2.643.5.1.13.13.12.2.77.8252.14001106061015010402061009020003,not_applicable,,,1,1,0,,,,6.372170621518575,,,,,,,
spine_06_row292,292,SPINE,0,source,source,C:\Users\Андрей\Desktop\Хакатон\Исследования\2.25.178533355209696795441380751187185128893\series_003_2_CR\A2507155452 DXA\CR DXA\CR000000.dcm,geometry/spine_06_row292_0.json,2.25.178533355209696795441380751187185128893/series_003_2_CR/A2507155452 DXA/CR DXA/CR000000.dcm,1.2.643.5.1.13.13.12.2.77.8252.05000609021402010711070801100904,not_applicable,,,0,0,0,,,,-2.229330078881271,,,,,,,
spine_06_row292,292,SPINE,1,positive,half_Th12_axis_-2.00,images/SPINE/spine_06_row292_1.dcm,geometry/spine_06_row292_1.json,2.25.178533355209696795441380751187185128893/series_003_2_CR/A2507155452 DXA/CR DXA/CR000000.dcm,1.2.643.5.1.13.13.12.2.77.8252.05000609021402010711070801100904,not_applicable,,,0,0,0,,,,-1.4859386053173587,,,,,,,
spine_06_row292,292,SPINE,2,negative_position,crop_Th12,images/SPINE/spine_06_row292_2.dcm,geometry/spine_06_row292_2.json,2.25.178533355209696795441380751187185128893/series_003_2_CR/A2507155452 DXA/CR DXA/CR000000.dcm,1.2.643.5.1.13.13.12.2.77.8252.05000609021402010711070801100904,not_applicable,,,1,0,0,,,,3.2609014903273126,,,,,,,
spine_06_row292,292,SPINE,3,negative_position,crop_Th12_and_next,images/SPINE/spine_06_row292_3.dcm,geometry/spine_06_row292_3.json,2.25.178533355209696795441380751187185128893/series_003_2_CR/A2507155452 DXA/CR DXA/CR000000.dcm,1.2.643.5.1.13.13.12.2.77.8252.05000609021402010711070801100904,not_applicable,,,1,0,0,,,,3.649865340119877,,,,,,,
spine_06_row292,292,SPINE,4,negative_axis_or_roi,axis_target_-15.61,images/SPINE/spine_06_row292_4.dcm,geometry/spine_06_row292_4.json,2.25.178533355209696795441380751187185128893/series_003_2_CR/A2507155452 DXA/CR DXA/CR000000.dcm,1.2.643.5.1.13.13.12.2.77.8252.05000609021402010711070801100904,not_applicable,,,1,1,0,,,,-8.934013007477562,,,,,,,
spine_06_row292,292,SPINE,5,negative_axis_or_roi,axis_target_13.71,images/SPINE/spine_06_row292_5.dcm,geometry/spine_06_row292_5.json,2.25.178533355209696795441380751187185128893/series_003_2_CR/A2507155452 DXA/CR DXA/CR000000.dcm,1.2.643.5.1.13.13.12.2.77.8252.05000609021402010711070801100904,not_applicable,,,1,1,0,,,,-14.907843385216799,,,,,,,
spine_07_row175,175,SPINE,0,source,source,C:\Users\Андрей\Desktop\Хакатон\Исследования\2.25.156389075510671877606923458507011517218\series_001_2_CR\A2507389755 DXA\CR DXA\CR000003.dcm,geometry/spine_07_row175_0.json,2.25.156389075510671877606923458507011517218/series_001_2_CR/A2507389755 DXA/CR DXA/CR000003.dcm,1.2.643.5.1.13.13.12.2.77.8252.14051001011001020103110813110612,not_applicable,,,0,0,0,,,,0.9811771423825011,,,,,,,
spine_07_row175,175,SPINE,1,positive,half_Th12_axis_-0.11,images/SPINE/spine_07_row175_1.dcm,geometry/spine_07_row175_1.json,2.25.156389075510671877606923458507011517218/series_001_2_CR/A2507389755 DXA/CR DXA/CR000003.dcm,1.2.643.5.1.13.13.12.2.77.8252.14051001011001020103110813110612,not_applicable,,,0,0,0,,,,-1.7210597026972962,,,,,,,
spine_07_row175,175,SPINE,2,negative_position,crop_Th12_and_next,images/SPINE/spine_07_row175_2.dcm,geometry/spine_07_row175_2.json,2.25.156389075510671877606923458507011517218/series_001_2_CR/A2507389755 DXA/CR DXA/CR000003.dcm,1.2.643.5.1.13.13.12.2.77.8252.14051001011001020103110813110612,not_applicable,,,1,0,0,,,,-2.9606225686972674,,,,,,,
spine_07_row175,175,SPINE,3,negative_position,crop_right_crest,images/SPINE/spine_07_row175_3.dcm,geometry/spine_07_row175_3.json,2.25.156389075510671877606923458507011517218/series_001_2_CR/A2507389755 DXA/CR DXA/CR000003.dcm,1.2.643.5.1.13.13.12.2.77.8252.14051001011001020103110813110612,not_applicable,,,1,0,0,,,,-2.798822476241179,,,,,,,
spine_07_row175,175,SPINE,4,negative_axis_or_roi,axis_target_6.99,images/SPINE/spine_07_row175_4.dcm,geometry/spine_07_row175_4.json,2.25.156389075510671877606923458507011517218/series_001_2_CR/A2507389755 DXA/CR DXA/CR000003.dcm,1.2.643.5.1.13.13.12.2.77.8252.14051001011001020103110813110612,not_applicable,,,1,1,0,,,,6.6584117478713765,,,,,,,
spine_07_row175,175,SPINE,5,negative_axis_or_roi,axis_target_19.71,images/SPINE/spine_07_row175_5.dcm,geometry/spine_07_row175_5.json,2.25.156389075510671877606923458507011517218/series_001_2_CR/A2507389755 DXA/CR DXA/CR000003.dcm,1.2.643.5.1.13.13.12.2.77.8252.14051001011001020103110813110612,not_applicable,,,1,1,0,,,,14.154670017138086,,,,,,,
spine_08_row103,103,SPINE,0,source,source,C:\Users\Андрей\Desktop\Хакатон\Исследования\2.25.13325817932854000792938662637654885530\series_002_2_CR\A2507365486 DXA\CR DXA\CR000000.dcm,geometry/spine_08_row103_0.json,2.25.13325817932854000792938662637654885530/series_002_2_CR/A2507365486 DXA/CR DXA/CR000000.dcm,1.2.643.5.1.13.13.12.2.77.8252.01011312130808040910091102031113,not_applicable,,,0,0,0,,,,3.1051236728423057,,,,,,,
spine_08_row103,103,SPINE,1,positive,half_Th12_axis_2.41,images/SPINE/spine_08_row103_1.dcm,geometry/spine_08_row103_1.json,2.25.13325817932854000792938662637654885530/series_002_2_CR/A2507365486 DXA/CR DXA/CR000000.dcm,1.2.643.5.1.13.13.12.2.77.8252.01011312130808040910091102031113,not_applicable,,,0,0,0,,,,1.5749614462843333,,,,,,,
spine_08_row103,103,SPINE,2,negative_position,crop_left_crest,images/SPINE/spine_08_row103_2.dcm,geometry/spine_08_row103_2.json,2.25.13325817932854000792938662637654885530/series_002_2_CR/A2507365486 DXA/CR DXA/CR000000.dcm,1.2.643.5.1.13.13.12.2.77.8252.01011312130808040910091102031113,not_applicable,,,1,0,0,,,,1.2587686437673204,,,,,,,
spine_08_row103,103,SPINE,3,negative_position,crop_Th12,images/SPINE/spine_08_row103_3.dcm,geometry/spine_08_row103_3.json,2.25.13325817932854000792938662637654885530/series_002_2_CR/A2507365486 DXA/CR DXA/CR000000.dcm,1.2.643.5.1.13.13.12.2.77.8252.01011312130808040910091102031113,not_applicable,,,1,0,0,,,,-0.6437198848931295,,,,,,,
spine_08_row103,103,SPINE,4,negative_axis_or_roi,axis_target_10.71,images/SPINE/spine_08_row103_4.dcm,geometry/spine_08_row103_4.json,2.25.13325817932854000792938662637654885530/series_002_2_CR/A2507365486 DXA/CR DXA/CR000000.dcm,1.2.643.5.1.13.13.12.2.77.8252.01011312130808040910091102031113,not_applicable,,,0,1,0,,,,14.331663360557066,,,,,,,
spine_08_row103,103,SPINE,5,negative_axis_or_roi,axis_target_15.39,images/SPINE/spine_08_row103_5.dcm,geometry/spine_08_row103_5.json,2.25.13325817932854000792938662637654885530/series_002_2_CR/A2507365486 DXA/CR DXA/CR000000.dcm,1.2.643.5.1.13.13.12.2.77.8252.01011312130808040910091102031113,not_applicable,,,1,1,0,,,,15.037225245589326,,,,,,,
spine_09_row357,357,SPINE,0,source,source,C:\Users\Андрей\Desktop\Хакатон\Исследования\2.25.234651502352368356456298825489565282446\series_002_2_CR\A2504307193 DXA\CR DXA\CR000006.dcm,geometry/spine_09_row357_0.json,2.25.234651502352368356456298825489565282446/series_002_2_CR/A2504307193 DXA/CR DXA/CR000006.dcm,1.2.643.5.1.13.13.12.2.77.8252.11000715091405120315010100101510,not_applicable,,,0,0,0,,,,1.1194842741122277,,,,,,,
spine_09_row357,357,SPINE,1,positive,half_Th12_axis_1.42,images/SPINE/spine_09_row357_1.dcm,geometry/spine_09_row357_1.json,2.25.234651502352368356456298825489565282446/series_002_2_CR/A2504307193 DXA/CR DXA/CR000006.dcm,1.2.643.5.1.13.13.12.2.77.8252.11000715091405120315010100101510,not_applicable,,,0,0,0,,,,1.2989729164262507,,,,,,,
spine_09_row357,357,SPINE,2,negative_position,crop_Th12,images/SPINE/spine_09_row357_2.dcm,geometry/spine_09_row357_2.json,2.25.234651502352368356456298825489565282446/series_002_2_CR/A2504307193 DXA/CR DXA/CR000006.dcm,1.2.643.5.1.13.13.12.2.77.8252.11000715091405120315010100101510,not_applicable,,,1,0,0,,,,2.8026667659202626,,,,,,,
spine_09_row357,357,SPINE,3,negative_position,crop_both_crests_bottom,images/SPINE/spine_09_row357_3.dcm,geometry/spine_09_row357_3.json,2.25.234651502352368356456298825489565282446/series_002_2_CR/A2504307193 DXA/CR DXA/CR000006.dcm,1.2.643.5.1.13.13.12.2.77.8252.11000715091405120315010100101510,not_applicable,,,1,0,0,,,,-1.4731545248090459,,,,,,,
spine_09_row357,357,SPINE,4,negative_axis_or_roi,axis_target_-6.94,images/SPINE/spine_09_row357_4.dcm,geometry/spine_09_row357_4.json,2.25.234651502352368356456298825489565282446/series_002_2_CR/A2504307193 DXA/CR DXA/CR000006.dcm,1.2.643.5.1.13.13.12.2.77.8252.11000715091405120315010100101510,not_applicable,,,1,1,0,,,,-13.581594838271418,,,,,,,
spine_09_row357,357,SPINE,5,negative_axis_or_roi,axis_target_8.94,images/SPINE/spine_09_row357_5.dcm,geometry/spine_09_row357_5.json,2.25.234651502352368356456298825489565282446/series_002_2_CR/A2504307193 DXA/CR DXA/CR000006.dcm,1.2.643.5.1.13.13.12.2.77.8252.11000715091405120315010100101510,not_applicable,,,1,1,0,,,,13.919512631140563,,,,,,,
spine_10_row008,8,SPINE,0,source,source,C:\Users\Андрей\Desktop\Хакатон\Исследования\1.2.840.113619.2.110.512719.20250403092052\series_003_3_CR\DXA\CR DXA\CR000001.dcm,geometry/spine_10_row008_0.json,1.2.840.113619.2.110.512719.20250403092052/series_003_3_CR/DXA/CR DXA/CR000001.dcm,1.2.643.5.1.13.13.12.2.77.8252.06000805130607060714150602050114,not_applicable,,,0,0,0,,,,0.964601201496652,,,,,,,
spine_10_row008,8,SPINE,1,positive,half_Th12_axis_0.24,images/SPINE/spine_10_row008_1.dcm,geometry/spine_10_row008_1.json,1.2.840.113619.2.110.512719.20250403092052/series_003_3_CR/DXA/CR DXA/CR000001.dcm,1.2.643.5.1.13.13.12.2.77.8252.06000805130607060714150602050114,not_applicable,,,0,0,0,,,,0.21354620380265343,,,,,,,
spine_10_row008,8,SPINE,2,negative_position,crop_left_crest,images/SPINE/spine_10_row008_2.dcm,geometry/spine_10_row008_2.json,1.2.840.113619.2.110.512719.20250403092052/series_003_3_CR/DXA/CR DXA/CR000001.dcm,1.2.643.5.1.13.13.12.2.77.8252.06000805130607060714150602050114,not_applicable,,,1,0,0,,,,0.8642065245777456,,,,,,,
spine_10_row008,8,SPINE,3,negative_position,crop_Th12,images/SPINE/spine_10_row008_3.dcm,geometry/spine_10_row008_3.json,1.2.840.113619.2.110.512719.20250403092052/series_003_3_CR/DXA/CR DXA/CR000001.dcm,1.2.643.5.1.13.13.12.2.77.8252.06000805130607060714150602050114,not_applicable,,,1,0,0,,,,-0.416709435174993,,,,,,,
spine_10_row008,8,SPINE,4,negative_axis_or_roi,axis_target_-18.95,images/SPINE/spine_10_row008_4.dcm,geometry/spine_10_row008_4.json,1.2.840.113619.2.110.512719.20250403092052/series_003_3_CR/DXA/CR DXA/CR000001.dcm,1.2.643.5.1.13.13.12.2.77.8252.06000805130607060714150602050114,not_applicable,,,1,1,0,,,,-14.986316981797282,,,,,,,
spine_10_row008,8,SPINE,5,negative_axis_or_roi,axis_target_-10.29,images/SPINE/spine_10_row008_5.dcm,geometry/spine_10_row008_5.json,1.2.840.113619.2.110.512719.20250403092052/series_003_3_CR/DXA/CR DXA/CR000001.dcm,1.2.643.5.1.13.13.12.2.77.8252.06000805130607060714150602050114,not_applicable,,,1,1,0,,,,-6.099839332448889,,,,,,,
leg_left_01_row455,455,LEG_LEFT,0,source,source,C:\Users\Андрей\Desktop\Хакатон\Исследования\2.25.66397484472966116002950503539482860450\series_001_2_CR\A2504194637 DXA\CR DXA\CR000000.dcm,geometry/leg_left_01_row455_0.json,2.25.66397484472966116002950503539482860450/series_001_2_CR/A2504194637 DXA/CR DXA/CR000000.dcm,1.2.643.5.1.13.13.12.2.77.8252.00140708141309070509131215090805,scanner_nominal_user_supplied,1.05,0.6,,,,0,0,1,,6.422850000000001,4.408950000000001,4.361999999999999,0,3,0.0,0
leg_left_01_row455,455,LEG_LEFT,1,positive,roi_positive_distances,images/LEG_LEFT/leg_left_01_row455_1.dcm,geometry/leg_left_01_row455_1.json,2.25.66397484472966116002950503539482860450/series_001_2_CR/A2504194637 DXA/CR DXA/CR000000.dcm,1.2.643.5.1.13.13.12.2.77.8252.00140708141309070509131215090805,scanner_nominal_user_supplied,1.016630219369763,0.5809315539255787,,,,0,0,1,,6.017434268449627,4.0329720802398485,4.354662928226139,0,3,0.0,0
leg_left_01_row455,455,LEG_LEFT,2,negative_position,landmark_right,images/LEG_LEFT/leg_left_01_row455_2.dcm,geometry/leg_left_01_row455_2.json,2.25.66397484472966116002950503539482860450/series_001_2_CR/A2504194637 DXA/CR DXA/CR000000.dcm,1.2.643.5.1.13.13.12.2.77.8252.00140708141309070509131215090805,scanner_nominal_user_supplied,0.5975259309914184,0.34144338913795336,,,,1,1,1,,3.11729278198223,0.0,0.0,0,1,0.0,0
leg_left_01_row455,455,LEG_LEFT,3,negative_position,landmark_left,images/LEG_LEFT/leg_left_01_row455_3.dcm,geometry/leg_left_01_row455_3.json,2.25.66397484472966116002950503539482860450/series_001_2_CR/A2504194637 DXA/CR DXA/CR000000.dcm,1.2.643.5.1.13.13.12.2.77.8252.00140708141309070509131215090805,scanner_nominal_user_supplied,0.7019344055047895,0.40110537457416534,,,,1,1,1,,0.870398662825939,1.8166062414463948,2.6986369601349844,0,2,0.0,0
leg_left_01_row455,455,LEG_LEFT,4,negative_axis_or_roi,roi_lateral_16.1mm,images/LEG_LEFT/leg_left_01_row455_4.dcm,geometry/leg_left_01_row455_4.json,2.25.66397484472966116002950503539482860450/series_001_2_CR/A2504194637 DXA/CR DXA/CR000000.dcm,1.2.643.5.1.13.13.12.2.77.8252.00140708141309070509131215090805,scanner_nominal_user_supplied,0.850424716376827,0.4859569807867583,,,,0,1,1,,3.103199790059042,3.0589777048074467,1.6133771762120372,0,3,0.0,0
leg_left_01_row455,455,LEG_LEFT,5,negative_axis_or_roi,roi_top_27.0mm,images/LEG_LEFT/leg_left_01_row455_5.dcm,geometry/leg_left_01_row455_5.json,2.25.66397484472966116002950503539482860450/series_001_2_CR/A2504194637 DXA/CR DXA/CR000000.dcm,1.2.643.5.1.13.13.12.2.77.8252.00140708141309070509131215090805,scanner_nominal_user_supplied,0.8877875333473484,0.5073071619127705,,,,0,1,1,,2.7042008265760233,4.331515375201712,4.319213176525327,0,3,0.0,0
leg_left_02_row054,54,LEG_LEFT,0,source,source,C:\Users\Андрей\Desktop\Хакатон\Исследования\2.25.114887542067602662452692698814728642117\series_001_2_CR\A2504131887 DXA\CR DXA\CR000006.dcm,geometry/leg_left_02_row054_0.json,2.25.114887542067602662452692698814728642117/series_001_2_CR/A2504131887 DXA/CR DXA/CR000006.dcm,1.2.643.5.1.13.13.12.2.77.8252.12090510061110050103011205010113,scanner_nominal_user_supplied,1.05,0.6,,,,0,0,1,,7.6923,13.524000000000001,2.7005999999999992,0,2,0.0,0
leg_left_02_row054,54,LEG_LEFT,1,positive,roi_positive_distances,images/LEG_LEFT/leg_left_02_row054_1.dcm,geometry/leg_left_02_row054_1.json,2.25.114887542067602662452692698814728642117/series_001_2_CR/A2504131887 DXA/CR DXA/CR000006.dcm,1.2.643.5.1.13.13.12.2.77.8252.12090510061110050103011205010113,scanner_nominal_user_supplied,1.0040622296702768,0.5737498455258724,,,,0,0,1,,6.6288188402831665,13.122089279560848,2.661051783548996,0,2,0.0,0
leg_left_02_row054,54,LEG_LEFT,2,negative_position,landmark_right,images/LEG_LEFT/leg_left_02_row054_2.dcm,geometry/leg_left_02_row054_2.json,2.25.114887542067602662452692698814728642117/series_001_2_CR/A2504131887 DXA/CR DXA/CR000006.dcm,1.2.643.5.1.13.13.12.2.77.8252.12090510061110050103011205010113,scanner_nominal_user_supplied,0.589094935572831,0.3366256774701891,,,,1,1,1,,2.8954016083404643,3.6176319993527564,0.0,0,2,0.0,0
leg_left_02_row054,54,LEG_LEFT,3,negative_position,landmark_top,images/LEG_LEFT/leg_left_02_row054_3.dcm,geometry/leg_left_02_row054_3.json,2.25.114887542067602662452692698814728642117/series_001_2_CR/A2504131887 DXA/CR DXA/CR000006.dcm,1.2.643.5.1.13.13.12.2.77.8252.12090510061110050103011205010113,scanner_nominal_user_supplied,0.6725527660660957,0.3843158663234832,,,,1,1,1,,0.0,13.375056858756446,1.048413683330462,0,2,0.0,0
leg_left_02_row054,54,LEG_LEFT,4,negative_axis_or_roi,roi_top_26.0mm,images/LEG_LEFT/leg_left_02_row054_4.dcm,geometry/leg_left_02_row054_4.json,2.25.114887542067602662452692698814728642117/series_001_2_CR/A2504131887 DXA/CR DXA/CR000006.dcm,1.2.643.5.1.13.13.12.2.77.8252.12090510061110050103011205010113,scanner_nominal_user_supplied,0.866170447393513,0.4949545413677217,,,,0,1,1,,2.600243683075326,12.751761326527298,2.247588572350824,0,2,0.0,0
leg_left_02_row054,54,LEG_LEFT,5,negative_axis_or_roi,roi_lateral_14.7mm,images/LEG_LEFT/leg_left_02_row054_5.dcm,geometry/leg_left_02_row054_5.json,2.25.114887542067602662452692698814728642117/series_001_2_CR/A2504131887 DXA/CR DXA/CR000006.dcm,1.2.643.5.1.13.13.12.2.77.8252.12090510061110050103011205010113,scanner_nominal_user_supplied,0.8479152191491908,0.4845229823709661,,,,0,1,1,,5.16465159983772,9.605183602522033,1.4695582055311407,0,2,0.0,0
leg_left_03_row236,236,LEG_LEFT,0,source,source,C:\Users\Андрей\Desktop\Хакатон\Исследования\2.25.16773626720107440979805052259711419763\series_004_2_CR\A2507537392 DXA\CR DXA\CR000004.dcm,geometry/leg_left_03_row236_0.json,2.25.16773626720107440979805052259711419763/series_004_2_CR/A2507537392 DXA/CR DXA/CR000004.dcm,1.2.643.5.1.13.13.12.2.77.8252.09131109110213080611001502040813,scanner_nominal_user_supplied,1.05,0.6,,,,0,0,1,,7.41195,9.1287,3.2459999999999996,0,3,0.0,0
leg_left_03_row236,236,LEG_LEFT,1,positive,roi_positive_distances,images/LEG_LEFT/leg_left_03_row236_1.dcm,geometry/leg_left_03_row236_1.json,2.25.16773626720107440979805052259711419763/series_004_2_CR/A2507537392 DXA/CR DXA/CR000004.dcm,1.2.643.5.1.13.13.12.2.77.8252.09131109110213080611001502040813,scanner_nominal_user_supplied,0.9981050993084318,0.5703457710333896,,,,0,0,1,,6.893911920923339,8.297247690550993,2.9064820491861534,0,3,0.0,0
leg_left_03_row236,236,LEG_LEFT,2,negative_position,landmark_left,images/LEG_LEFT/leg_left_03_row236_2.dcm,geometry/leg_left_03_row236_2.json,2.25.16773626720107440979805052259711419763/series_004_2_CR/A2507537392 DXA/CR DXA/CR000004.dcm,1.2.643.5.1.13.13.12.2.77.8252.09131109110213080611001502040813,scanner_nominal_user_supplied,0.5856675104457516,0.33466714882614373,,,,1,1,1,,1.0219898057278365,3.445481963952358,0.17536558598489962,0,4,0.0,0
leg_left_03_row236,236,LEG_LEFT,3,negative_position,landmark_right,images/LEG_LEFT/leg_left_03_row236_3.dcm,geometry/leg_left_03_row236_3.json,2.25.16773626720107440979805052259711419763/series_004_2_CR/A2507537392 DXA/CR DXA/CR000004.dcm,1.2.643.5.1.13.13.12.2.77.8252.09131109110213080611001502040813,scanner_nominal_user_supplied,0.6040514049884035,0.3451722314219448,,,,1,1,1,,2.6548059249240334,2.291166979121015,0.0,0,4,0.0,0
leg_left_03_row236,236,LEG_LEFT,4,negative_axis_or_roi,roi_lateral_16.7mm,images/LEG_LEFT/leg_left_03_row236_4.dcm,geometry/leg_left_03_row236_4.json,2.25.16773626720107440979805052259711419763/series_004_2_CR/A2507537392 DXA/CR DXA/CR000004.dcm,1.2.643.5.1.13.13.12.2.77.8252.09131109110213080611001502040813,scanner_nominal_user_supplied,0.9098386497362249,0.5199077998492713,,,,0,1,1,,4.587406471970046,8.309556388040942,1.666304498516915,0,3,0.0,0
leg_left_03_row236,236,LEG_LEFT,5,negative_axis_or_roi,roi_lateral_14.9mm,images/LEG_LEFT/leg_left_03_row236_5.dcm,geometry/leg_left_03_row236_5.json,2.25.16773626720107440979805052259711419763/series_004_2_CR/A2507537392 DXA/CR DXA/CR000004.dcm,1.2.643.5.1.13.13.12.2.77.8252.09131109110213080611001502040813,scanner_nominal_user_supplied,0.8809516063102117,0.5034009178915495,,,,0,1,1,,5.182638299922976,6.9621605446696035,1.4900667169589863,0,3,0.0,0
leg_left_04_row362,362,LEG_LEFT,0,source,source,C:\Users\Андрей\Desktop\Хакатон\Исследования\2.25.247714038039430659432048101646401574824\series_002_2_CR\A2504238024 DXA Exam\CR DXA Images\CR000000.dcm,geometry/leg_left_04_row362_0.json,2.25.247714038039430659432048101646401574824/series_002_2_CR/A2504238024 DXA Exam/CR DXA Images/CR000000.dcm,1.2.643.5.1.13.13.12.2.77.8252.01010712071105151008051412091100,scanner_nominal_user_supplied,1.05,0.6,,,,0,0,0,,17.243100000000002,7.634549999999999,2.9022,149,2,0.005978129490706176,0
leg_left_04_row362,362,LEG_LEFT,1,positive,roi_positive_distances,images/LEG_LEFT/leg_left_04_row362_1.dcm,geometry/leg_left_04_row362_1.json,2.25.247714038039430659432048101646401574824/series_002_2_CR/A2504238024 DXA Exam/CR DXA Images/CR000000.dcm,1.2.643.5.1.13.13.12.2.77.8252.01010712071105151008051412091100,scanner_nominal_user_supplied,1.041682573896071,0.5952471850834692,,,,0,0,0,,17.113803006538554,7.477197515425996,2.8434958031437327,149,2,0.005915542591491775,0
leg_left_04_row362,362,LEG_LEFT,2,negative_position,landmark_left,images/LEG_LEFT/leg_left_04_row362_2.dcm,geometry/leg_left_04_row362_2.json,2.25.247714038039430659432048101646401574824/series_002_2_CR/A2504238024 DXA Exam/CR DXA Images/CR000000.dcm,1.2.643.5.1.13.13.12.2.77.8252.01010712071105151008051412091100,scanner_nominal_user_supplied,0.6142240215495599,0.35098515517117707,,,,1,1,0,,6.475763859197011,3.3677903101562356,1.235116761047372,442,2,0.009813181142172316,0
leg_left_04_row362,362,LEG_LEFT,3,negative_position,landmark_bottom,images/LEG_LEFT/leg_left_04_row362_3.dcm,geometry/leg_left_04_row362_3.json,2.25.247714038039430659432048101646401574824/series_002_2_CR/A2504238024 DXA Exam/CR DXA Images/CR000000.dcm,1.2.643.5.1.13.13.12.2.77.8252.01010712071105151008051412091100,scanner_nominal_user_supplied,0.5933972240973391,0.3390841280556223,,,,1,1,1,,12.670810926150482,0.0,0.0,0,0,0.0,1
leg_left_04_row362,362,LEG_LEFT,4,negative_axis_or_roi,roi_lateral_17.1mm,images/LEG_LEFT/leg_left_04_row362_4.dcm,geometry/leg_left_04_row362_4.json,2.25.247714038039430659432048101646401574824/series_002_2_CR/A2504238024 DXA Exam/CR DXA Images/CR000000.dcm,1.2.643.5.1.13.13.12.2.77.8252.01010712071105151008051412091100,scanner_nominal_user_supplied,0.8416320048273372,0.48093257418704977,,,,0,1,0,,12.733892233037613,4.955529244423362,1.7063487732156521,234,2,0.007127330527431231,0
leg_left_04_row362,362,LEG_LEFT,5,negative_axis_or_roi,roi_lateral_17.4mm,images/LEG_LEFT/leg_left_04_row362_5.dcm,geometry/leg_left_04_row362_5.json,2.25.247714038039430659432048101646401574824/series_002_2_CR/A2504238024 DXA Exam/CR DXA Images/CR000000.dcm,1.2.643.5.1.13.13.12.2.77.8252.01010712071105151008051412091100,scanner_nominal_user_supplied,0.9366437654159535,0.5352250088091163,,,,0,1,0,,15.366577615414133,5.6001930734219885,1.74429830370891,182,2,0.006096627220204465,0
leg_left_05_row044,44,LEG_LEFT,0,source,source,C:\Users\Андрей\Desktop\Хакатон\Исследования\2.25.11175860580562939441493697221497597640\series_003_2_CR\A2507431060 DXA\CR DXA\CR000003.dcm,geometry/leg_left_05_row044_0.json,2.25.11175860580562939441493697221497597640/series_003_2_CR/A2507431060 DXA/CR DXA/CR000003.dcm,1.2.643.5.1.13.13.12.2.77.8252.01021511080002000006040601030906,scanner_nominal_user_supplied,1.05,0.6,,,,0,0,0,,7.9968,10.423350000000003,3.4812000000000003,120,2,0.004739771046781517,0
leg_left_05_row044,44,LEG_LEFT,1,positive,roi_positive_distances,images/LEG_LEFT/leg_left_05_row044_1.dcm,geometry/leg_left_05_row044_1.json,2.25.11175860580562939441493697221497597640/series_003_2_CR/A2507431060 DXA/CR DXA/CR000003.dcm,1.2.643.5.1.13.13.12.2.77.8252.01021511080002000006040601030906,scanner_nominal_user_supplied,0.9909642878807257,0.5662653073604146,,,,0,0,0,,7.382683944711407,9.32596491324551,3.2747122724652784,127,2,0.004730364334933142,0
leg_left_05_row044,44,LEG_LEFT,2,negative_position,landmark_left,images/LEG_LEFT/leg_left_05_row044_2.dcm,geometry/leg_left_05_row044_2.json,2.25.11175860580562939441493697221497597640/series_003_2_CR/A2507431060 DXA/CR DXA/CR000003.dcm,1.2.643.5.1.13.13.12.2.77.8252.01021511080002000006040601030906,scanner_nominal_user_supplied,0.6061660769709861,0.34638061541199205,,,,1,1,0,,0.31156936356308684,5.237881071106291,0.9476973637672108,359,2,0.007188920299864884,0
leg_left_05_row044,44,LEG_LEFT,3,negative_position,landmark_top,images/LEG_LEFT/leg_left_05_row044_3.dcm,geometry/leg_left_05_row044_3.json,2.25.11175860580562939441493697221497597640/series_003_2_CR/A2507431060 DXA/CR DXA/CR000003.dcm,1.2.643.5.1.13.13.12.2.77.8252.01021511080002000006040601030906,scanner_nominal_user_supplied,0.6313277817748296,0.36075873244275974,,,,1,1,0,,0.0,10.378397404596424,0.03679739070916084,339,2,0.009708719012196092,0
leg_left_05_row044,44,LEG_LEFT,4,negative_axis_or_roi,roi_lateral_18.8mm,images/LEG_LEFT/leg_left_05_row044_4.dcm,geometry/leg_left_05_row044_4.json,2.25.11175860580562939441493697221497597640/series_003_2_CR/A2507431060 DXA/CR DXA/CR000003.dcm,1.2.643.5.1.13.13.12.2.77.8252.01021511080002000006040601030906,scanner_nominal_user_supplied,0.8420386047088176,0.4811649169764672,,,,0,1,0,,4.659841638458597,7.729914391226947,1.8818359902949637,183,2,0.005339840679112885,0
leg_left_05_row044,44,LEG_LEFT,5,negative_axis_or_roi,roi_lateral_15.4mm,images/LEG_LEFT/leg_left_05_row044_5.dcm,geometry/leg_left_05_row044_5.json,2.25.11175860580562939441493697221497597640/series_003_2_CR/A2507431060 DXA/CR DXA/CR000003.dcm,1.2.643.5.1.13.13.12.2.77.8252.01021511080002000006040601030906,scanner_nominal_user_supplied,0.8494562916251563,0.48540359521437504,,,,0,1,0,,3.841241350728957,8.762991104405113,1.543583432781713,186,2,0.005313000878873177,0
leg_left_06_row410,410,LEG_LEFT,0,source,source,C:\Users\Андрей\Desktop\Хакатон\Исследования\2.25.307021710202910067378603383388989711646\series_004_2_CR\A2504110565 DXA\CR DXA\CR000007.dcm,geometry/leg_left_06_row410_0.json,2.25.307021710202910067378603383388989711646/series_004_2_CR/A2504110565 DXA/CR DXA/CR000007.dcm,1.2.643.5.1.13.13.12.2.77.8252.04040806101100130101150009051415,scanner_nominal_user_supplied,1.05,0.6,,,,0,0,1,,6.954150000000001,10.62285,5.0855999999999995,0,2,0.0,0
leg_left_06_row410,410,LEG_LEFT,1,positive,roi_positive_distances,images/LEG_LEFT/leg_left_06_row410_1.dcm,geometry/leg_left_06_row410_1.json,2.25.307021710202910067378603383388989711646/series_004_2_CR/A2504110565 DXA/CR DXA/CR000007.dcm,1.2.643.5.1.13.13.12.2.77.8252.04040806101100130101150009051415,scanner_nominal_user_supplied,0.9853541605507085,0.5630595203146905,,,,0,0,1,,5.285439717194,10.584674392635709,4.614272768978888,0,2,0.0,0
leg_left_06_row410,410,LEG_LEFT,2,negative_position,landmark_left,images/LEG_LEFT/leg_left_06_row410_2.dcm,geometry/leg_left_06_row410_2.json,2.25.307021710202910067378603383388989711646/series_004_2_CR/A2504110565 DXA/CR DXA/CR000007.dcm,1.2.643.5.1.13.13.12.2.77.8252.04040806101100130101150009051415,scanner_nominal_user_supplied,0.5908951714155688,0.3376543836660393,,,,1,1,1,,2.686209449255176,2.7701165635961864,4.848379295060658,0,1,0.0,0
leg_left_06_row410,410,LEG_LEFT,3,negative_position,landmark_top,images/LEG_LEFT/leg_left_06_row410_3.dcm,geometry/leg_left_06_row410_3.json,2.25.307021710202910067378603383388989711646/series_004_2_CR/A2504110565 DXA/CR DXA/CR000007.dcm,1.2.643.5.1.13.13.12.2.77.8252.04040806101100130101150009051415,scanner_nominal_user_supplied,0.5847470848688494,0.3341411913536282,,,,1,1,1,,0.0,8.709807829121512,0.6793090420219257,0,2,0.0,0
leg_left_06_row410,410,LEG_LEFT,4,negative_axis_or_roi,roi_top_26.1mm,images/LEG_LEFT/leg_left_06_row410_4.dcm,geometry/leg_left_06_row410_4.json,2.25.307021710202910067378603383388989711646/series_004_2_CR/A2504110565 DXA/CR DXA/CR000007.dcm,1.2.643.5.1.13.13.12.2.77.8252.04040806101100130101150009051415,scanner_nominal_user_supplied,0.8641668240343034,0.4938096137338876,,,,0,1,1,,2.608055474935528,10.06235849905543,2.7569390734762953,0,2,0.0,0
leg_left_06_row410,410,LEG_LEFT,5,negative_axis_or_roi,roi_top_26.8mm,images/LEG_LEFT/leg_left_06_row410_5.dcm,geometry/leg_left_06_row410_5.json,2.25.307021710202910067378603383388989711646/series_004_2_CR/A2504110565 DXA/CR DXA/CR000007.dcm,1.2.643.5.1.13.13.12.2.77.8252.04040806101100130101150009051415,scanner_nominal_user_supplied,0.8606675661276338,0.4918100377872193,,,,0,1,1,,2.6827008036198348,9.895955675335532,3.856282506289587,0,2,0.0,0
leg_left_07_row407,407,LEG_LEFT,0,source,source,C:\Users\Андрей\Desktop\Хакатон\Исследования\2.25.307021710202910067378603383388989711646\series_004_2_CR\A2504110565 DXA\CR DXA\CR000004.dcm,geometry/leg_left_07_row407_0.json,2.25.307021710202910067378603383388989711646/series_004_2_CR/A2504110565 DXA/CR DXA/CR000004.dcm,1.2.643.5.1.13.13.12.2.77.8252.04040806101100130101150009051415,scanner_nominal_user_supplied,1.05,0.6,,,,0,0,0,,7.1547,11.103750000000002,5.1774,105,2,0.006046611392307655,0
leg_left_07_row407,407,LEG_LEFT,1,positive,roi_positive_distances,images/LEG_LEFT/leg_left_07_row407_1.dcm,geometry/leg_left_07_row407_1.json,2.25.307021710202910067378603383388989711646/series_004_2_CR/A2504110565 DXA/CR DXA/CR000004.dcm,1.2.643.5.1.13.13.12.2.77.8252.04040806101100130101150009051415,scanner_nominal_user_supplied,1.0047506799288524,0.5741432456736298,,,,0,0,0,,6.085774868329059,10.97790592890264,5.107004170266937,109,2,0.00609040332075609,0
leg_left_07_row407,407,LEG_LEFT,2,negative_position,landmark_left,images/LEG_LEFT/leg_left_07_row407_2.dcm,geometry/leg_left_07_row407_2.json,2.25.307021710202910067378603383388989711646/series_004_2_CR/A2504110565 DXA/CR DXA/CR000004.dcm,1.2.643.5.1.13.13.12.2.77.8252.04040806101100130101150009051415,scanner_nominal_user_supplied,0.5847787823217317,0.33415930418384665,,,,1,1,0,,0.6274676334312181,5.34897152189688,1.034891365057373,329,2,0.008198099167297388,0
leg_left_07_row407,407,LEG_LEFT,3,negative_position,landmark_right,images/LEG_LEFT/leg_left_07_row407_3.dcm,geometry/leg_left_07_row407_3.json,2.25.307021710202910067378603383388989711646/series_004_2_CR/A2504110565 DXA/CR DXA/CR000004.dcm,1.2.643.5.1.13.13.12.2.77.8252.04040806101100130101150009051415,scanner_nominal_user_supplied,0.6017209562533268,0.34384054643047246,,,,1,1,0,,3.603706807001174,2.8202661219593432,0.0,319,2,0.007271490559827272,0
leg_left_07_row407,407,LEG_LEFT,4,negative_axis_or_roi,roi_top_26.5mm,images/LEG_LEFT/leg_left_07_row407_4.dcm,geometry/leg_left_07_row407_4.json,2.25.307021710202910067378603383388989711646/series_004_2_CR/A2504110565 DXA/CR DXA/CR000004.dcm,1.2.643.5.1.13.13.12.2.77.8252.04040806101100130101150009051415,scanner_nominal_user_supplied,0.8569029998095302,0.48965885703401724,,,,0,1,0,,2.647830269411448,10.513342904663126,4.583206901838401,152,2,0.007425495654277521,0
leg_left_07_row407,407,LEG_LEFT,5,negative_axis_or_roi,roi_top_23.8mm,images/LEG_LEFT/leg_left_07_row407_5.dcm,geometry/leg_left_07_row407_5.json,2.25.307021710202910067378603383388989711646/series_004_2_CR/A2504110565 DXA/CR DXA/CR000004.dcm,1.2.643.5.1.13.13.12.2.77.8252.04040806101100130101150009051415,scanner_nominal_user_supplied,0.8531717362805661,0.48752670644603774,,,,0,1,0,,2.375230113805096,10.68682916865037,3.1996377744053452,159,2,0.006719426703584916,0
leg_left_08_row167,167,LEG_LEFT,0,source,source,C:\Users\Андрей\Desktop\Хакатон\Исследования\2.25.156375884487675936513403083218009333856\series_003_2_CR\A250727121 DXA\CR DXA\CR000006.dcm,geometry/leg_left_08_row167_0.json,2.25.156375884487675936513403083218009333856/series_003_2_CR/A250727121 DXA/CR DXA/CR000006.dcm,1.2.643.5.1.13.13.12.2.77.8252.03010905090814080711141406121501,scanner_nominal_user_supplied,1.05,0.6,,,,0,0,1,,7.114800000000001,9.140250000000002,3.2976000000000005,0,0,0.0,0
leg_left_08_row167,167,LEG_LEFT,1,positive,roi_positive_distances,images/LEG_LEFT/leg_left_08_row167_1.dcm,geometry/leg_left_08_row167_1.json,2.25.156375884487675936513403083218009333856/series_003_2_CR/A250727121 DXA/CR DXA/CR000006.dcm,1.2.643.5.1.13.13.12.2.77.8252.03010905090814080711141406121501,scanner_nominal_user_supplied,1.0158392722174059,0.5804795841242318,,,,0,0,1,,6.764473713695706,8.500543029915253,2.875695859751444,0,0,0.0,0
leg_left_08_row167,167,LEG_LEFT,2,negative_position,landmark_bottom,images/LEG_LEFT/leg_left_08_row167_2.dcm,geometry/leg_left_08_row167_2.json,2.25.156375884487675936513403083218009333856/series_003_2_CR/A250727121 DXA/CR DXA/CR000006.dcm,1.2.643.5.1.13.13.12.2.77.8252.03010905090814080711141406121501,scanner_nominal_user_supplied,0.6490960780253322,0.3709120445859041,,,,1,1,1,,7.107602054377388,0.0,0.0,0,0,0.0,0
leg_left_08_row167,167,LEG_LEFT,3,negative_position,landmark_top,images/LEG_LEFT/leg_left_08_row167_3.dcm,geometry/leg_left_08_row167_3.json,2.25.156375884487675936513403083218009333856/series_003_2_CR/A250727121 DXA/CR DXA/CR000006.dcm,1.2.643.5.1.13.13.12.2.77.8252.03010905090814080711141406121501,scanner_nominal_user_supplied,0.6055731984480321,0.34604182768458974,,,,1,1,1,,0.0,8.892236846010904,0.0,0,0,0.0,0
leg_left_08_row167,167,LEG_LEFT,4,negative_axis_or_roi,roi_top_27.4mm,images/LEG_LEFT/leg_left_08_row167_4.dcm,geometry/leg_left_08_row167_4.json,2.25.156375884487675936513403083218009333856/series_003_2_CR/A250727121 DXA/CR DXA/CR000006.dcm,1.2.643.5.1.13.13.12.2.77.8252.03010905090814080711141406121501,scanner_nominal_user_supplied,0.8338500392736329,0.47648573672779015,,,,0,1,1,,2.7375296789353367,7.248658391405691,3.047602772110946,0,0,0.0,0
leg_left_08_row167,167,LEG_LEFT,5,negative_axis_or_roi,roi_lateral_16.4mm,images/LEG_LEFT/leg_left_08_row167_5.dcm,geometry/leg_left_08_row167_5.json,2.25.156375884487675936513403083218009333856/series_003_2_CR/A250727121 DXA/CR DXA/CR000006.dcm,1.2.643.5.1.13.13.12.2.77.8252.03010905090814080711141406121501,scanner_nominal_user_supplied,0.9120559317419253,0.521174818138243,,,,0,1,1,,5.83168562755787,6.422697871326638,1.6422218519536032,0,0,0.0,0
leg_left_09_row227,227,LEG_LEFT,0,source,source,C:\Users\Андрей\Desktop\Хакатон\Исследования\2.25.167344201679287285499405412654740659745\series_003_2_CR\A2504249537 DXA\CR DXA\CR000001.dcm,geometry/leg_left_09_row227_0.json,2.25.167344201679287285499405412654740659745/series_003_2_CR/A2504249537 DXA/CR DXA/CR000001.dcm,1.2.643.5.1.13.13.12.2.77.8252.11061310061408070513110011010800,scanner_nominal_user_supplied,1.05,0.6,,,,0,0,1,,6.17295,8.790600000000001,3.2046,0,2,0.0,0
leg_left_09_row227,227,LEG_LEFT,1,positive,roi_positive_distances,images/LEG_LEFT/leg_left_09_row227_1.dcm,geometry/leg_left_09_row227_1.json,2.25.167344201679287285499405412654740659745/series_003_2_CR/A2504249537 DXA/CR DXA/CR000001.dcm,1.2.643.5.1.13.13.12.2.77.8252.11061310061408070513110011010800,scanner_nominal_user_supplied,1.0167778880663016,0.5810159360378866,,,,0,0,1,,5.462130814692172,8.631427491794835,2.8452350387775303,0,2,0.0,0
leg_left_09_row227,227,LEG_LEFT,2,negative_position,landmark_left,images/LEG_LEFT/leg_left_09_row227_2.dcm,geometry/leg_left_09_row227_2.json,2.25.167344201679287285499405412654740659745/series_003_2_CR/A2504249537 DXA/CR DXA/CR000001.dcm,1.2.643.5.1.13.13.12.2.77.8252.11061310061408070513110011010800,scanner_nominal_user_supplied,0.6440338754945022,0.3680193574254298,,,,1,1,1,,0.6884722129036228,3.6387913965439376,2.4094227330642886,0,2,0.0,0
leg_left_09_row227,227,LEG_LEFT,3,negative_position,landmark_right,images/LEG_LEFT/leg_left_09_row227_3.dcm,geometry/leg_left_09_row227_3.json,2.25.167344201679287285499405412654740659745/series_003_2_CR/A2504249537 DXA/CR DXA/CR000001.dcm,1.2.643.5.1.13.13.12.2.77.8252.11061310061408070513110011010800,scanner_nominal_user_supplied,0.6572717907142273,0.3755838804081298,,,,1,1,1,,2.487116456062636,2.1874005194969484,0.0,0,2,0.0,0
leg_left_09_row227,227,LEG_LEFT,4,negative_axis_or_roi,roi_top_24.4mm,images/LEG_LEFT/leg_left_09_row227_4.dcm,geometry/leg_left_09_row227_4.json,2.25.167344201679287285499405412654740659745/series_003_2_CR/A2504249537 DXA/CR DXA/CR000001.dcm,1.2.643.5.1.13.13.12.2.77.8252.11061310061408070513110011010800,scanner_nominal_user_supplied,0.8434118353204137,0.48194962018309356,,,,0,1,1,,2.439990439581957,7.110805183586409,2.76687276947114,0,2,0.0,0
leg_left_09_row227,227,LEG_LEFT,5,negative_axis_or_roi,roi_lateral_18.6mm,images/LEG_LEFT/leg_left_09_row227_5.dcm,geometry/leg_left_09_row227_5.json,2.25.167344201679287285499405412654740659745/series_003_2_CR/A2504249537 DXA/CR DXA/CR000001.dcm,1.2.643.5.1.13.13.12.2.77.8252.11061310061408070513110011010800,scanner_nominal_user_supplied,0.841180298374288,0.4806744562138788,,,,0,1,1,,5.792367534605347,3.700352132548493,1.8621328433725668,0,2,0.0,0
leg_left_10_row496,496,LEG_LEFT,0,source,source,C:\Users\Андрей\Desktop\Хакатон\Исследования\2.25.91981043841368764114007975581101713077\series_003_2_CR\A250496619 DXA\CR DXA\CR000008.dcm,geometry/leg_left_10_row496_0.json,2.25.91981043841368764114007975581101713077/series_003_2_CR/A250496619 DXA/CR DXA/CR000008.dcm,1.2.643.5.1.13.13.12.2.77.8252.07090507040208000106080811060202,scanner_nominal_user_supplied,1.05,0.6,,,,0,0,0,,8.0556,8.49345,4.350599999999999,89,2,0.003231228790817803,0
leg_left_10_row496,496,LEG_LEFT,1,positive,roi_positive_distances,images/LEG_LEFT/leg_left_10_row496_1.dcm,geometry/leg_left_10_row496_1.json,2.25.91981043841368764114007975581101713077/series_003_2_CR/A250496619 DXA/CR DXA/CR000008.dcm,1.2.643.5.1.13.13.12.2.77.8252.07090507040208000106080811060202,scanner_nominal_user_supplied,0.9870759299191852,0.5640433885252486,,,,0,0,0,,6.901634901994943,7.816654289030028,3.71084145310761,101,2,0.0033385817491192733,0
leg_left_10_row496,496,LEG_LEFT,2,negative_position,landmark_left,images/LEG_LEFT/leg_left_10_row496_2.dcm,geometry/leg_left_10_row496_2.json,2.25.91981043841368764114007975581101713077/series_003_2_CR/A250496619 DXA/CR DXA/CR000008.dcm,1.2.643.5.1.13.13.12.2.77.8252.07090507040208000106080811060202,scanner_nominal_user_supplied,0.609105618815803,0.3480603536090303,,,,1,1,0,,0.0,4.093798864061013,0.0,265,2,0.004244250362082604,0
leg_left_10_row496,496,LEG_LEFT,3,negative_position,landmark_bottom,images/LEG_LEFT/leg_left_10_row496_3.dcm,geometry/leg_left_10_row496_3.json,2.25.91981043841368764114007975581101713077/series_003_2_CR/A250496619 DXA/CR DXA/CR000008.dcm,1.2.643.5.1.13.13.12.2.77.8252.07090507040208000106080811060202,scanner_nominal_user_supplied,0.6187050214681963,0.353545726553255,,,,1,1,1,,6.795237250785199,0.0,0.0,76,1,0.0015035681056011273,1
leg_left_10_row496,496,LEG_LEFT,4,negative_axis_or_roi,roi_top_22.9mm,images/LEG_LEFT/leg_left_10_row496_4.dcm,geometry/leg_left_10_row496_4.json,2.25.91981043841368764114007975581101713077/series_003_2_CR/A250496619 DXA/CR DXA/CR000008.dcm,1.2.643.5.1.13.13.12.2.77.8252.07090507040208000106080811060202,scanner_nominal_user_supplied,0.8442361746358242,0.48242067122047094,,,,0,1,0,,2.2895685056123556,8.271826039081805,3.1439355143438084,143,2,0.004031076271712243,0
leg_left_10_row496,496,LEG_LEFT,5,negative_axis_or_roi,roi_top_28.1mm,images/LEG_LEFT/leg_left_10_row496_5.dcm,geometry/leg_left_10_row496_5.json,2.25.91981043841368764114007975581101713077/series_003_2_CR/A250496619 DXA/CR DXA/CR000008.dcm,1.2.643.5.1.13.13.12.2.77.8252.07090507040208000106080811060202,scanner_nominal_user_supplied,0.8246302950058184,0.4712173114318962,,,,0,1,0,,2.808690784789818,7.182529869500678,2.2943570893619025,143,2,0.0036558070075858556,0
leg_right_01_row358,358,LEG_RIGHT,0,source,source,C:\Users\Андрей\Desktop\Хакатон\Исследования\2.25.234651502352368356456298825489565282446\series_002_2_CR\A2504307193 DXA\CR DXA\CR000007.dcm,geometry/leg_right_01_row358_0.json,2.25.234651502352368356456298825489565282446/series_002_2_CR/A2504307193 DXA/CR DXA/CR000007.dcm,1.2.643.5.1.13.13.12.2.77.8252.11000715091405120315010100101510,scanner_nominal_user_supplied,1.05,0.6,,,,0,0,1,,8.4399,3.92805,3.1056,327,1,0.012599660424124451,0
leg_right_01_row358,358,LEG_RIGHT,1,positive,roi_positive_distances,images/LEG_RIGHT/leg_right_01_row358_1.dcm,geometry/leg_right_01_row358_1.json,2.25.234651502352368356456298825489565282446/series_002_2_CR/A2504307193 DXA/CR DXA/CR000007.dcm,1.2.643.5.1.13.13.12.2.77.8252.11000715091405120315010100101510,scanner_nominal_user_supplied,0.9865580696283918,0.563747468359081,,,,0,0,1,,7.089406288349624,3.807127590695964,2.3976179829311715,361,1,0.012559610966572179,0
leg_right_01_row358,358,LEG_RIGHT,2,negative_position,landmark_right,images/LEG_RIGHT/leg_right_01_row358_2.dcm,geometry/leg_right_01_row358_2.json,2.25.234651502352368356456298825489565282446/series_002_2_CR/A2504307193 DXA/CR DXA/CR000007.dcm,1.2.643.5.1.13.13.12.2.77.8252.11000715091405120315010100101510,scanner_nominal_user_supplied,0.6484989700151917,0.37057084000868096,,,,1,1,1,,1.440316212403741,1.6128169384277822,1.6916558846396286,856,1,0.019837277776719484,0
leg_right_01_row358,358,LEG_RIGHT,3,negative_position,landmark_left,images/LEG_RIGHT/leg_right_01_row358_3.dcm,geometry/leg_right_01_row358_3.json,2.25.234651502352368356456298825489565282446/series_002_2_CR/A2504307193 DXA/CR DXA/CR000007.dcm,1.2.643.5.1.13.13.12.2.77.8252.11000715091405120315010100101510,scanner_nominal_user_supplied,0.6530892535556981,0.3731938591746846,,,,1,1,1,,4.7185698569399195,0.0,0.0,176,1,0.0039488223646939385,1
leg_right_01_row358,358,LEG_RIGHT,4,negative_axis_or_roi,roi_lateral_18.8mm,images/LEG_RIGHT/leg_right_01_row358_4.dcm,geometry/leg_right_01_row358_4.json,2.25.234651502352368356456298825489565282446/series_002_2_CR/A2504307193 DXA/CR DXA/CR000007.dcm,1.2.643.5.1.13.13.12.2.77.8252.11000715091405120315010100101510,scanner_nominal_user_supplied,0.932432270148994,0.5328184400851395,,,,0,1,1,,6.472012387104167,3.1684048539662806,1.880849093500542,415,1,0.013240909868105541,0
leg_right_01_row358,358,LEG_RIGHT,5,negative_axis_or_roi,roi_bottom_22.4mm,images/LEG_RIGHT/leg_right_01_row358_5.dcm,geometry/leg_right_01_row358_5.json,2.25.234651502352368356456298825489565282446/series_002_2_CR/A2504307193 DXA/CR DXA/CR000007.dcm,1.2.643.5.1.13.13.12.2.77.8252.11000715091405120315010100101510,scanner_nominal_user_supplied,0.8184916534877518,0.46770951627871526,,,,0,1,1,,4.76198443999174,2.2353007056750505,2.8703333014024754,535,1,0.016779064812895098,0
leg_right_02_row056,56,LEG_RIGHT,0,source,source,C:\Users\Андрей\Desktop\Хакатон\Исследования\2.25.114887542067602662452692698814728642117\series_001_2_CR\A2504131887 DXA\CR DXA\CR000008.dcm,geometry/leg_right_02_row056_0.json,2.25.114887542067602662452692698814728642117/series_001_2_CR/A2504131887 DXA/CR DXA/CR000008.dcm,1.2.643.5.1.13.13.12.2.77.8252.12090510061110050103011205010113,scanner_nominal_user_supplied,1.05,0.6,,,,0,0,1,,9.14445,11.45025,4.917,384,3,0.01586150068053686,0
leg_right_02_row056,56,LEG_RIGHT,1,positive,roi_positive_distances,images/LEG_RIGHT/leg_right_02_row056_1.dcm,geometry/leg_right_02_row056_1.json,2.25.114887542067602662452692698814728642117/series_001_2_CR/A2504131887 DXA/CR DXA/CR000008.dcm,1.2.643.5.1.13.13.12.2.77.8252.12090510061110050103011205010113,scanner_nominal_user_supplied,1.0278314800709192,0.5873322743262395,,,,0,0,1,,8.511472486467282,11.376038821424935,4.854888579580695,421,3,0.01708421308576542,0
leg_right_02_row056,56,LEG_RIGHT,2,negative_position,landmark_top,images/LEG_RIGHT/leg_right_02_row056_2.dcm,geometry/leg_right_02_row056_2.json,2.25.114887542067602662452692698814728642117/series_001_2_CR/A2504131887 DXA/CR DXA/CR000008.dcm,1.2.643.5.1.13.13.12.2.77.8252.12090510061110050103011205010113,scanner_nominal_user_supplied,0.5937270553200863,0.33927260304004925,,,,1,1,1,,0.0,10.858674114749057,0.42273366338790136,1199,3,0.03304964171404383,0
leg_right_02_row056,56,LEG_RIGHT,3,negative_position,landmark_right,images/LEG_RIGHT/leg_right_02_row056_3.dcm,geometry/leg_right_02_row056_3.json,2.25.114887542067602662452692698814728642117/series_001_2_CR/A2504131887 DXA/CR DXA/CR000008.dcm,1.2.643.5.1.13.13.12.2.77.8252.12090510061110050103011205010113,scanner_nominal_user_supplied,0.7916280127481368,0.4523588644275067,,,,1,0,1,,4.577193169709727,7.7753703412121995,3.0525176171568154,673,3,0.01952462091251336,0
leg_right_02_row056,56,LEG_RIGHT,4,negative_axis_or_roi,roi_top_27.2mm,images/LEG_RIGHT/leg_right_02_row056_4.dcm,geometry/leg_right_02_row056_4.json,2.25.114887542067602662452692698814728642117/series_001_2_CR/A2504131887 DXA/CR DXA/CR000008.dcm,1.2.643.5.1.13.13.12.2.77.8252.12090510061110050103011205010113,scanner_nominal_user_supplied,0.8470030747960396,0.4840017570263083,,,,0,1,1,,2.7222678823944717,11.39727337445551,2.8425423190155086,586,3,0.0174679669233017,0
leg_right_02_row056,56,LEG_RIGHT,5,negative_axis_or_roi,roi_lateral_18.6mm,images/LEG_RIGHT/leg_right_02_row056_5.dcm,geometry/leg_right_02_row056_5.json,2.25.114887542067602662452692698814728642117/series_001_2_CR/A2504131887 DXA/CR DXA/CR000008.dcm,1.2.643.5.1.13.13.12.2.77.8252.12090510061110050103011205010113,scanner_nominal_user_supplied,0.8151942460378917,0.4658252834502238,,,,0,1,1,,8.972843066139074,4.131404438920035,1.8595745315332934,630,3,0.016651508507731456,0
leg_right_03_row065,65,LEG_RIGHT,0,source,source,C:\Users\Андрей\Desktop\Хакатон\Исследования\2.25.122446767306607067205618235949445789306\series_001_2_CR\A2504255080 DXA\CR DXA\CR000003.dcm,geometry/leg_right_03_row065_0.json,2.25.122446767306607067205618235949445789306/series_001_2_CR/A2504255080 DXA/CR DXA/CR000003.dcm,1.2.643.5.1.13.13.12.2.77.8252.00101409100812000205071213151011,scanner_nominal_user_supplied,1.05,0.6,,,,0,0,1,,6.273750000000001,6.213900000000001,4.182599999999999,0,0,0.0,0
leg_right_03_row065,65,LEG_RIGHT,1,positive,roi_positive_distances,images/LEG_RIGHT/leg_right_03_row065_1.dcm,geometry/leg_right_03_row065_1.json,2.25.122446767306607067205618235949445789306/series_001_2_CR/A2504255080 DXA/CR DXA/CR000003.dcm,1.2.643.5.1.13.13.12.2.77.8252.00101409100812000205071213151011,scanner_nominal_user_supplied,1.013182148011843,0.5789612274353388,,,,0,0,1,,5.69509685397457,6.033499691410526,3.726194459773841,0,0,0.0,0
leg_right_03_row065,65,LEG_RIGHT,2,negative_position,landmark_left,images/LEG_RIGHT/leg_right_03_row065_2.dcm,geometry/leg_right_03_row065_2.json,2.25.122446767306607067205618235949445789306/series_001_2_CR/A2504255080 DXA/CR DXA/CR000003.dcm,1.2.643.5.1.13.13.12.2.77.8252.00101409100812000205071213151011,scanner_nominal_user_supplied,0.5893468541035681,0.3367696309163246,,,,1,1,1,,2.8707085263384804,0.12788826734047354,0.0,0,0,0.0,0
leg_right_03_row065,65,LEG_RIGHT,3,negative_position,landmark_top,images/LEG_RIGHT/leg_right_03_row065_3.dcm,geometry/leg_right_03_row065_3.json,2.25.122446767306607067205618235949445789306/series_001_2_CR/A2504255080 DXA/CR DXA/CR000003.dcm,1.2.643.5.1.13.13.12.2.77.8252.00101409100812000205071213151011,scanner_nominal_user_supplied,0.6085550759534819,0.34774575768770394,,,,1,1,1,,0.0,5.0875204349711085,1.9616338191163378,0,0,0.0,0
leg_right_03_row065,65,LEG_RIGHT,4,negative_axis_or_roi,roi_bottom_27.5mm,images/LEG_RIGHT/leg_right_03_row065_4.dcm,geometry/leg_right_03_row065_4.json,2.25.122446767306607067205618235949445789306/series_001_2_CR/A2504255080 DXA/CR DXA/CR000003.dcm,1.2.643.5.1.13.13.12.2.77.8252.00101409100812000205071213151011,scanner_nominal_user_supplied,0.8656089903015158,0.49463370874372325,,,,0,1,1,,5.938077673468398,2.7509053711782174,2.5028465662432398,0,0,0.0,0
leg_right_03_row065,65,LEG_RIGHT,5,negative_axis_or_roi,roi_lateral_14.5mm,images/LEG_RIGHT/leg_right_03_row065_5.dcm,geometry/leg_right_03_row065_5.json,2.25.122446767306607067205618235949445789306/series_001_2_CR/A2504255080 DXA/CR DXA/CR000003.dcm,1.2.643.5.1.13.13.12.2.77.8252.00101409100812000205071213151011,scanner_nominal_user_supplied,0.8498095057569559,0.48560543186111765,,,,0,1,1,,4.906800086240663,3.457025069419297,1.4471041869461305,0,0,0.0,0
leg_right_04_row252,252,LEG_RIGHT,0,source,source,C:\Users\Андрей\Desktop\Хакатон\Исследования\2.25.168317503020329569414190677927680518621\series_004_2_CR\A2507557128 DXA\CR DXA\CR000008.dcm,geometry/leg_right_04_row252_0.json,2.25.168317503020329569414190677927680518621/series_004_2_CR/A2507557128 DXA/CR DXA/CR000008.dcm,1.2.643.5.1.13.13.12.2.77.8252.11120509060313030005050308070506,scanner_nominal_user_supplied,1.05,0.6,,,,0,0,1,,8.80635,9.74505,3.681,0,2,0.0,0
leg_right_04_row252,252,LEG_RIGHT,1,positive,roi_positive_distances,images/LEG_RIGHT/leg_right_04_row252_1.dcm,geometry/leg_right_04_row252_1.json,2.25.168317503020329569414190677927680518621/series_004_2_CR/A2507557128 DXA/CR DXA/CR000008.dcm,1.2.643.5.1.13.13.12.2.77.8252.11120509060313030005050308070506,scanner_nominal_user_supplied,0.9772775128843408,0.5584442930767661,,,,0,0,1,,8.135835294762137,8.321518022210162,2.9044687682922605,0,2,0.0,0
leg_right_04_row252,252,LEG_RIGHT,2,negative_position,landmark_top,images/LEG_RIGHT/leg_right_04_row252_2.dcm,geometry/leg_right_04_row252_2.json,2.25.168317503020329569414190677927680518621/series_004_2_CR/A2507557128 DXA/CR DXA/CR000008.dcm,1.2.643.5.1.13.13.12.2.77.8252.11120509060313030005050308070506,scanner_nominal_user_supplied,0.5930618002931706,0.33889245731038314,,,,1,1,1,,0.0,9.178817483137403,1.6598952559062563,0,2,0.0,0
leg_right_04_row252,252,LEG_RIGHT,3,negative_position,landmark_right,images/LEG_RIGHT/leg_right_04_row252_3.dcm,geometry/leg_right_04_row252_3.json,2.25.168317503020329569414190677927680518621/series_004_2_CR/A2507557128 DXA/CR DXA/CR000008.dcm,1.2.643.5.1.13.13.12.2.77.8252.11120509060313030005050308070506,scanner_nominal_user_supplied,0.6195392279813622,0.35402241598934975,,,,1,1,1,,1.6789513078294918,4.475551382937361,1.6182364634873179,0,2,0.0,0
leg_right_04_row252,252,LEG_RIGHT,4,negative_axis_or_roi,roi_lateral_18.8mm,images/LEG_RIGHT/leg_right_04_row252_4.dcm,geometry/leg_right_04_row252_4.json,2.25.168317503020329569414190677927680518621/series_004_2_CR/A2507557128 DXA/CR DXA/CR000008.dcm,1.2.643.5.1.13.13.12.2.77.8252.11120509060313030005050308070506,scanner_nominal_user_supplied,0.9144060777582188,0.5225177587189821,,,,0,1,1,,4.986256342015567,9.660700211515582,1.8810639313883357,0,2,0.0,0
leg_right_04_row252,252,LEG_RIGHT,5,negative_axis_or_roi,roi_lateral_18.1mm,images/LEG_RIGHT/leg_right_04_row252_5.dcm,geometry/leg_right_04_row252_5.json,2.25.168317503020329569414190677927680518621/series_004_2_CR/A2507557128 DXA/CR DXA/CR000008.dcm,1.2.643.5.1.13.13.12.2.77.8252.11120509060313030005050308070506,scanner_nominal_user_supplied,0.8113514389129677,0.46362939366455297,,,,0,1,1,,5.507453567341225,6.17032769293312,1.8063001177170985,0,2,0.0,0
leg_right_05_row248,248,LEG_RIGHT,0,source,source,C:\Users\Андрей\Desktop\Хакатон\Исследования\2.25.168317503020329569414190677927680518621\series_004_2_CR\A2507557128 DXA\CR DXA\CR000004.dcm,geometry/leg_right_05_row248_0.json,2.25.168317503020329569414190677927680518621/series_004_2_CR/A2507557128 DXA/CR DXA/CR000004.dcm,1.2.643.5.1.13.13.12.2.77.8252.11120509060313030005050308070506,scanner_nominal_user_supplied,1.05,0.6,,,,0,0,1,,8.84415,9.594899999999999,3.6594,0,2,0.0,0
leg_right_05_row248,248,LEG_RIGHT,1,positive,roi_positive_distances,images/LEG_RIGHT/leg_right_05_row248_1.dcm,geometry/leg_right_05_row248_1.json,2.25.168317503020329569414190677927680518621/series_004_2_CR/A2507557128 DXA/CR DXA/CR000004.dcm,1.2.643.5.1.13.13.12.2.77.8252.11120509060313030005050308070506,scanner_nominal_user_supplied,0.9839777972916035,0.5622730270237734,,,,0,0,1,,7.999739491980736,8.537975347099245,3.2611835567378855,0,2,0.0,0
leg_right_05_row248,248,LEG_RIGHT,2,negative_position,landmark_right,images/LEG_RIGHT/leg_right_05_row248_2.dcm,geometry/leg_right_05_row248_2.json,2.25.168317503020329569414190677927680518621/series_004_2_CR/A2507557128 DXA/CR DXA/CR000004.dcm,1.2.643.5.1.13.13.12.2.77.8252.11120509060313030005050308070506,scanner_nominal_user_supplied,0.6294064649916543,0.35966083713808816,,,,1,1,1,,1.7447147209568659,4.58082025220926,1.5976134385673877,0,2,0.0,0
leg_right_05_row248,248,LEG_RIGHT,3,negative_position,landmark_left,images/LEG_RIGHT/leg_right_05_row248_3.dcm,geometry/leg_right_05_row248_3.json,2.25.168317503020329569414190677927680518621/series_004_2_CR/A2507557128 DXA/CR DXA/CR000004.dcm,1.2.643.5.1.13.13.12.2.77.8252.11120509060313030005050308070506,scanner_nominal_user_supplied,0.6617460913038662,0.3781406236022092,,,,1,1,1,,4.396641030622886,2.860728352706613,0.0,0,2,0.0,0
leg_right_05_row248,248,LEG_RIGHT,4,negative_axis_or_roi,roi_top_28.9mm,images/LEG_RIGHT/leg_right_05_row248_4.dcm,geometry/leg_right_05_row248_4.json,2.25.168317503020329569414190677927680518621/series_004_2_CR/A2507557128 DXA/CR DXA/CR000004.dcm,1.2.643.5.1.13.13.12.2.77.8252.11120509060313030005050308070506,scanner_nominal_user_supplied,0.8387631804498544,0.4792932459713453,,,,0,1,1,,2.892894209371548,9.462087438654809,2.5790769565718095,0,2,0.0,0
leg_right_05_row248,248,LEG_RIGHT,5,negative_axis_or_roi,roi_lateral_14.0mm,images/LEG_RIGHT/leg_right_05_row248_5.dcm,geometry/leg_right_05_row248_5.json,2.25.168317503020329569414190677927680518621/series_004_2_CR/A2507557128 DXA/CR DXA/CR000004.dcm,1.2.643.5.1.13.13.12.2.77.8252.11120509060313030005050308070506,scanner_nominal_user_supplied,0.8701623013557468,0.4972356007747124,,,,0,1,1,,6.657611767672819,6.601921380386051,1.3967348025761672,0,2,0.0,0
leg_right_06_row442,442,LEG_RIGHT,0,source,source,C:\Users\Андрей\Desktop\Хакатон\Исследования\2.25.52982400970721161435951723390541696819\series_001_2_CR\A2504331065 DXA\CR DXA\CR000000.dcm,geometry/leg_right_06_row442_0.json,2.25.52982400970721161435951723390541696819/series_001_2_CR/A2504331065 DXA/CR DXA/CR000000.dcm,1.2.643.5.1.13.13.12.2.77.8252.14030804041506011403100115131006,scanner_nominal_user_supplied,1.05,0.6,,,,0,0,0,,8.048250000000001,9.229500000000002,3.0174,59,2,0.002089660644246981,0
leg_right_06_row442,442,LEG_RIGHT,1,positive,roi_positive_distances,images/LEG_RIGHT/leg_right_06_row442_1.dcm,geometry/leg_right_06_row442_1.json,2.25.52982400970721161435951723390541696819/series_001_2_CR/A2504331065 DXA/CR DXA/CR000000.dcm,1.2.643.5.1.13.13.12.2.77.8252.14030804041506011403100115131006,scanner_nominal_user_supplied,0.9739101106239915,0.5565200632137094,,,,0,0,0,,7.689020323376413,7.396847290189214,2.9773823381933453,66,2,0.002198970148980227,0
leg_right_06_row442,442,LEG_RIGHT,2,negative_position,landmark_left,images/LEG_RIGHT/leg_right_06_row442_2.dcm,geometry/leg_right_06_row442_2.json,2.25.52982400970721161435951723390541696819/series_001_2_CR/A2504331065 DXA/CR DXA/CR000000.dcm,1.2.643.5.1.13.13.12.2.77.8252.14030804041506011403100115131006,scanner_nominal_user_supplied,0.6697317136685332,0.38270383638201894,,,,1,1,0,,4.73969133763221,1.5859246979670871,0.0,142,2,0.0026296077162319942,0
leg_right_06_row442,442,LEG_RIGHT,3,negative_position,landmark_top,images/LEG_RIGHT/leg_right_06_row442_3.dcm,geometry/leg_right_06_row442_3.json,2.25.52982400970721161435951723390541696819/series_001_2_CR/A2504331065 DXA/CR DXA/CR000000.dcm,1.2.643.5.1.13.13.12.2.77.8252.14030804041506011403100115131006,scanner_nominal_user_supplied,0.6412361721012919,0.3664206697721668,,,,1,1,0,,0.0,7.224807951065254,1.0094889452223197,161,2,0.0036518926551785303,0
leg_right_06_row442,442,LEG_RIGHT,4,negative_axis_or_roi,roi_lateral_15.6mm,images/LEG_RIGHT/leg_right_06_row442_4.dcm,geometry/leg_right_06_row442_4.json,2.25.52982400970721161435951723390541696819/series_001_2_CR/A2504331065 DXA/CR DXA/CR000000.dcm,1.2.643.5.1.13.13.12.2.77.8252.14030804041506011403100115131006,scanner_nominal_user_supplied,0.8974786819525025,0.5128449611157156,,,,0,1,0,,5.743863564496015,7.141237872296061,1.5559716120250813,82,2,0.0022832344671461745,0
leg_right_06_row442,442,LEG_RIGHT,5,negative_axis_or_roi,roi_top_25.0mm,images/LEG_RIGHT/leg_right_06_row442_5.dcm,geometry/leg_right_06_row442_5.json,2.25.52982400970721161435951723390541696819/series_001_2_CR/A2504331065 DXA/CR DXA/CR000000.dcm,1.2.643.5.1.13.13.12.2.77.8252.14030804041506011403100115131006,scanner_nominal_user_supplied,0.8113892473888352,0.4636509985079058,,,,0,1,0,,2.4982674927102235,7.906988215804198,2.8389350638639073,97,2,0.0027880825692779875,0
leg_right_07_row445,445,LEG_RIGHT,0,source,source,C:\Users\Андрей\Desktop\Хакатон\Исследования\2.25.52982400970721161435951723390541696819\series_001_2_CR\A2504331065 DXA\CR DXA\CR000003.dcm,geometry/leg_right_07_row445_0.json,2.25.52982400970721161435951723390541696819/series_001_2_CR/A2504331065 DXA/CR DXA/CR000003.dcm,1.2.643.5.1.13.13.12.2.77.8252.14030804041506011403100115131006,scanner_nominal_user_supplied,1.05,0.6,,,,0,0,0,,8.31495,9.25785,3.2201999999999997,63,2,0.0023175558252847193,0
leg_right_07_row445,445,LEG_RIGHT,1,positive,roi_positive_distances,images/LEG_RIGHT/leg_right_07_row445_1.dcm,geometry/leg_right_07_row445_1.json,2.25.52982400970721161435951723390541696819/series_001_2_CR/A2504331065 DXA/CR DXA/CR000003.dcm,1.2.643.5.1.13.13.12.2.77.8252.14030804041506011403100115131006,scanner_nominal_user_supplied,1.0003788315121838,0.5716450465783908,,,,0,0,0,,8.158089370981859,7.986024211961764,3.178918104022431,68,2,0.0024040465647132674,0
leg_right_07_row445,445,LEG_RIGHT,2,negative_position,landmark_left,images/LEG_RIGHT/leg_right_07_row445_2.dcm,geometry/leg_right_07_row445_2.json,2.25.52982400970721161435951723390541696819/series_001_2_CR/A2504331065 DXA/CR DXA/CR000003.dcm,1.2.643.5.1.13.13.12.2.77.8252.14030804041506011403100115131006,scanner_nominal_user_supplied,0.7132176358077341,0.4075529347472766,,,,1,1,0,,4.978972315573792,2.894237166107786,0.0,132,2,0.0026638042878773297,0
leg_right_07_row445,445,LEG_RIGHT,3,negative_position,landmark_bottom,images/LEG_RIGHT/leg_right_07_row445_3.dcm,geometry/leg_right_07_row445_3.json,2.25.52982400970721161435951723390541696819/series_001_2_CR/A2504331065 DXA/CR DXA/CR000003.dcm,1.2.643.5.1.13.13.12.2.77.8252.14030804041506011403100115131006,scanner_nominal_user_supplied,0.5839110483088662,0.33366345617649495,,,,1,1,1,,8.027609092150291,0.0,0.0,0,0,0.0,1
leg_right_07_row445,445,LEG_RIGHT,4,negative_axis_or_roi,roi_lateral_14.8mm,images/LEG_RIGHT/leg_right_07_row445_4.dcm,geometry/leg_right_07_row445_4.json,2.25.52982400970721161435951723390541696819/series_001_2_CR/A2504331065 DXA/CR DXA/CR000003.dcm,1.2.643.5.1.13.13.12.2.77.8252.14030804041506011403100115131006,scanner_nominal_user_supplied,0.8484508034900481,0.4848290305657417,,,,0,1,0,,7.0234757512906185,4.744536893116348,1.4758195690421179,98,2,0.0026407970593808547,0
leg_right_07_row445,445,LEG_RIGHT,5,negative_axis_or_roi,roi_lateral_16.7mm,images/LEG_RIGHT/leg_right_07_row445_5.dcm,geometry/leg_right_07_row445_5.json,2.25.52982400970721161435951723390541696819/series_001_2_CR/A2504331065 DXA/CR DXA/CR000003.dcm,1.2.643.5.1.13.13.12.2.77.8252.14030804041506011403100115131006,scanner_nominal_user_supplied,0.8191345996318153,0.46807691407532304,,,,0,1,0,,3.409238203667615,7.5147408170222745,1.6668218910222254,99,2,0.0026303323292584334,0
leg_right_08_row206,206,LEG_RIGHT,0,source,source,C:\Users\Андрей\Desktop\Хакатон\Исследования\2.25.158646777318759504110695916200521633609\series_004_2_CR\A2507266260 DXA\CR DXA\CR000010.dcm,geometry/leg_right_08_row206_0.json,2.25.158646777318759504110695916200521633609/series_004_2_CR/A2507266260 DXA/CR DXA/CR000010.dcm,1.2.643.5.1.13.13.12.2.77.8252.10030514041010111403040803061004,scanner_nominal_user_supplied,1.05,0.6,,,,0,0,0,,7.175700000000001,11.345250000000002,3.9786,129,2,0.005338583983803581,0
leg_right_08_row206,206,LEG_RIGHT,1,positive,roi_positive_distances,images/LEG_RIGHT/leg_right_08_row206_1.dcm,geometry/leg_right_08_row206_1.json,2.25.158646777318759504110695916200521633609/series_004_2_CR/A2507266260 DXA/CR DXA/CR000010.dcm,1.2.643.5.1.13.13.12.2.77.8252.10030514041010111403040803061004,scanner_nominal_user_supplied,0.9771994936362979,0.558399710649313,,,,0,0,0,,5.160590525893289,11.248543371247425,3.1929295454927717,145,2,0.0053545475633307825,0
leg_right_08_row206,206,LEG_RIGHT,2,negative_position,landmark_left,images/LEG_RIGHT/leg_right_08_row206_2.dcm,geometry/leg_right_08_row206_2.json,2.25.158646777318759504110695916200521633609/series_004_2_CR/A2507266260 DXA/CR DXA/CR000010.dcm,1.2.643.5.1.13.13.12.2.77.8252.10030514041010111403040803061004,scanner_nominal_user_supplied,0.6293849718548619,0.35964855534563533,,,,1,1,0,,3.243850144939958,3.0795806672858395,0.0,360,2,0.0068080123497344025,0
leg_right_08_row206,206,LEG_RIGHT,3,negative_position,landmark_right,images/LEG_RIGHT/leg_right_08_row206_3.dcm,geometry/leg_right_08_row206_3.json,2.25.158646777318759504110695916200521633609/series_004_2_CR/A2507266260 DXA/CR DXA/CR000010.dcm,1.2.643.5.1.13.13.12.2.77.8252.10030514041010111403040803061004,scanner_nominal_user_supplied,0.6892100147385956,0.3938342941363403,,,,1,1,0,,2.295758559094262,5.761795723214659,2.732422332717929,297,2,0.00818562330150728,0
leg_right_08_row206,206,LEG_RIGHT,4,negative_axis_or_roi,roi_top_26.2mm,images/LEG_RIGHT/leg_right_08_row206_4.dcm,geometry/leg_right_08_row206_4.json,2.25.158646777318759504110695916200521633609/series_004_2_CR/A2507266260 DXA/CR DXA/CR000010.dcm,1.2.643.5.1.13.13.12.2.77.8252.10030514041010111403040803061004,scanner_nominal_user_supplied,0.8739018544307708,0.4993724882461547,,,,0,1,0,,2.615588250311297,10.798805215201034,3.213461961864005,189,2,0.006450572488308337,0
leg_right_08_row206,206,LEG_RIGHT,5,negative_axis_or_roi,roi_lateral_17.5mm,images/LEG_RIGHT/leg_right_08_row206_5.dcm,geometry/leg_right_08_row206_5.json,2.25.158646777318759504110695916200521633609/series_004_2_CR/A2507266260 DXA/CR DXA/CR000010.dcm,1.2.643.5.1.13.13.12.2.77.8252.10030514041010111403040803061004,scanner_nominal_user_supplied,0.8372101738199973,0.478405813611427,,,,0,1,0,,4.558609396449886,7.791915087742714,1.7500084661905997,198,2,0.005732483810886679,0
leg_right_09_row030,30,LEG_RIGHT,0,source,source,C:\Users\Андрей\Desktop\Хакатон\Исследования\2.25.102965897799404973225419898683246248872\series_001_2_CR\A250726353 DXA\CR DXA\CR000002.dcm,geometry/leg_right_09_row030_0.json,2.25.102965897799404973225419898683246248872/series_001_2_CR/A250726353 DXA/CR DXA/CR000002.dcm,1.2.643.5.1.13.13.12.2.77.8252.02150001030902110114090106081007,scanner_nominal_user_supplied,1.05,0.6,,,,0,0,1,,7.604100000000001,6.981450000000001,3.6786000000000003,0,5,0.0,0
leg_right_09_row030,30,LEG_RIGHT,1,positive,roi_positive_distances,images/LEG_RIGHT/leg_right_09_row030_1.dcm,geometry/leg_right_09_row030_1.json,2.25.102965897799404973225419898683246248872/series_001_2_CR/A250726353 DXA/CR DXA/CR000002.dcm,1.2.643.5.1.13.13.12.2.77.8252.02150001030902110114090106081007,scanner_nominal_user_supplied,1.023043190637059,0.5845961089354622,,,,0,0,1,,7.139818427456035,6.738785496726308,3.402933950113326,0,5,0.0,0
leg_right_09_row030,30,LEG_RIGHT,2,negative_position,landmark_right,images/LEG_RIGHT/leg_right_09_row030_2.dcm,geometry/leg_right_09_row030_2.json,2.25.102965897799404973225419898683246248872/series_001_2_CR/A250726353 DXA/CR DXA/CR000002.dcm,1.2.643.5.1.13.13.12.2.77.8252.02150001030902110114090106081007,scanner_nominal_user_supplied,0.6772295562547888,0.38698831785987925,,,,1,1,1,,1.7269353684497113,3.092230153859365,2.472855351124628,0,5,0.0,0
leg_right_09_row030,30,LEG_RIGHT,3,negative_position,landmark_top,images/LEG_RIGHT/leg_right_09_row030_3.dcm,geometry/leg_right_09_row030_3.json,2.25.102965897799404973225419898683246248872/series_001_2_CR/A250726353 DXA/CR DXA/CR000002.dcm,1.2.643.5.1.13.13.12.2.77.8252.02150001030902110114090106081007,scanner_nominal_user_supplied,0.6180116934089521,0.3531495390908298,,,,1,1,1,,0.0,5.16657775689884,1.3356115568415183,0,5,0.0,0
leg_right_09_row030,30,LEG_RIGHT,4,negative_axis_or_roi,roi_lateral_16.2mm,images/LEG_RIGHT/leg_right_09_row030_4.dcm,geometry/leg_right_09_row030_4.json,2.25.102965897799404973225419898683246248872/series_001_2_CR/A250726353 DXA/CR DXA/CR000002.dcm,1.2.643.5.1.13.13.12.2.77.8252.02150001030902110114090106081007,scanner_nominal_user_supplied,0.9074112967980913,0.5185207410274807,,,,0,1,1,,4.859187494353779,5.990729381461,1.6245254816390968,0,5,0.0,0
leg_right_09_row030,30,LEG_RIGHT,5,negative_axis_or_roi,roi_lateral_15.8mm,images/LEG_RIGHT/leg_right_09_row030_5.dcm,geometry/leg_right_09_row030_5.json,2.25.102965897799404973225419898683246248872/series_001_2_CR/A250726353 DXA/CR DXA/CR000002.dcm,1.2.643.5.1.13.13.12.2.77.8252.02150001030902110114090106081007,scanner_nominal_user_supplied,0.892972627400113,0.5102700728000645,,,,0,1,1,,5.392661696869282,5.078335332024443,1.579796145389,0,5,0.0,0
leg_right_10_row037,37,LEG_RIGHT,0,source,source,C:\Users\Андрей\Desktop\Хакатон\Исследования\2.25.105033841136787477881326326053319223817\series_001_2_CR\A250790559 DXA\CR DXA\CR000003.dcm,geometry/leg_right_10_row037_0.json,2.25.105033841136787477881326326053319223817/series_001_2_CR/A250790559 DXA/CR DXA/CR000003.dcm,1.2.643.5.1.13.13.12.2.77.8252.07010502020008121005080211011503,scanner_nominal_user_supplied,1.05,0.6,,,,0,0,1,,7.48335,5.4159000000000015,4.6644,0,1,0.0,0
leg_right_10_row037,37,LEG_RIGHT,1,positive,roi_positive_distances,images/LEG_RIGHT/leg_right_10_row037_1.dcm,geometry/leg_right_10_row037_1.json,2.25.105033841136787477881326326053319223817/series_001_2_CR/A250790559 DXA/CR DXA/CR000003.dcm,1.2.643.5.1.13.13.12.2.77.8252.07010502020008121005080211011503,scanner_nominal_user_supplied,0.9783579217056152,0.5590616695460658,,,,0,0,1,,5.90830348918021,5.299764861879316,3.8793289249801512,0,1,0.0,0
leg_right_10_row037,37,LEG_RIGHT,2,negative_position,landmark_right,images/LEG_RIGHT/leg_right_10_row037_2.dcm,geometry/leg_right_10_row037_2.json,2.25.105033841136787477881326326053319223817/series_001_2_CR/A250790559 DXA/CR DXA/CR000003.dcm,1.2.643.5.1.13.13.12.2.77.8252.07010502020008121005080211011503,scanner_nominal_user_supplied,0.6019928975171553,0.3439959414383745,,,,1,1,1,,0.5399876290728883,1.786112926933399,0.3797715193479654,0,1,0.0,0
leg_right_10_row037,37,LEG_RIGHT,3,negative_position,landmark_top,images/LEG_RIGHT/leg_right_10_row037_3.dcm,geometry/leg_right_10_row037_3.json,2.25.105033841136787477881326326053319223817/series_001_2_CR/A250790559 DXA/CR DXA/CR000003.dcm,1.2.643.5.1.13.13.12.2.77.8252.07010502020008121005080211011503,scanner_nominal_user_supplied,0.5852990224143122,0.33445658423674984,,,,1,1,1,,0.0,3.807955439827515,1.9104160091603148,0,1,0.0,0
leg_right_10_row037,37,LEG_RIGHT,4,negative_axis_or_roi,roi_bottom_23.6mm,images/LEG_RIGHT/leg_right_10_row037_4.dcm,geometry/leg_right_10_row037_4.json,2.25.105033841136787477881326326053319223817/series_001_2_CR/A250790559 DXA/CR DXA/CR000003.dcm,1.2.643.5.1.13.13.12.2.77.8252.07010502020008121005080211011503,scanner_nominal_user_supplied,0.9156892003590371,0.5232509716337355,,,,0,1,1,,7.369466684489531,2.35973106932524,3.2022959463984613,0,1,0.0,0
leg_right_10_row037,37,LEG_RIGHT,5,negative_axis_or_roi,roi_lateral_15.7mm,images/LEG_RIGHT/leg_right_10_row037_5.dcm,geometry/leg_right_10_row037_5.json,2.25.105033841136787477881326326053319223817/series_001_2_CR/A250790559 DXA/CR DXA/CR000003.dcm,1.2.643.5.1.13.13.12.2.77.8252.07010502020008121005080211011503,scanner_nominal_user_supplied,0.8109148202719527,0.4633798972982587,,,,0,1,1,,4.029435741931333,3.227440984682373,1.5727113714302898,0,1,0.0,0
