relative_path,label,notes,annotator,annotated_at,output_path,side,metal,fracture,spine_issue,geometry_path,geometry_spine_complete,geometry_hip_complete
2.25.39068163399801173920284179500049527111/series_002_2_CR/A2504195842 DXA/CR DXA/CR000001.dcm,LEG,,,2026-09-27T10:06:45,2.25.39068163399801173920284179500049527111/series_002_2_CR/A2504195842 DXA/CR DXA/CR000001.dcm,LEFT,0,0,,geometry/77b92a84e6866ad86fdce4dcdd1b3f365a4ab9a735753573f30b7739f0061ca7.json,0,0
2.25.39068163399801173920284179500049527111/series_002_2_CR/A2504195842 DXA/CR DXA/CR000002.dcm,SPINE,,,2026-09-27T10:07:44,2.25.39068163399801173920284179500049527111/series_002_2_CR/A2504195842 DXA/CR DXA/CR000002.dcm,,0,,NONE,geometry/cba9d2c28c17fc35686200d183046b87ea3d93f7f7656484b87c6a5d38c8d7a2.json,0,0
2.25.48906424954135283790354958243772558962/series_001_2_CR/A2504185596 DXA Exam/CR DXA Images/CR000000.dcm,LEG,,,2026-09-27T10:08:07,2.25.48906424954135283790354958243772558962/series_001_2_CR/A2504185596 DXA Exam/CR DXA Images/CR000000.dcm,RIGHT,0,0,,geometry/b439ea6dd1d6cde004f5cee23fb2db1e877dc3098844414e455ae1195a2a42a0.json,0,0
2.25.48906424954135283790354958243772558962/series_001_2_CR/A2504185596 DXA Exam/CR DXA Images/CR000001.dcm,LEG,,,2026-09-27T10:08:18,2.25.48906424954135283790354958243772558962/series_001_2_CR/A2504185596 DXA Exam/CR DXA Images/CR000001.dcm,LEFT,0,0,,geometry/dd0d53825d30cd02829feccc6f4217152253f68e6c7d19de29dc2aedf0a7575a.json,0,0
2.25.48906424954135283790354958243772558962/series_001_2_CR/A2504185596 DXA Exam/CR DXA Images/CR000002.dcm,SPINE,,,2026-09-27T10:08:40,2.25.48906424954135283790354958243772558962/series_001_2_CR/A2504185596 DXA Exam/CR DXA Images/CR000002.dcm,,0,,NONE,geometry/6cf0d8690c2e33c7ca89da9ead802ffd85a063ec009dadb55d17a9d465f5023f.json,0,0
2.25.52532476139575422857225834315571570912/series_001_2_CR/A2504247961 DXA/CR DXA/CR000000.dcm,SPINE,,,2026-09-27T10:10:24,2.25.52532476139575422857225834315571570912/series_001_2_CR/A2504247961 DXA/CR DXA/CR000000.dcm,,0,,SCOLIOSIS,geometry/605d684de7d1201b42281a1ae6b37af263aa4d3a13b4f03bd8e2a01ca3a0a81a.json,0,0
2.25.52982400970721161435951723390541696819/series_001_2_CR/A2504331065 DXA/CR DXA/CR000000.dcm,LEG,,,2026-09-27T10:10:40,2.25.52982400970721161435951723390541696819/series_001_2_CR/A2504331065 DXA/CR DXA/CR000000.dcm,RIGHT,0,0,,geometry/ed3ba4697bdf96f26384aad6dcd166b3a4c4013b4b68b1683d2083d286ca5b55.json,0,0
2.25.52982400970721161435951723390541696819/series_001_2_CR/A2504331065 DXA/CR DXA/CR000001.dcm,LEG,,,2026-09-27T10:10:43,2.25.52982400970721161435951723390541696819/series_001_2_CR/A2504331065 DXA/CR DXA/CR000001.dcm,LEFT,0,0,,geometry/c27de2692c62114e2cdf211c6fe1ccd174cad2137c0fc0e020be456d56bf859f.json,0,0
2.25.52982400970721161435951723390541696819/series_001_2_CR/A2504331065 DXA/CR DXA/CR000002.dcm,SPINE,нашел,,2026-09-27T10:11:11,2.25.52982400970721161435951723390541696819/series_001_2_CR/A2504331065 DXA/CR DXA/CR000002.dcm,,0,,LUMBARIZATION,geometry/db14a8f73857cfc8132f24b92b9e3c8ef461de4793a8d5ab12812788210dc779.json,0,0
2.25.52982400970721161435951723390541696819/series_001_2_CR/A2504331065 DXA/CR DXA/CR000003.dcm,LEG,,,2026-09-27T10:11:48,2.25.52982400970721161435951723390541696819/series_001_2_CR/A2504331065 DXA/CR DXA/CR000003.dcm,RIGHT,0,0,,geometry/68c48d3e1335c7785ccea90b413e30f9c20748730949929c9d8c3151dc802c28.json,0,0
2.25.52982400970721161435951723390541696819/series_001_2_CR/A2504331065 DXA/CR DXA/CR000004.dcm,SPINE,и еще нашел,,2026-09-27T10:12:01,2.25.52982400970721161435951723390541696819/series_001_2_CR/A2504331065 DXA/CR DXA/CR000004.dcm,,0,,LUMBARIZATION,geometry/79715bc82b31dd1457e71575f7c8de5f7b1b796f5b31651398b24eceb0dad736.json,0,0
2.25.52982400970721161435951723390541696819/series_001_2_CR/A2504331065 DXA/CR DXA/CR000005.dcm,LEG,,,2026-09-27T10:13:21,2.25.52982400970721161435951723390541696819/series_001_2_CR/A2504331065 DXA/CR DXA/CR000005.dcm,LEFT,0,0,,geometry/c0fb854a40bf8f8d2129da215def27d08ef8f716feec0ffda75a35a575406c8c.json,0,0
2.25.52982400970721161435951723390541696819/series_001_2_CR/A2504331065 DXA/CR DXA/CR000006.dcm,LEG,,,2026-09-27T10:13:24,2.25.52982400970721161435951723390541696819/series_001_2_CR/A2504331065 DXA/CR DXA/CR000006.dcm,RIGHT,0,0,,geometry/845459b4bd50990baa51062260dd40e3055a2f21a55f7b911758ca8d2af3d8b4.json,0,0
2.25.52982400970721161435951723390541696819/series_001_2_CR/A2504331065 DXA/CR DXA/CR000007.dcm,LEG,,,2026-09-27T10:13:26,2.25.52982400970721161435951723390541696819/series_001_2_CR/A2504331065 DXA/CR DXA/CR000007.dcm,LEFT,0,0,,geometry/04734d525e0f16c2e996a618ebb4d14eb7e2db609ef90701c08a2041c10b816a.json,0,0
2.25.54396839637320114639948764487283877793/series_003_2_CR/A2504111090 DXA/CR DXA/CR000000.dcm,SPINE,,,2026-09-27T10:14:56,2.25.54396839637320114639948764487283877793/series_003_2_CR/A2504111090 DXA/CR DXA/CR000000.dcm,,0,,SCOLIOSIS,geometry/364bc827261571705bef469b36343c3068715d38adc648af66ff9307173f1e50.json,0,0
2.25.59542620917302828428419211045951914336/series_001_2_CR/A2504303391 DXA/CR DXA/CR000000.dcm,SPINE,,,2026-09-27T10:16:08,2.25.59542620917302828428419211045951914336/series_001_2_CR/A2504303391 DXA/CR DXA/CR000000.dcm,,0,,NONE,geometry/d76f29901b69a4b583ec14ec24742b629ba950ecaa978787edf8d7475f947ed6.json,0,0
2.25.65954778282254353457041255543338557112/series_004_3_CR/A2504246289 DXA/CR DXA/CR000000.dcm,LEG,,,2026-09-27T10:16:23,2.25.65954778282254353457041255543338557112/series_004_3_CR/A2504246289 DXA/CR DXA/CR000000.dcm,RIGHT,0,0,,geometry/fdc7fc3622d4ac4ec9c2a9c8c83edd08a773a4cf965e0f1e29c5f6a92a8df4c0.json,0,0
2.25.65954778282254353457041255543338557112/series_004_3_CR/A2504246289 DXA/CR DXA/CR000001.dcm,LEG,,,2026-09-27T10:16:27,2.25.65954778282254353457041255543338557112/series_004_3_CR/A2504246289 DXA/CR DXA/CR000001.dcm,LEFT,0,0,,geometry/817e3d4bdcd664be52f5d98b95f2d9eed21e47b2235d1e2b606050325dfdebf4.json,0,0
2.25.65954778282254353457041255543338557112/series_004_3_CR/A2504246289 DXA/CR DXA/CR000002.dcm,SPINE,,,2026-09-27T10:16:47,2.25.65954778282254353457041255543338557112/series_004_3_CR/A2504246289 DXA/CR DXA/CR000002.dcm,,0,,NONE,geometry/558062158a9d5b980b2393ccfc5b543d9fddccadaee99045d906d4c2fe46b596.json,0,0
2.25.65954778282254353457041255543338557112/series_004_3_CR/A2504246289 DXA/CR DXA/CR000002.dcm,SPINE,,,2026-09-27T10:17:07,2.25.65954778282254353457041255543338557112/series_004_3_CR/A2504246289 DXA/CR DXA/CR000002.dcm,,0,,NONE,geometry/558062158a9d5b980b2393ccfc5b543d9fddccadaee99045d906d4c2fe46b596.json,0,0
2.25.66397484472966116002950503539482860450/series_001_2_CR/A2504194637 DXA/CR DXA/CR000000.dcm,LEG,,,2026-09-27T10:17:11,2.25.66397484472966116002950503539482860450/series_001_2_CR/A2504194637 DXA/CR DXA/CR000000.dcm,LEFT,0,0,,geometry/8cd07f24a2c6bbc856b4a5146d3e4ff5ec73cea604cfc436f7e1ba2c088cf886.json,0,0
2.25.66397484472966116002950503539482860450/series_001_2_CR/A2504194637 DXA/CR DXA/CR000001.dcm,LEG,,,2026-09-27T10:17:13,2.25.66397484472966116002950503539482860450/series_001_2_CR/A2504194637 DXA/CR DXA/CR000001.dcm,LEFT,0,0,,geometry/7d7d64c97e7f732744cfedd6207fe212cd044b3af0757f441d3f46c8eac72ab2.json,0,0
2.25.66397484472966116002950503539482860450/series_001_2_CR/A2504194637 DXA/CR DXA/CR000002.dcm,LEG,,,2026-09-27T10:17:15,2.25.66397484472966116002950503539482860450/series_001_2_CR/A2504194637 DXA/CR DXA/CR000002.dcm,LEFT,0,0,,geometry/89712679275d8414e7fb4cc02c8655ed9e90a49ea62b8dd45cee8d92df8014b2.json,0,0
2.25.66397484472966116002950503539482860450/series_001_2_CR/A2504194637 DXA/CR DXA/CR000003.dcm,LEG,,,2026-09-27T10:17:17,2.25.66397484472966116002950503539482860450/series_001_2_CR/A2504194637 DXA/CR DXA/CR000003.dcm,RIGHT,0,0,,geometry/813c1e9e698bc0e21e1d6c5988e3aac528db5606b61a7fddc4934532f6fc39c8.json,0,0
2.25.66397484472966116002950503539482860450/series_001_2_CR/A2504194637 DXA/CR DXA/CR000004.dcm,SPINE,,,2026-09-27T10:17:35,2.25.66397484472966116002950503539482860450/series_001_2_CR/A2504194637 DXA/CR DXA/CR000004.dcm,,,,NONE,geometry/57f6b497d1a4e1729ea35b658e802290b99bf161ff0ffda6cdfb67ffa0c03f4a.json,0,0
2.25.66397484472966116002950503539482860450/series_001_2_CR/A2504194637 DXA/CR DXA/CR000005.dcm,LEG,,,2026-09-27T10:17:39,2.25.66397484472966116002950503539482860450/series_001_2_CR/A2504194637 DXA/CR DXA/CR000005.dcm,LEFT,0,0,,geometry/b704cf716259579f085cd4aeada1b21f74e1341f48ae554040346ef1926cd264.json,0,0
2.25.66397484472966116002950503539482860450/series_001_2_CR/A2504194637 DXA/CR DXA/CR000006.dcm,LEG,,,2026-09-27T10:17:40,2.25.66397484472966116002950503539482860450/series_001_2_CR/A2504194637 DXA/CR DXA/CR000006.dcm,RIGHT,0,0,,geometry/e4023a4b4168dad328cdc8e882a8968cab7eec48ba379a16b91d2be7f5131675.json,0,0
2.25.66397484472966116002950503539482860450/series_001_2_CR/A2504194637 DXA/CR DXA/CR000007.dcm,LEG,,,2026-09-27T10:17:42,2.25.66397484472966116002950503539482860450/series_001_2_CR/A2504194637 DXA/CR DXA/CR000007.dcm,RIGHT,0,0,,geometry/793c85eb520d11a070bc6882828b614bb66e4194f8dcd7ccf7118041c85dedac.json,0,0
2.25.66397484472966116002950503539482860450/series_001_2_CR/A2504194637 DXA/CR DXA/CR000007.dcm,LEG,,,2026-09-27T10:17:45,2.25.66397484472966116002950503539482860450/series_001_2_CR/A2504194637 DXA/CR DXA/CR000007.dcm,RIGHT,0,0,,geometry/793c85eb520d11a070bc6882828b614bb66e4194f8dcd7ccf7118041c85dedac.json,0,0
2.25.66397484472966116002950503539482860450/series_001_2_CR/A2504194637 DXA/CR DXA/CR000008.dcm,SPINE,,,2026-09-27T10:17:48,2.25.66397484472966116002950503539482860450/series_001_2_CR/A2504194637 DXA/CR DXA/CR000008.dcm,,,,NONE,geometry/679ab2b7ea45d8cf46194b75ef0033a0d5435d7eb16e9e81bc4848b86b33e9e7.json,0,0
2.25.66397484472966116002950503539482860450/series_001_2_CR/A2504194637 DXA/CR DXA/CR000009.dcm,SPINE,,,2026-09-27T10:17:49,2.25.66397484472966116002950503539482860450/series_001_2_CR/A2504194637 DXA/CR DXA/CR000009.dcm,,,,NONE,geometry/cc7efb830021c951c42eb00482d58f4ed81d363900f2811ded3d49176494c889.json,0,0
2.25.66397484472966116002950503539482860450/series_001_2_CR/A2504194637 DXA/CR DXA/CR000010.dcm,LEG,,,2026-09-27T10:17:51,2.25.66397484472966116002950503539482860450/series_001_2_CR/A2504194637 DXA/CR DXA/CR000010.dcm,RIGHT,0,0,,geometry/ad0129fc5bf4b38e29aee9ec03a89a5d361c421bb2af2cbde61f63670d6c2e6b.json,0,0
2.25.73070100851377917031356937075051545239/series_002_2_CR/A2504239110 DXA/CR DXA/CR000000.dcm,LEG,,,2026-09-27T10:17:52,2.25.73070100851377917031356937075051545239/series_002_2_CR/A2504239110 DXA/CR DXA/CR000000.dcm,LEFT,0,0,,geometry/fcaaf81d2c30136bbce64e70c9709cdbcf42dc8416bc5ce9d27672a7ab954785.json,0,0
2.25.73070100851377917031356937075051545239/series_002_2_CR/A2504239110 DXA/CR DXA/CR000002.dcm,SPINE,,,2026-09-27T10:17:59,2.25.73070100851377917031356937075051545239/series_002_2_CR/A2504239110 DXA/CR DXA/CR000002.dcm,,,,NONE,geometry/7e573e7fa1dcf3e8cb655ddae88975c9aa8c523010ab24f89187c9d7f4fd1bc0.json,0,0
2.25.73070100851377917031356937075051545239/series_002_2_CR/A2504239110 DXA/CR DXA/CR000003.dcm,SPINE,,,2026-09-27T10:18:03,2.25.73070100851377917031356937075051545239/series_002_2_CR/A2504239110 DXA/CR DXA/CR000003.dcm,,,,NONE,geometry/428ff3a95a2ba7cb9a4225ae732b1aef55d7d6749a3f22db1fb33d6bd8ee8629.json,0,0
2.25.73070100851377917031356937075051545239/series_002_2_CR/A2504239110 DXA/CR DXA/CR000004.dcm,LEG,,,2026-09-27T10:18:06,2.25.73070100851377917031356937075051545239/series_002_2_CR/A2504239110 DXA/CR DXA/CR000004.dcm,LEFT,0,0,,geometry/4fd7cd13fba23a1cdb266c0fdeaa1ae0e91432828e608b0e26d13cf42b749c10.json,0,0
2.25.73070100851377917031356937075051545239/series_002_2_CR/A2504239110 DXA/CR DXA/CR000005.dcm,LEG,,,2026-09-27T10:18:09,2.25.73070100851377917031356937075051545239/series_002_2_CR/A2504239110 DXA/CR DXA/CR000005.dcm,RIGHT,0,0,,geometry/ba6469d29481843e42c79c507b28b767dacfa05da90577f30275cefb853508bb.json,0,0
2.25.76710355977373089612172037086913478687/series_002_3_CR/A2504104830 DXA/CR DXA/CR000000.dcm,LEG,,,2026-09-27T10:18:11,2.25.76710355977373089612172037086913478687/series_002_3_CR/A2504104830 DXA/CR DXA/CR000000.dcm,RIGHT,0,0,,geometry/eddb51af31acc031db0d6061d8c73a7b3deea0b7a47e14eec3f6ecf3641cfc47.json,0,0
2.25.76710355977373089612172037086913478687/series_002_3_CR/A2504104830 DXA/CR DXA/CR000001.dcm,SPINE,,,2026-09-27T10:18:24,2.25.76710355977373089612172037086913478687/series_002_3_CR/A2504104830 DXA/CR DXA/CR000001.dcm,,,,NONE,geometry/168a4ab038dcb0c255c0303f99f49ae5c8e649be98ea27bfaf1966b4880a13b4.json,0,0
2.25.76710355977373089612172037086913478687/series_002_3_CR/A2504104830 DXA/CR DXA/CR000002.dcm,LEG,,,2026-09-27T10:18:28,2.25.76710355977373089612172037086913478687/series_002_3_CR/A2504104830 DXA/CR DXA/CR000002.dcm,LEFT,0,0,,geometry/4334bcd2c7c76f13f4d2a16f7766408678b7f38b641982a4018a5185fc7b481d.json,0,0
2.25.78999454687125053757525542837745968726/series_004_3_CR/A2504222617 DXA/CR DXA/CR000000.dcm,LEG,,,2026-09-27T10:18:30,2.25.78999454687125053757525542837745968726/series_004_3_CR/A2504222617 DXA/CR DXA/CR000000.dcm,LEFT,0,0,,geometry/25226a2d6a3aa4142f8bf00f4bd84a4e13619d103fdb76a5cbbc03a485512c7f.json,0,0
2.25.78999454687125053757525542837745968726/series_004_3_CR/A2504222617 DXA/CR DXA/CR000001.dcm,LEG,,,2026-09-27T10:18:33,2.25.78999454687125053757525542837745968726/series_004_3_CR/A2504222617 DXA/CR DXA/CR000001.dcm,RIGHT,0,0,,geometry/e69382065f7872a693ab973c85f741b6d0e37b06ba10a44e67ec141bc516d091.json,0,0
2.25.78999454687125053757525542837745968726/series_004_3_CR/A2504222617 DXA/CR DXA/CR000002.dcm,SPINE,,,2026-09-27T10:19:21,2.25.78999454687125053757525542837745968726/series_004_3_CR/A2504222617 DXA/CR DXA/CR000002.dcm,,,,NONE,geometry/e5a8de4b878657597085c50dc4c8a179b28eb7bcbd4ea2ceb7de7d5ad88f233e.json,0,0
2.25.82912555346523716720160717883917565880/series_002_2_CR/A2504149480 DXA/CR DXA/CR000000.dcm,LEG,,,2026-09-27T10:19:23,2.25.82912555346523716720160717883917565880/series_002_2_CR/A2504149480 DXA/CR DXA/CR000000.dcm,LEFT,0,0,,geometry/610a15a7641a1448e18fa1035bfaa02792f520134f28c47fb73c8e4d095c1356.json,0,0
2.25.82912555346523716720160717883917565880/series_002_2_CR/A2504149480 DXA/CR DXA/CR000001.dcm,SPINE,,,2026-09-27T10:19:26,2.25.82912555346523716720160717883917565880/series_002_2_CR/A2504149480 DXA/CR DXA/CR000001.dcm,,,,NONE,geometry/707253ea35e9194402cb57a7bf416f9f7cb8fce6eb1a79ef4cbeb64d0d6de453.json,0,0
2.25.82912555346523716720160717883917565880/series_002_2_CR/A2504149480 DXA/CR DXA/CR000002.dcm,LEG,,,2026-09-27T10:19:29,2.25.82912555346523716720160717883917565880/series_002_2_CR/A2504149480 DXA/CR DXA/CR000002.dcm,RIGHT,0,0,,geometry/ca258873463aeccc239e0dd281c94f14330259ae4631ea5eeb5a59f0da74b407.json,0,0
2.25.82912555346523716720160717883917565880/series_002_2_CR/A2504149480 DXA/CR DXA/CR000003.dcm,LEG,,,2026-09-27T10:19:32,2.25.82912555346523716720160717883917565880/series_002_2_CR/A2504149480 DXA/CR DXA/CR000003.dcm,LEFT,0,0,,geometry/451ee3f21afb9f913a676f8159339ed31142541046022b2aec6f9830543fe8e3.json,0,0
2.25.82912555346523716720160717883917565880/series_002_2_CR/A2504149480 DXA/CR DXA/CR000004.dcm,LEG,,,2026-09-27T10:19:34,2.25.82912555346523716720160717883917565880/series_002_2_CR/A2504149480 DXA/CR DXA/CR000004.dcm,RIGHT,0,0,,geometry/3ce7def020fca342613cd9cb4e0a59a81789f9160662f7969815792e58313335.json,0,0
2.25.82912555346523716720160717883917565880/series_002_2_CR/A2504149480 DXA/CR DXA/CR000005.dcm,SPINE,,,2026-09-27T10:19:37,2.25.82912555346523716720160717883917565880/series_002_2_CR/A2504149480 DXA/CR DXA/CR000005.dcm,,,,NONE,geometry/59a4b45e4d6c27451bb59828eb1dfb4bbad926936f81a86fef666eec9eaac8db.json,0,0
2.25.87718478011637131470224319788530286374/series_002_2_CR/A2504337993 DXA/CR DXA/CR000000.dcm,SPINE,,,2026-09-27T10:19:39,2.25.87718478011637131470224319788530286374/series_002_2_CR/A2504337993 DXA/CR DXA/CR000000.dcm,,,,NONE,geometry/e5fc3e0f5eb878d9f01a626d54b513d21a91e9c1b0f755a21034c2b0d8081ee6.json,0,0
2.25.87869906212286587478854831452123526595/series_002_2_CR/A250419699 DXA/CR DXA/CR000000.dcm,LEG,"справа вне кости белый артефакт, как будто метал в кармане",,2026-09-27T10:19:42,2.25.87869906212286587478854831452123526595/series_002_2_CR/A250419699 DXA/CR DXA/CR000000.dcm,LEFT,0,0,,geometry/a5ff45ad657a5df44e777a33d84fa37adbfc78ccea9165e54a3b47e50d98f5b6.json,0,0
2.25.87869906212286587478854831452123526595/series_002_2_CR/A250419699 DXA/CR DXA/CR000001.dcm,SPINE,,,2026-09-27T10:20:06,2.25.87869906212286587478854831452123526595/series_002_2_CR/A250419699 DXA/CR DXA/CR000001.dcm,,0,,NONE,geometry/d6979f45c1b22d6bef6136e426a11c268b19708ec3d2a4dd4e3d0b322bb38168.json,0,0
2.25.66397484472966116002950503539482860450/series_001_2_CR/A2504194637 DXA/CR DXA/CR000004.dcm,SPINE,,,2026-09-27T10:20:48,2.25.66397484472966116002950503539482860450/series_001_2_CR/A2504194637 DXA/CR DXA/CR000004.dcm,,0,,NONE,geometry/57f6b497d1a4e1729ea35b658e802290b99bf161ff0ffda6cdfb67ffa0c03f4a.json,0,0
2.25.66397484472966116002950503539482860450/series_001_2_CR/A2504194637 DXA/CR DXA/CR000008.dcm,SPINE,,,2026-09-27T10:20:52,2.25.66397484472966116002950503539482860450/series_001_2_CR/A2504194637 DXA/CR DXA/CR000008.dcm,,0,,NONE,geometry/679ab2b7ea45d8cf46194b75ef0033a0d5435d7eb16e9e81bc4848b86b33e9e7.json,0,0
2.25.66397484472966116002950503539482860450/series_001_2_CR/A2504194637 DXA/CR DXA/CR000009.dcm,SPINE,,,2026-09-27T10:20:56,2.25.66397484472966116002950503539482860450/series_001_2_CR/A2504194637 DXA/CR DXA/CR000009.dcm,,0,,NONE,geometry/cc7efb830021c951c42eb00482d58f4ed81d363900f2811ded3d49176494c889.json,0,0
2.25.73070100851377917031356937075051545239/series_002_2_CR/A2504239110 DXA/CR DXA/CR000002.dcm,SPINE,,,2026-09-27T10:21:01,2.25.73070100851377917031356937075051545239/series_002_2_CR/A2504239110 DXA/CR DXA/CR000002.dcm,,0,,NONE,geometry/7e573e7fa1dcf3e8cb655ddae88975c9aa8c523010ab24f89187c9d7f4fd1bc0.json,0,0
2.25.73070100851377917031356937075051545239/series_002_2_CR/A2504239110 DXA/CR DXA/CR000003.dcm,SPINE,,,2026-09-27T10:21:03,2.25.73070100851377917031356937075051545239/series_002_2_CR/A2504239110 DXA/CR DXA/CR000003.dcm,,0,,NONE,geometry/428ff3a95a2ba7cb9a4225ae732b1aef55d7d6749a3f22db1fb33d6bd8ee8629.json,0,0
2.25.76710355977373089612172037086913478687/series_002_3_CR/A2504104830 DXA/CR DXA/CR000001.dcm,SPINE,,,2026-09-27T10:21:07,2.25.76710355977373089612172037086913478687/series_002_3_CR/A2504104830 DXA/CR DXA/CR000001.dcm,,0,,NONE,geometry/168a4ab038dcb0c255c0303f99f49ae5c8e649be98ea27bfaf1966b4880a13b4.json,0,0
2.25.78999454687125053757525542837745968726/series_004_3_CR/A2504222617 DXA/CR DXA/CR000002.dcm,SPINE,,,2026-09-27T10:21:12,2.25.78999454687125053757525542837745968726/series_004_3_CR/A2504222617 DXA/CR DXA/CR000002.dcm,,0,,NONE,geometry/e5a8de4b878657597085c50dc4c8a179b28eb7bcbd4ea2ceb7de7d5ad88f233e.json,0,0
2.25.82912555346523716720160717883917565880/series_002_2_CR/A2504149480 DXA/CR DXA/CR000001.dcm,SPINE,,,2026-09-27T10:21:16,2.25.82912555346523716720160717883917565880/series_002_2_CR/A2504149480 DXA/CR DXA/CR000001.dcm,,0,,NONE,geometry/707253ea35e9194402cb57a7bf416f9f7cb8fce6eb1a79ef4cbeb64d0d6de453.json,0,0
2.25.82912555346523716720160717883917565880/series_002_2_CR/A2504149480 DXA/CR DXA/CR000005.dcm,SPINE,,,2026-09-27T10:21:24,2.25.82912555346523716720160717883917565880/series_002_2_CR/A2504149480 DXA/CR DXA/CR000005.dcm,,0,,NONE,geometry/59a4b45e4d6c27451bb59828eb1dfb4bbad926936f81a86fef666eec9eaac8db.json,0,0
2.25.87718478011637131470224319788530286374/series_002_2_CR/A2504337993 DXA/CR DXA/CR000000.dcm,SPINE,,,2026-09-27T10:21:27,2.25.87718478011637131470224319788530286374/series_002_2_CR/A2504337993 DXA/CR DXA/CR000000.dcm,,0,,NONE,geometry/e5fc3e0f5eb878d9f01a626d54b513d21a91e9c1b0f755a21034c2b0d8081ee6.json,0,0
2.25.87718478011637131470224319788530286374/series_002_2_CR/A2504337993 DXA/CR DXA/CR000000.dcm,SPINE,,,2026-09-27T10:22:17,2.25.87718478011637131470224319788530286374/series_002_2_CR/A2504337993 DXA/CR DXA/CR000000.dcm,,0,,NONE,geometry/e5fc3e0f5eb878d9f01a626d54b513d21a91e9c1b0f755a21034c2b0d8081ee6.json,0,0
2.25.87869906212286587478854831452123526595/series_002_2_CR/A250419699 DXA/CR DXA/CR000000.dcm,LEG,"справа вне кости белый артефакт, как будто метал в кармане",,2026-09-27T10:22:20,2.25.87869906212286587478854831452123526595/series_002_2_CR/A250419699 DXA/CR DXA/CR000000.dcm,LEFT,0,0,,geometry/a5ff45ad657a5df44e777a33d84fa37adbfc78ccea9165e54a3b47e50d98f5b6.json,0,0
2.25.87869906212286587478854831452123526595/series_002_2_CR/A250419699 DXA/CR DXA/CR000001.dcm,SPINE,,,2026-09-27T10:22:43,2.25.87869906212286587478854831452123526595/series_002_2_CR/A250419699 DXA/CR DXA/CR000001.dcm,,0,,NONE,geometry/d6979f45c1b22d6bef6136e426a11c268b19708ec3d2a4dd4e3d0b322bb38168.json,0,0
2.25.87869906212286587478854831452123526595/series_002_2_CR/A250419699 DXA/CR DXA/CR000002.dcm,LEG,,,2026-09-27T10:22:49,2.25.87869906212286587478854831452123526595/series_002_2_CR/A250419699 DXA/CR DXA/CR000002.dcm,RIGHT,0,0,,geometry/32320b16fc2d574fcbc384d7553ab3305af00222ecc58767569687c7b3d854db.json,0,0
2.25.91981043841368764114007975581101713077/series_003_2_CR/A250496619 DXA/CR DXA/CR000000.dcm,LEG,,,2026-09-27T10:22:51,2.25.91981043841368764114007975581101713077/series_003_2_CR/A250496619 DXA/CR DXA/CR000000.dcm,LEFT,0,0,,geometry/0d9897509dcf8ace0ac0294a7e40a6bed01d750bdd1a9c6d6d1132036d989d94.json,0,0
2.25.91981043841368764114007975581101713077/series_003_2_CR/A250496619 DXA/CR DXA/CR000001.dcm,LEG,,,2026-09-27T10:22:52,2.25.91981043841368764114007975581101713077/series_003_2_CR/A250496619 DXA/CR DXA/CR000001.dcm,LEFT,0,0,,geometry/7754a7711c51494873e1fd636c1a6febbadd8c7bb8fa71ba8b566b8d3a73ba13.json,0,0
2.25.91981043841368764114007975581101713077/series_003_2_CR/A250496619 DXA/CR DXA/CR000002.dcm,LEG,,,2026-09-27T10:22:54,2.25.91981043841368764114007975581101713077/series_003_2_CR/A250496619 DXA/CR DXA/CR000002.dcm,RIGHT,0,0,,geometry/7406ef50230e8866b76ea2a4dfe1463a1b5dc555da499f91f03112cc4505fd8c.json,0,0
2.25.91981043841368764114007975581101713077/series_003_2_CR/A250496619 DXA/CR DXA/CR000003.dcm,LEG,,,2026-09-27T10:22:56,2.25.91981043841368764114007975581101713077/series_003_2_CR/A250496619 DXA/CR DXA/CR000003.dcm,LEFT,0,0,,geometry/b6950ddaf7a1a4c7a74715ee2fbe5d44030beb977c77200430e08638b9872a39.json,0,0
2.25.91981043841368764114007975581101713077/series_003_2_CR/A250496619 DXA/CR DXA/CR000003.dcm,LEG,,,2026-09-27T10:23:05,2.25.91981043841368764114007975581101713077/series_003_2_CR/A250496619 DXA/CR DXA/CR000003.dcm,LEFT,0,0,,geometry/b6950ddaf7a1a4c7a74715ee2fbe5d44030beb977c77200430e08638b9872a39.json,0,0
2.25.91981043841368764114007975581101713077/series_003_2_CR/A250496619 DXA/CR DXA/CR000004.dcm,SPINE,,,2026-09-27T10:23:33,2.25.91981043841368764114007975581101713077/series_003_2_CR/A250496619 DXA/CR DXA/CR000004.dcm,,0,,NONE,geometry/8d9e63ee006e497599d25898e7ae1022e8db0c9287b563f324807b3cbf7ee431.json,0,0
2.25.91981043841368764114007975581101713077/series_003_2_CR/A250496619 DXA/CR DXA/CR000005.dcm,LEG,,,2026-09-27T10:23:36,2.25.91981043841368764114007975581101713077/series_003_2_CR/A250496619 DXA/CR DXA/CR000005.dcm,RIGHT,0,0,,geometry/b58b2c0b31a73a0487609e225b0d6e0ec168f5dd22a5143c2204d10d767a501d.json,0,0
2.25.91981043841368764114007975581101713077/series_003_2_CR/A250496619 DXA/CR DXA/CR000006.dcm,LEG,,,2026-09-27T10:23:38,2.25.91981043841368764114007975581101713077/series_003_2_CR/A250496619 DXA/CR DXA/CR000006.dcm,RIGHT,0,0,,geometry/21aea568d003bf0764604b083117176afc5fd946f391bab36d8e4a01eff20dc9.json,0,0
2.25.91981043841368764114007975581101713077/series_003_2_CR/A250496619 DXA/CR DXA/CR000007.dcm,LEG,,,2026-09-27T10:23:39,2.25.91981043841368764114007975581101713077/series_003_2_CR/A250496619 DXA/CR DXA/CR000007.dcm,RIGHT,0,0,,geometry/945c36c145ad8696299adabbbf9111dc64dc8ecdb9a079b6dd35068bed6c306c.json,0,0
2.25.91981043841368764114007975581101713077/series_003_2_CR/A250496619 DXA/CR DXA/CR000008.dcm,LEG,,,2026-09-27T10:23:41,2.25.91981043841368764114007975581101713077/series_003_2_CR/A250496619 DXA/CR DXA/CR000008.dcm,LEFT,0,0,,geometry/323c0a1a3d4587772f85b0dfed3fc18f09c1171751c80562d4cda8a2dd6105b6.json,0,0
2.25.91981043841368764114007975581101713077/series_003_2_CR/A250496619 DXA/CR DXA/CR000009.dcm,SPINE,,,2026-09-27T10:23:51,2.25.91981043841368764114007975581101713077/series_003_2_CR/A250496619 DXA/CR DXA/CR000009.dcm,,0,,NONE,geometry/9db7f180ed940469c74db26b5cf605073267de56ab52dc0689564a25c5f0e281.json,0,0
2.25.91981043841368764114007975581101713077/series_003_2_CR/A250496619 DXA/CR DXA/CR000010.dcm,SPINE,,,2026-09-27T10:23:56,2.25.91981043841368764114007975581101713077/series_003_2_CR/A250496619 DXA/CR DXA/CR000010.dcm,,0,,NONE,geometry/71bb700d191a37f29619f88853f5039e05e24b9c7b0a39bdba9f54e5bf9e8eaf.json,0,0
2.25.91981043841368764114007975581101713077/series_003_2_CR/A250496619 DXA/CR DXA/CR000011.dcm,LEG,,,2026-09-27T10:24:03,2.25.91981043841368764114007975581101713077/series_003_2_CR/A250496619 DXA/CR DXA/CR000011.dcm,RIGHT,0,0,,geometry/975f397a9cfa223c8364c65085d60ac1cc73da44b4d91913a1367edb13937fa4.json,0,0
2.25.322202456901330781765399791024580391565/series_002_2_CR/A2504350020 DXA/CR DXA/CR000000.dcm,SPINE,,,2026-09-27T10:24:47,2.25.322202456901330781765399791024580391565/series_002_2_CR/A2504350020 DXA/CR DXA/CR000000.dcm,,0,,SCOLIOSIS,geometry/953b822e172a790162617b04af81f837de6f53343193a6a927d3f6879168da08.json,0,0
