task,n_studies,positives,folds,method,n,tn,fp,fn,tp,sensitivity,specificity,balanced_accuracy,f1,roc_auc,average_precision,delta_ba_vs_rules,delta_ba_ci95_low,delta_ba_ci95_high
spine_position,99,6,5,rules,99,65,28,3,3,0.5,0.6989247311827957,0.5994623655913979,0.16216216216216217,,,,,
spine_position,99,6,5,resnet18_head,99,78,15,2,4,0.6666666666666666,0.8387096774193549,0.7526881720430108,0.32,0.6594982078853047,0.2676282051282051,0.15322580645161288,0.03212365591397851,0.3360215053763442
spine_axis,99,10,5,rules,99,67,22,3,7,0.7,0.7528089887640449,0.7264044943820225,0.358974358974359,,,,,
spine_axis,99,10,5,resnet18_head,99,61,28,10,0,0.0,0.6853932584269663,0.34269662921348315,0.0,0.33483146067415726,0.07874206814646575,-0.38370786516853933,-0.5286657303370786,-0.21685393258426966
spine_artifact,99,17,5,rules,99,50,32,5,12,0.7058823529411765,0.6097560975609756,0.6578192252510761,0.39344262295081966,,,,,
spine_artifact,99,17,5,resnet18_head,99,59,23,6,11,0.6470588235294118,0.7195121951219512,0.6832855093256816,0.43137254901960786,0.742467718794835,0.5486968820818179,0.025466284074605494,-0.16319942611190816,0.21918041606886657
right_hip_rotation,72,17,5,rules,72,20,35,4,13,0.7647058823529411,0.36363636363636365,0.5641711229946524,0.4,,,,,
right_hip_rotation,72,17,5,resnet18_head,72,36,19,7,10,0.5882352941176471,0.6545454545454545,0.6213903743315508,0.43478260869565216,0.637433155080214,0.39862605374612137,0.057219251336898314,-0.11978609625668446,0.22941176470588237
right_hip_roi,72,3,3,rules,72,42,27,1,2,0.6666666666666666,0.6086956521739131,0.6376811594202898,0.125,,,,,
right_hip_roi,72,3,3,resnet18_head,72,53,16,1,2,0.6666666666666666,0.7681159420289855,0.717391304347826,0.19047619047619047,0.9082125603864735,0.712121212121212,0.07971014492753625,0.007246376811594235,0.14492753623188406
left_hip_rotation,77,18,5,rules,77,32,27,4,14,0.7777777777777778,0.5423728813559322,0.660075329566855,0.4745762711864407,,,,,
left_hip_rotation,77,18,5,resnet18_head,77,34,25,10,8,0.4444444444444444,0.576271186440678,0.5103578154425612,0.3137254901960784,0.4585687382297551,0.24584983807149421,-0.1497175141242938,-0.31403013182674194,0.00988700564971745
left_hip_roi,77,3,3,rules,77,54,20,2,1,0.3333333333333333,0.7297297297297297,0.5315315315315315,0.08333333333333333,,,,,
left_hip_roi,77,3,3,resnet18_head,77,54,20,2,1,0.3333333333333333,0.7297297297297297,0.5315315315315315,0.08333333333333333,0.6261261261261261,0.07526743688489516,0.0,-0.48648648648648646,0.48648648648648646
