task,reference_study_uid,region,target,fold,rule_prediction,resnet18_probability,resnet18_prediction
spine_position,1.2.840.113619.2.110.512719.20250403090444,SPINE,0.0,2,0,0.26132629077589253,0
spine_position,1.2.840.113619.2.110.512719.20250403092052,SPINE,0.0,1,1,0.0850439563298021,0
spine_position,1.2.840.113619.2.110.512719.20250407113211,SPINE,0.0,2,1,0.3634577308800638,0
spine_position,2.25.10245777060263212829333021434108890537,SPINE,0.0,3,0,0.3869323760907947,0
spine_position,2.25.102755089973625799055786462646268820450,SPINE,0.0,0,0,0.24838670696912388,0
spine_position,2.25.102965897799404973225419898683246248872,SPINE,0.0,1,1,0.9733764145443622,1
spine_position,2.25.103868781101960771917584077315578649178,SPINE,0.0,2,1,0.44504171468779563,0
spine_position,2.25.105033841136787477881326326053319223817,SPINE,0.0,3,0,0.2710558985939037,0
spine_position,2.25.108537195937431169718850276671337677972,SPINE,0.0,0,1,0.3171431011969991,0
spine_position,2.25.11175860580562939441493697221497597640,SPINE,0.0,2,1,0.08627250044903467,0
spine_position,2.25.112621744005021908434051268014787122937,SPINE,0.0,4,0,0.0864605000655024,0
spine_position,2.25.114887542067602662452692698814728642117,SPINE,0.0,1,1,0.6620340576074215,1
spine_position,2.25.116822802042655971810859435524105064465,SPINE,0.0,4,0,0.25382574862768403,0
spine_position,2.25.122446767306607067205618235949445789306,SPINE,0.0,3,0,0.44908325495735085,0
spine_position,2.25.123175695355749859846173904788591707879,SPINE,0.0,0,1,0.3912424592380634,0
spine_position,2.25.124890633326693921702195356152595253940,SPINE,0.0,0,1,0.7355346178151052,1
spine_position,2.25.125521310320333648427417313254965624364,SPINE,1.0,1,1,0.62220720554547,1
spine_position,2.25.126293418391331346694592071563510265596,SPINE,0.0,0,0,0.40869078878835535,0
spine_position,2.25.127126130998341190348103034690069487890,SPINE,0.0,1,0,0.5071111540202732,1
spine_position,2.25.12798473087614376830819854616447908612,SPINE,0.0,2,0,0.21481255816441353,0
spine_position,2.25.128197189461989832465575162384360009377,SPINE,0.0,3,0,0.2767194984052048,0
spine_position,2.25.128630285053087246379265602913470285158,SPINE,0.0,0,0,0.1768773338943022,0
spine_position,2.25.128990540359421489042453547244535073735,SPINE,1.0,4,0,0.05689023958737263,0
spine_position,2.25.13069823278093578548407087310307113784,SPINE,0.0,3,0,0.2025641341758825,0
spine_position,2.25.132083163398091874662674590622589534350,SPINE,0.0,4,0,0.21149653884342046,0
spine_position,2.25.132272637351979990811754009849547633391,SPINE,0.0,1,0,0.3291957946576068,0
spine_position,2.25.13325817932854000792938662637654885530,SPINE,0.0,1,0,0.1702346466003876,0
spine_position,2.25.134456506307367483341018281460841912845,SPINE,0.0,0,1,0.48214091346117316,0
spine_position,2.25.135241889065705954191821710363605596815,SPINE,0.0,3,0,0.15184886889608595,0
spine_position,2.25.13566237352084812982996047541944701548,SPINE,0.0,3,0,0.10309151556888621,0
spine_position,2.25.137344827330550141320158285144101816664,SPINE,0.0,1,0,0.4633292083520922,0
spine_position,2.25.137675513852774974135210999345676405116,SPINE,0.0,4,0,0.20821900383974787,0
spine_position,2.25.13983650679559142983913935144968795415,SPINE,0.0,0,0,0.2227163300883256,0
spine_position,2.25.144941557565802351596730914409170713112,SPINE,0.0,3,0,0.8851920689496915,1
spine_position,2.25.145848300160680194368420189079847088556,SPINE,0.0,0,1,0.20112839071400335,0
spine_position,2.25.151186844055172005615813066162721550889,SPINE,0.0,2,0,0.6998150436030525,1
spine_position,2.25.156021661584944120526934974594604520993,SPINE,0.0,2,0,0.45711609591569863,0
spine_position,2.25.156375884487675936513403083218009333856,SPINE,0.0,0,0,0.25147498585324135,0
spine_position,2.25.156389075510671877606923458507011517218,SPINE,0.0,2,0,0.14483290101729288,0
spine_position,2.25.157462338378550185821790046400986801350,SPINE,0.0,1,0,0.13159595620492337,0
spine_position,2.25.158197739569377798130962967413133224194,SPINE,0.0,0,1,0.6043306487452046,1
spine_position,2.25.158646777318759504110695916200521633609,SPINE,0.0,4,1,0.32815781487745954,0
spine_position,2.25.159930383074323525630608416881201447861,SPINE,0.0,1,0,0.70604950701116,1
spine_position,2.25.164566280810634620154538016595892212884,SPINE,1.0,2,1,0.9131364670466275,1
spine_position,2.25.165091430504580219034019815337441064349,SPINE,0.0,1,0,0.4046787999945229,0
spine_position,2.25.165355673991587715046346525964554729786,SPINE,0.0,4,0,0.33349532710148716,0
spine_position,2.25.167344201679287285499405412654740659745,SPINE,0.0,1,1,0.45474438506136766,0
spine_position,2.25.16773626720107440979805052259711419763,SPINE,0.0,2,1,0.6963160580377047,1
spine_position,2.25.168317503020329569414190677927680518621,SPINE,0.0,0,0,0.30064952054736943,0
spine_position,2.25.169242707068684757906797344800977707240,SPINE,0.0,1,1,0.027567381109280715,0
spine_position,2.25.172445998420765569384934552191547932566,SPINE,0.0,0,0,0.43684542898615336,0
spine_position,2.25.173731186748227489808861376513577450951,SPINE,0.0,0,0,0.3482507573487442,0
spine_position,2.25.173753313169335820519632380691065649420,SPINE,0.0,2,1,0.10279705844583914,0
spine_position,2.25.175881661753775295785039265792986971602,SPINE,0.0,0,0,0.2251009098351458,0
spine_position,2.25.175903805423871105435148927871625232853,SPINE,0.0,3,0,0.1970486406233067,0
spine_position,2.25.17706555930735581384953296958427669848,SPINE,0.0,0,1,0.47265223601299056,0
spine_position,2.25.177745077805190810016231350557005569203,SPINE,0.0,4,0,0.0799127857006466,0
spine_position,2.25.178533355209696795441380751187185128893,SPINE,0.0,1,0,0.06120929865699279,0
spine_position,2.25.181196659018348153828200695057897449628,SPINE,0.0,4,0,0.2126106054432117,0
spine_position,2.25.184198356665635336833172191504278054074,SPINE,0.0,2,1,0.24347784829584557,0
spine_position,2.25.186201010600484120326273381077449377115,SPINE,0.0,4,0,0.649694922388597,1
spine_position,2.25.190331309633057244929837507901317950031,SPINE,0.0,2,0,0.21435697343225263,0
spine_position,2.25.190807933410234695931591553323782771995,SPINE,0.0,2,0,0.2525453464390557,0
spine_position,2.25.215177279960644564778148238928738915103,SPINE,0.0,2,0,0.17517140501172956,0
spine_position,2.25.217397325224876728316360420804118329081,SPINE,0.0,4,1,0.15696069464877138,0
spine_position,2.25.220866240977467582196609708837940253840,SPINE,0.0,2,0,0.17177562646284045,0
spine_position,2.25.234651502352368356456298825489565282446,SPINE,0.0,3,0,0.2273509143502805,0
spine_position,2.25.247714038039430659432048101646401574824,SPINE,0.0,3,0,0.5883526561737694,1
spine_position,2.25.269648774413746842548908998641183395622,SPINE,0.0,4,0,0.3954088789286062,0
spine_position,2.25.269742577365511543488820993979123763373,SPINE,0.0,4,0,0.339310545846704,0
spine_position,2.25.272690031744216183651627058502316132741,SPINE,0.0,2,0,0.7039046677090622,1
spine_position,2.25.276415754443998872860614500027519740375,SPINE,0.0,3,0,0.2721224628339463,0
spine_position,2.25.277752758923974029595977676354128739670,SPINE,0.0,2,0,0.5357978890480956,1
spine_position,2.25.286999464611662854355201599068538813496,SPINE,0.0,4,1,0.18232165174942583,0
spine_position,2.25.29638026465755240167985424461715024381,SPINE,1.0,3,0,0.5918369333488462,1
spine_position,2.25.306921081709806079165809721263236241032,SPINE,0.0,3,0,0.19803509379010262,0
spine_position,2.25.307021710202910067378603383388989711646,SPINE,0.0,1,0,0.20883297366690654,0
spine_position,2.25.309085571913348252136520206003694446566,SPINE,0.0,4,0,0.6736314553107101,1
spine_position,2.25.314147167453134440746270747484612743945,SPINE,0.0,3,0,0.21933609550269473,0
spine_position,2.25.322202456901330781765399791024580391565,SPINE,0.0,3,1,0.038681823666308394,0
spine_position,2.25.338439598607961312040815816824093323492,SPINE,0.0,4,0,0.08134792010983756,0
spine_position,2.25.339027809107632348165171236474821772940,SPINE,0.0,1,1,0.2308438023630231,0
spine_position,2.25.340839477910528898406207279980417945,SPINE,0.0,1,1,0.4100644705335917,0
spine_position,2.25.37515662379281069436632838996073181551,SPINE,0.0,0,0,0.3586896704864735,0
spine_position,2.25.39068163399801173920284179500049527111,SPINE,0.0,2,0,0.22844774241299878,0
spine_position,2.25.48906424954135283790354958243772558962,SPINE,0.0,1,0,0.07026416195794766,0
spine_position,2.25.52532476139575422857225834315571570912,SPINE,0.0,0,0,0.046544041819433474,0
spine_position,2.25.52982400970721161435951723390541696819,SPINE,1.0,3,1,0.7488741564891453,1
spine_position,2.25.54396839637320114639948764487283877793,SPINE,0.0,1,1,0.11753496237197478,0
spine_position,2.25.59542620917302828428419211045951914336,SPINE,0.0,4,0,0.6205977425975127,1
spine_position,2.25.65954778282254353457041255543338557112,SPINE,0.0,3,0,0.1628406274185912,0
spine_position,2.25.66397484472966116002950503539482860450,SPINE,0.0,4,0,0.09914418912461584,0
spine_position,2.25.73070100851377917031356937075051545239,SPINE,0.0,4,1,0.4634834703507734,0
spine_position,2.25.76710355977373089612172037086913478687,SPINE,0.0,1,0,0.29198705776752415,0
spine_position,2.25.78999454687125053757525542837745968726,SPINE,0.0,3,0,0.18963212150414954,0
spine_position,2.25.82912555346523716720160717883917565880,SPINE,0.0,3,0,0.374409399982703,0
spine_position,2.25.87718478011637131470224319788530286374,SPINE,0.0,0,1,0.37873257298455015,0
spine_position,2.25.87869906212286587478854831452123526595,SPINE,0.0,2,1,0.27493360991357246,0
spine_position,2.25.91981043841368764114007975581101713077,SPINE,1.0,0,0,0.15785369807847743,0
spine_axis,1.2.840.113619.2.110.512719.20250403090444,SPINE,0.0,2,0,0.13070002867557692,0
spine_axis,1.2.840.113619.2.110.512719.20250403092052,SPINE,0.0,2,1,0.4487543176222735,0
spine_axis,1.2.840.113619.2.110.512719.20250407113211,SPINE,0.0,1,0,0.20940987904401723,0
spine_axis,2.25.10245777060263212829333021434108890537,SPINE,0.0,0,0,0.7835393935593752,1
spine_axis,2.25.102755089973625799055786462646268820450,SPINE,1.0,0,1,0.1165376415867095,0
spine_axis,2.25.102965897799404973225419898683246248872,SPINE,0.0,2,0,0.08764971180991928,0
spine_axis,2.25.103868781101960771917584077315578649178,SPINE,0.0,0,0,0.24276352827254313,0
spine_axis,2.25.105033841136787477881326326053319223817,SPINE,0.0,3,1,0.31682002073879384,0
spine_axis,2.25.108537195937431169718850276671337677972,SPINE,0.0,1,0,0.6018119482123396,1
spine_axis,2.25.11175860580562939441493697221497597640,SPINE,0.0,0,1,0.5382905455147123,1
spine_axis,2.25.112621744005021908434051268014787122937,SPINE,0.0,1,1,0.010402645425328821,0
spine_axis,2.25.114887542067602662452692698814728642117,SPINE,0.0,0,0,0.14849904529534558,0
spine_axis,2.25.116822802042655971810859435524105064465,SPINE,0.0,1,0,0.15403360416988673,0
spine_axis,2.25.122446767306607067205618235949445789306,SPINE,0.0,2,0,0.16260937842875334,0
spine_axis,2.25.123175695355749859846173904788591707879,SPINE,0.0,4,0,0.48349278275750496,0
spine_axis,2.25.124890633326693921702195356152595253940,SPINE,0.0,4,1,0.7473281842327644,1
spine_axis,2.25.125521310320333648427417313254965624364,SPINE,0.0,2,0,0.18261390862834817,0
spine_axis,2.25.126293418391331346694592071563510265596,SPINE,0.0,4,0,0.015938715962724677,0
spine_axis,2.25.127126130998341190348103034690069487890,SPINE,1.0,2,0,0.1661295592150457,0
spine_axis,2.25.12798473087614376830819854616447908612,SPINE,0.0,3,0,0.3287025717687496,0
spine_axis,2.25.128197189461989832465575162384360009377,SPINE,0.0,4,0,0.2272693743686661,0
spine_axis,2.25.128630285053087246379265602913470285158,SPINE,0.0,1,0,0.5705222356887377,1
spine_axis,2.25.128990540359421489042453547244535073735,SPINE,0.0,1,0,0.4795387639923842,0
spine_axis,2.25.13069823278093578548407087310307113784,SPINE,0.0,2,0,0.004024399931027786,0
spine_axis,2.25.132083163398091874662674590622589534350,SPINE,0.0,1,1,0.724746794552507,1
spine_axis,2.25.132272637351979990811754009849547633391,SPINE,0.0,0,0,0.18890958613690362,0
spine_axis,2.25.13325817932854000792938662637654885530,SPINE,0.0,3,0,0.5418535528550171,1
spine_axis,2.25.134456506307367483341018281460841912845,SPINE,0.0,1,1,0.23105702206230122,0
spine_axis,2.25.135241889065705954191821710363605596815,SPINE,0.0,3,0,0.42119577676790393,0
spine_axis,2.25.13566237352084812982996047541944701548,SPINE,0.0,0,1,0.7669123995629903,1
spine_axis,2.25.137344827330550141320158285144101816664,SPINE,0.0,3,0,0.4426341168103558,0
spine_axis,2.25.137675513852774974135210999345676405116,SPINE,0.0,0,0,0.30267200446692805,0
spine_axis,2.25.13983650679559142983913935144968795415,SPINE,0.0,4,1,0.16283396841746806,0
spine_axis,2.25.144941557565802351596730914409170713112,SPINE,0.0,2,0,0.6323080065673422,1
spine_axis,2.25.145848300160680194368420189079847088556,SPINE,0.0,2,0,0.19275962210302167,0
spine_axis,2.25.151186844055172005615813066162721550889,SPINE,0.0,0,1,0.5507119818989563,1
spine_axis,2.25.156021661584944120526934974594604520993,SPINE,0.0,3,0,0.31833221249200316,0
spine_axis,2.25.156375884487675936513403083218009333856,SPINE,0.0,1,0,0.5547008641166032,1
spine_axis,2.25.156389075510671877606923458507011517218,SPINE,0.0,0,0,0.30921020946543715,0
spine_axis,2.25.157462338378550185821790046400986801350,SPINE,0.0,3,0,0.7898257408446016,1
spine_axis,2.25.158197739569377798130962967413133224194,SPINE,0.0,3,0,0.29659107095410603,0
spine_axis,2.25.158646777318759504110695916200521633609,SPINE,0.0,1,0,0.3492553703278126,0
spine_axis,2.25.159930383074323525630608416881201447861,SPINE,0.0,4,0,0.5377042824719653,1
spine_axis,2.25.164566280810634620154538016595892212884,SPINE,0.0,1,0,0.7888749192954491,1
spine_axis,2.25.165091430504580219034019815337441064349,SPINE,0.0,3,0,0.6515297715712366,1
spine_axis,2.25.165355673991587715046346525964554729786,SPINE,0.0,0,0,0.28997962651628184,0
spine_axis,2.25.167344201679287285499405412654740659745,SPINE,0.0,1,0,0.29192722990662584,0
spine_axis,2.25.16773626720107440979805052259711419763,SPINE,0.0,0,0,0.46135940346356474,0
spine_axis,2.25.168317503020329569414190677927680518621,SPINE,0.0,0,0,0.671818593470967,1
spine_axis,2.25.169242707068684757906797344800977707240,SPINE,0.0,2,1,0.07159546386887251,0
spine_axis,2.25.172445998420765569384934552191547932566,SPINE,0.0,0,1,0.7785270436390217,1
spine_axis,2.25.173731186748227489808861376513577450951,SPINE,0.0,3,0,0.4656378469921974,0
spine_axis,2.25.173753313169335820519632380691065649420,SPINE,1.0,1,1,0.12216247051933753,0
spine_axis,2.25.175881661753775295785039265792986971602,SPINE,0.0,0,1,0.11371288568050848,0
spine_axis,2.25.175903805423871105435148927871625232853,SPINE,0.0,3,0,0.14780958269265274,0
spine_axis,2.25.17706555930735581384953296958427669848,SPINE,0.0,2,0,0.18525020749114018,0
spine_axis,2.25.177745077805190810016231350557005569203,SPINE,0.0,4,0,0.8132015121003187,1
spine_axis,2.25.178533355209696795441380751187185128893,SPINE,0.0,4,1,0.06695148191074174,0
spine_axis,2.25.181196659018348153828200695057897449628,SPINE,0.0,3,1,0.145739606486724,0
spine_axis,2.25.184198356665635336833172191504278054074,SPINE,0.0,2,0,0.7133991876106316,1
spine_axis,2.25.186201010600484120326273381077449377115,SPINE,0.0,2,0,0.3886803465427244,0
spine_axis,2.25.190331309633057244929837507901317950031,SPINE,1.0,2,1,0.1367555204511505,0
spine_axis,2.25.190807933410234695931591553323782771995,SPINE,0.0,2,1,0.09873786095766378,0
spine_axis,2.25.215177279960644564778148238928738915103,SPINE,0.0,4,1,0.17941679011123468,0
spine_axis,2.25.217397325224876728316360420804118329081,SPINE,0.0,0,0,0.30718289239833685,0
spine_axis,2.25.220866240977467582196609708837940253840,SPINE,1.0,1,1,0.20728545183593533,0
spine_axis,2.25.234651502352368356456298825489565282446,SPINE,0.0,4,0,0.4828362825588651,0
spine_axis,2.25.247714038039430659432048101646401574824,SPINE,0.0,1,0,0.3994079635084502,0
spine_axis,2.25.269648774413746842548908998641183395622,SPINE,1.0,3,0,0.39825713172302274,0
spine_axis,2.25.269742577365511543488820993979123763373,SPINE,0.0,4,1,0.2059894774225503,0
spine_axis,2.25.272690031744216183651627058502316132741,SPINE,0.0,2,0,0.2633914285770591,0
spine_axis,2.25.276415754443998872860614500027519740375,SPINE,0.0,3,0,0.2948657402195422,0
spine_axis,2.25.277752758923974029595977676354128739670,SPINE,0.0,2,0,0.6039194651331465,1
spine_axis,2.25.286999464611662854355201599068538813496,SPINE,0.0,4,0,0.39010386573351086,0
spine_axis,2.25.29638026465755240167985424461715024381,SPINE,0.0,3,0,0.32484983503782305,0
spine_axis,2.25.306921081709806079165809721263236241032,SPINE,0.0,1,0,0.8798424775154855,1
spine_axis,2.25.307021710202910067378603383388989711646,SPINE,0.0,4,1,0.34010686012565433,0
spine_axis,2.25.309085571913348252136520206003694446566,SPINE,1.0,4,0,0.34000432085512616,0
spine_axis,2.25.314147167453134440746270747484612743945,SPINE,0.0,3,0,0.11284655192742853,0
spine_axis,2.25.322202456901330781765399791024580391565,SPINE,0.0,3,0,0.8275448058895217,1
spine_axis,2.25.338439598607961312040815816824093323492,SPINE,0.0,4,1,0.246847217780777,0
spine_axis,2.25.339027809107632348165171236474821772940,SPINE,0.0,2,0,0.18647013761101933,0
spine_axis,2.25.340839477910528898406207279980417945,SPINE,0.0,1,0,0.548012973575416,1
spine_axis,2.25.37515662379281069436632838996073181551,SPINE,1.0,3,1,0.3458559836496779,0
spine_axis,2.25.39068163399801173920284179500049527111,SPINE,1.0,4,1,0.16008901098392503,0
spine_axis,2.25.48906424954135283790354958243772558962,SPINE,0.0,0,0,0.6887357276308247,1
spine_axis,2.25.52532476139575422857225834315571570912,SPINE,0.0,2,0,0.7791768385334877,1
spine_axis,2.25.52982400970721161435951723390541696819,SPINE,0.0,1,0,0.5305710870022177,1
spine_axis,2.25.54396839637320114639948764487283877793,SPINE,0.0,0,0,0.18909176238332762,0
spine_axis,2.25.59542620917302828428419211045951914336,SPINE,0.0,1,0,0.4356081484816441,0
spine_axis,2.25.65954778282254353457041255543338557112,SPINE,0.0,4,0,0.20952575880608723,0
spine_axis,2.25.66397484472966116002950503539482860450,SPINE,0.0,4,0,0.024980019333318997,0
spine_axis,2.25.73070100851377917031356937075051545239,SPINE,1.0,0,1,0.44071058275923813,0
spine_axis,2.25.76710355977373089612172037086913478687,SPINE,0.0,4,1,0.029186251133831706,0
spine_axis,2.25.78999454687125053757525542837745968726,SPINE,0.0,1,1,0.22990833816542242,0
spine_axis,2.25.82912555346523716720160717883917565880,SPINE,0.0,3,0,0.12450158037560874,0
spine_axis,2.25.87718478011637131470224319788530286374,SPINE,0.0,3,0,0.5783856538430381,1
spine_axis,2.25.87869906212286587478854831452123526595,SPINE,0.0,0,0,0.22303798928034213,0
spine_axis,2.25.91981043841368764114007975581101713077,SPINE,0.0,2,0,0.5879591043462692,1
spine_artifact,1.2.840.113619.2.110.512719.20250403090444,SPINE,0.0,1,1,0.05825750853780889,0
spine_artifact,1.2.840.113619.2.110.512719.20250403092052,SPINE,0.0,0,0,0.018167948252534954,0
spine_artifact,1.2.840.113619.2.110.512719.20250407113211,SPINE,0.0,1,0,0.03450186065255195,0
spine_artifact,2.25.10245777060263212829333021434108890537,SPINE,0.0,1,0,0.5855303715470759,1
spine_artifact,2.25.102755089973625799055786462646268820450,SPINE,0.0,1,0,0.1204899120538309,0
spine_artifact,2.25.102965897799404973225419898683246248872,SPINE,0.0,1,0,0.5617259909748689,1
spine_artifact,2.25.103868781101960771917584077315578649178,SPINE,0.0,0,1,0.20555902444544932,0
spine_artifact,2.25.105033841136787477881326326053319223817,SPINE,0.0,3,1,0.5771618708606474,1
spine_artifact,2.25.108537195937431169718850276671337677972,SPINE,0.0,0,0,0.49895209543266894,0
spine_artifact,2.25.11175860580562939441493697221497597640,SPINE,1.0,0,1,0.35662924173637367,0
spine_artifact,2.25.112621744005021908434051268014787122937,SPINE,0.0,0,1,0.7996909263274662,1
spine_artifact,2.25.114887542067602662452692698814728642117,SPINE,1.0,3,1,0.30660474491128925,0
spine_artifact,2.25.116822802042655971810859435524105064465,SPINE,0.0,2,0,0.8584429151809898,1
spine_artifact,2.25.122446767306607067205618235949445789306,SPINE,0.0,1,0,0.3682150724802773,0
spine_artifact,2.25.123175695355749859846173904788591707879,SPINE,0.0,4,1,0.1805722769263518,0
spine_artifact,2.25.124890633326693921702195356152595253940,SPINE,0.0,2,1,0.20453325497476804,0
spine_artifact,2.25.125521310320333648427417313254965624364,SPINE,0.0,4,1,0.3861183404322851,0
spine_artifact,2.25.126293418391331346694592071563510265596,SPINE,0.0,2,1,0.9658733012529186,1
spine_artifact,2.25.127126130998341190348103034690069487890,SPINE,0.0,4,0,0.07451923375720926,0
spine_artifact,2.25.12798473087614376830819854616447908612,SPINE,0.0,3,0,0.06373801745058344,0
spine_artifact,2.25.128197189461989832465575162384360009377,SPINE,0.0,3,1,0.03504378446505287,0
spine_artifact,2.25.128630285053087246379265602913470285158,SPINE,0.0,2,0,0.5689390053545678,1
spine_artifact,2.25.128990540359421489042453547244535073735,SPINE,0.0,0,0,0.18823832386486566,0
spine_artifact,2.25.13069823278093578548407087310307113784,SPINE,0.0,4,1,0.3067139717677187,0
spine_artifact,2.25.132083163398091874662674590622589534350,SPINE,0.0,0,0,0.08430808202009449,0
spine_artifact,2.25.132272637351979990811754009849547633391,SPINE,0.0,2,0,0.7988054020074185,1
spine_artifact,2.25.13325817932854000792938662637654885530,SPINE,0.0,2,1,0.5914543823102545,1
spine_artifact,2.25.134456506307367483341018281460841912845,SPINE,0.0,4,0,0.09740962931420029,0
spine_artifact,2.25.135241889065705954191821710363605596815,SPINE,0.0,2,0,0.6800971953415885,1
spine_artifact,2.25.13566237352084812982996047541944701548,SPINE,0.0,3,0,0.4132162022566612,0
spine_artifact,2.25.137344827330550141320158285144101816664,SPINE,0.0,0,1,0.22591284959880778,0
spine_artifact,2.25.137675513852774974135210999345676405116,SPINE,0.0,2,1,0.43457032355895164,0
spine_artifact,2.25.13983650679559142983913935144968795415,SPINE,0.0,3,0,0.257523429395029,0
spine_artifact,2.25.144941557565802351596730914409170713112,SPINE,0.0,4,0,0.2803563689207389,0
spine_artifact,2.25.145848300160680194368420189079847088556,SPINE,0.0,0,0,0.5920585167247744,1
spine_artifact,2.25.151186844055172005615813066162721550889,SPINE,0.0,4,0,0.05134475998380041,0
spine_artifact,2.25.156021661584944120526934974594604520993,SPINE,0.0,3,1,0.5910505607602984,1
spine_artifact,2.25.156375884487675936513403083218009333856,SPINE,1.0,1,1,0.6011471039481167,1
spine_artifact,2.25.156389075510671877606923458507011517218,SPINE,0.0,1,1,0.06536357160646021,0
spine_artifact,2.25.157462338378550185821790046400986801350,SPINE,0.0,4,0,0.16960064121896343,0
spine_artifact,2.25.158197739569377798130962967413133224194,SPINE,0.0,1,1,0.1074806413955857,0
spine_artifact,2.25.158646777318759504110695916200521633609,SPINE,1.0,2,0,0.8865000567748575,1
spine_artifact,2.25.159930383074323525630608416881201447861,SPINE,0.0,2,0,0.049924904866034,0
spine_artifact,2.25.164566280810634620154538016595892212884,SPINE,0.0,0,0,0.49927077315253016,0
spine_artifact,2.25.165091430504580219034019815337441064349,SPINE,0.0,3,0,0.13558853532666726,0
spine_artifact,2.25.165355673991587715046346525964554729786,SPINE,1.0,1,1,0.9804130198708811,1
spine_artifact,2.25.167344201679287285499405412654740659745,SPINE,0.0,0,1,0.14026780648427403,0
spine_artifact,2.25.16773626720107440979805052259711419763,SPINE,0.0,1,0,0.8158773793481601,1
spine_artifact,2.25.168317503020329569414190677927680518621,SPINE,0.0,2,1,0.1446547037188445,0
spine_artifact,2.25.169242707068684757906797344800977707240,SPINE,0.0,0,0,0.21411792309281558,0
spine_artifact,2.25.172445998420765569384934552191547932566,SPINE,1.0,0,0,0.1990820147376148,0
spine_artifact,2.25.173731186748227489808861376513577450951,SPINE,0.0,3,1,0.11599260208443285,0
spine_artifact,2.25.173753313169335820519632380691065649420,SPINE,0.0,0,1,0.4383241335666393,0
spine_artifact,2.25.175881661753775295785039265792986971602,SPINE,0.0,2,0,0.771888331064195,1
spine_artifact,2.25.175903805423871105435148927871625232853,SPINE,0.0,4,0,0.05445380171260387,0
spine_artifact,2.25.17706555930735581384953296958427669848,SPINE,1.0,1,1,0.20259229316755098,0
spine_artifact,2.25.177745077805190810016231350557005569203,SPINE,0.0,3,0,0.5448627354374767,1
spine_artifact,2.25.178533355209696795441380751187185128893,SPINE,0.0,3,0,0.5789445809174755,1
spine_artifact,2.25.181196659018348153828200695057897449628,SPINE,0.0,2,0,0.06100189098244772,0
spine_artifact,2.25.184198356665635336833172191504278054074,SPINE,0.0,4,1,0.34439386849174525,0
spine_artifact,2.25.186201010600484120326273381077449377115,SPINE,0.0,0,0,0.16342314226356802,0
spine_artifact,2.25.190331309633057244929837507901317950031,SPINE,0.0,1,0,0.3475871144093144,0
spine_artifact,2.25.190807933410234695931591553323782771995,SPINE,1.0,3,1,0.996525267463876,1
spine_artifact,2.25.215177279960644564778148238928738915103,SPINE,0.0,2,1,0.22946564967202657,0
spine_artifact,2.25.217397325224876728316360420804118329081,SPINE,0.0,1,1,0.14838068830009934,0
spine_artifact,2.25.220866240977467582196609708837940253840,SPINE,0.0,2,0,0.30942131002489953,0
spine_artifact,2.25.234651502352368356456298825489565282446,SPINE,0.0,1,1,0.47149753514129866,0
spine_artifact,2.25.247714038039430659432048101646401574824,SPINE,1.0,2,1,0.9963495247163346,1
spine_artifact,2.25.269648774413746842548908998641183395622,SPINE,1.0,3,0,0.8042135356210767,1
spine_artifact,2.25.269742577365511543488820993979123763373,SPINE,0.0,2,0,0.868005795591921,1
spine_artifact,2.25.272690031744216183651627058502316132741,SPINE,0.0,4,1,0.33294901543918176,0
spine_artifact,2.25.276415754443998872860614500027519740375,SPINE,0.0,3,0,0.8917020574387726,1
spine_artifact,2.25.277752758923974029595977676354128739670,SPINE,1.0,2,0,0.9881691353137753,1
spine_artifact,2.25.286999464611662854355201599068538813496,SPINE,0.0,0,0,0.21403660759826867,0
spine_artifact,2.25.29638026465755240167985424461715024381,SPINE,0.0,1,0,0.635654031940565,1
spine_artifact,2.25.306921081709806079165809721263236241032,SPINE,0.0,4,0,0.02670795399664671,0
spine_artifact,2.25.307021710202910067378603383388989711646,SPINE,1.0,4,0,0.6095684179689685,1
spine_artifact,2.25.309085571913348252136520206003694446566,SPINE,0.0,3,1,0.4172029119836705,0
spine_artifact,2.25.314147167453134440746270747484612743945,SPINE,0.0,3,0,0.01437969149250673,0
spine_artifact,2.25.322202456901330781765399791024580391565,SPINE,0.0,4,0,0.23232287417982248,0
spine_artifact,2.25.338439598607961312040815816824093323492,SPINE,1.0,0,1,0.15757812716829359,0
spine_artifact,2.25.339027809107632348165171236474821772940,SPINE,0.0,2,0,0.12286844444612124,0
spine_artifact,2.25.340839477910528898406207279980417945,SPINE,0.0,1,0,0.44582172099201345,0
spine_artifact,2.25.37515662379281069436632838996073181551,SPINE,0.0,0,1,0.3237078357254726,0
spine_artifact,2.25.39068163399801173920284179500049527111,SPINE,1.0,4,1,0.1287390015514029,0
spine_artifact,2.25.48906424954135283790354958243772558962,SPINE,1.0,4,1,0.9874170976248997,1
spine_artifact,2.25.52532476139575422857225834315571570912,SPINE,0.0,3,1,0.4616704401156348,0
spine_artifact,2.25.52982400970721161435951723390541696819,SPINE,0.0,1,0,0.7824653558645176,1
spine_artifact,2.25.54396839637320114639948764487283877793,SPINE,0.0,0,0,0.32427566903637,0
spine_artifact,2.25.59542620917302828428419211045951914336,SPINE,1.0,2,1,0.7181122788181543,1
spine_artifact,2.25.65954778282254353457041255543338557112,SPINE,0.0,1,0,0.7434944713185768,1
spine_artifact,2.25.66397484472966116002950503539482860450,SPINE,0.0,4,0,0.0262520933373329,0
spine_artifact,2.25.73070100851377917031356937075051545239,SPINE,0.0,4,1,0.3367880131406022,0
spine_artifact,2.25.76710355977373089612172037086913478687,SPINE,0.0,1,1,0.6946896698162166,1
spine_artifact,2.25.78999454687125053757525542837745968726,SPINE,0.0,3,1,0.8334800997663925,1
spine_artifact,2.25.82912555346523716720160717883917565880,SPINE,0.0,4,0,0.03349054195377155,0
spine_artifact,2.25.87718478011637131470224319788530286374,SPINE,0.0,0,1,0.16787343017730122,0
spine_artifact,2.25.87869906212286587478854831452123526595,SPINE,1.0,3,1,0.626562463874714,1
spine_artifact,2.25.91981043841368764114007975581101713077,SPINE,0.0,3,0,0.26629436725762246,0
right_hip_rotation,1.2.840.113619.2.110.512719.20250403090444,LEG_RIGHT,0.0,2,1,0.44667227359131656,0
right_hip_rotation,1.2.840.113619.2.110.512719.20250403092052,LEG_RIGHT,0.0,0,1,0.6840913431814045,1
right_hip_rotation,1.2.840.113619.2.110.512719.20250407113211,LEG_RIGHT,0.0,2,1,0.08868061984817287,0
right_hip_rotation,2.25.10245777060263212829333021434108890537,LEG_RIGHT,0.0,1,1,0.0748757267734439,0
right_hip_rotation,2.25.102755089973625799055786462646268820450,LEG_RIGHT,1.0,4,1,0.047767637518107774,0
right_hip_rotation,2.25.102965897799404973225419898683246248872,LEG_RIGHT,0.0,1,0,0.2599478445413374,0
right_hip_rotation,2.25.103868781101960771917584077315578649178,LEG_RIGHT,0.0,4,0,0.6353100768815318,1
right_hip_rotation,2.25.105033841136787477881326326053319223817,LEG_RIGHT,0.0,3,1,0.8796269492392524,1
right_hip_rotation,2.25.114887542067602662452692698814728642117,LEG_RIGHT,1.0,4,1,0.3663218630799382,0
right_hip_rotation,2.25.116822802042655971810859435524105064465,LEG_RIGHT,0.0,2,0,0.060862713315978575,0
right_hip_rotation,2.25.122446767306607067205618235949445789306,LEG_RIGHT,1.0,1,1,0.8466988016504823,1
right_hip_rotation,2.25.124890633326693921702195356152595253940,LEG_RIGHT,0.0,3,1,0.0499810627455636,0
right_hip_rotation,2.25.126293418391331346694592071563510265596,LEG_RIGHT,0.0,1,1,0.10017893577389966,0
right_hip_rotation,2.25.127126130998341190348103034690069487890,LEG_RIGHT,1.0,2,1,0.00012100993850763224,0
right_hip_rotation,2.25.128990540359421489042453547244535073735,LEG_RIGHT,1.0,4,1,0.8370453898808122,1
right_hip_rotation,2.25.13069823278093578548407087310307113784,LEG_RIGHT,0.0,4,1,0.9976960170919659,1
right_hip_rotation,2.25.132083163398091874662674590622589534350,LEG_RIGHT,0.0,0,0,0.6109825277599836,1
right_hip_rotation,2.25.132272637351979990811754009849547633391,LEG_RIGHT,0.0,3,0,0.10306929808777567,0
right_hip_rotation,2.25.13325817932854000792938662637654885530,LEG_RIGHT,0.0,3,0,0.19163486005045283,0
right_hip_rotation,2.25.134456506307367483341018281460841912845,LEG_RIGHT,0.0,0,0,0.6908660602629415,1
right_hip_rotation,2.25.137344827330550141320158285144101816664,LEG_RIGHT,0.0,1,1,0.3290461651680032,0
right_hip_rotation,2.25.13983650679559142983913935144968795415,LEG_RIGHT,0.0,0,0,0.7676056222084436,1
right_hip_rotation,2.25.144941557565802351596730914409170713112,LEG_RIGHT,1.0,1,1,0.5171467120075777,1
right_hip_rotation,2.25.145848300160680194368420189079847088556,LEG_RIGHT,0.0,0,1,0.9340030311165549,1
right_hip_rotation,2.25.151186844055172005615813066162721550889,LEG_RIGHT,0.0,4,1,0.6816565978046967,1
right_hip_rotation,2.25.156021661584944120526934974594604520993,LEG_RIGHT,0.0,2,1,0.07878555255244318,0
right_hip_rotation,2.25.156375884487675936513403083218009333856,LEG_RIGHT,0.0,4,1,0.27725208058430956,0
right_hip_rotation,2.25.156389075510671877606923458507011517218,LEG_RIGHT,0.0,4,1,0.1837542739734881,0
right_hip_rotation,2.25.157462338378550185821790046400986801350,LEG_RIGHT,1.0,2,1,0.7405658026844646,1
right_hip_rotation,2.25.158646777318759504110695916200521633609,LEG_RIGHT,0.0,4,1,0.5652415601369614,1
right_hip_rotation,2.25.164566280810634620154538016595892212884,LEG_RIGHT,1.0,2,0,0.15015460824955948,0
right_hip_rotation,2.25.165091430504580219034019815337441064349,LEG_RIGHT,0.0,1,1,0.08194627907693076,0
right_hip_rotation,2.25.167344201679287285499405412654740659745,LEG_RIGHT,0.0,0,0,0.05758721988997356,0
right_hip_rotation,2.25.16773626720107440979805052259711419763,LEG_RIGHT,0.0,1,0,0.18980335517638447,0
right_hip_rotation,2.25.168317503020329569414190677927680518621,LEG_RIGHT,0.0,2,1,0.7661033609848211,1
right_hip_rotation,2.25.172445998420765569384934552191547932566,LEG_RIGHT,0.0,2,1,0.4841947244109796,0
right_hip_rotation,2.25.173753313169335820519632380691065649420,LEG_RIGHT,0.0,3,1,0.8038906400050674,1
right_hip_rotation,2.25.175881661753775295785039265792986971602,LEG_RIGHT,0.0,2,1,0.03860465235413165,0
right_hip_rotation,2.25.175903805423871105435148927871625232853,LEG_RIGHT,0.0,1,1,0.0977119548421011,0
right_hip_rotation,2.25.17706555930735581384953296958427669848,LEG_RIGHT,0.0,0,1,0.22505935547865408,0
right_hip_rotation,2.25.177745077805190810016231350557005569203,LEG_RIGHT,0.0,4,1,0.39786950452428776,0
right_hip_rotation,2.25.181196659018348153828200695057897449628,LEG_RIGHT,0.0,3,0,0.03927419611531861,0
right_hip_rotation,2.25.184198356665635336833172191504278054074,LEG_RIGHT,0.0,2,0,0.20723785831321645,0
right_hip_rotation,2.25.186201010600484120326273381077449377115,LEG_RIGHT,0.0,3,1,0.05863394025727773,0
right_hip_rotation,2.25.190331309633057244929837507901317950031,LEG_RIGHT,1.0,3,1,0.307717220764436,0
right_hip_rotation,2.25.215177279960644564778148238928738915103,LEG_RIGHT,1.0,0,1,0.22493223978197868,0
right_hip_rotation,2.25.217397325224876728316360420804118329081,LEG_RIGHT,0.0,0,1,0.5650094209019246,1
right_hip_rotation,2.25.234651502352368356456298825489565282446,LEG_RIGHT,1.0,0,0,0.9818024161660649,1
right_hip_rotation,2.25.247714038039430659432048101646401574824,LEG_RIGHT,0.0,1,1,0.9090767748979961,1
right_hip_rotation,2.25.269648774413746842548908998641183395622,LEG_RIGHT,0.0,0,1,0.5385750471546438,1
right_hip_rotation,2.25.272690031744216183651627058502316132741,LEG_RIGHT,0.0,4,0,0.5252091810241715,1
right_hip_rotation,2.25.276415754443998872860614500027519740375,LEG_RIGHT,0.0,3,1,0.02839762076571619,0
right_hip_rotation,2.25.277752758923974029595977676354128739670,LEG_RIGHT,0.0,3,1,0.06369449609366806,0
right_hip_rotation,2.25.286999464611662854355201599068538813496,LEG_RIGHT,0.0,2,0,0.22178033352457152,0
right_hip_rotation,2.25.29638026465755240167985424461715024381,LEG_RIGHT,0.0,4,1,0.19489912047983207,0
right_hip_rotation,2.25.307021710202910067378603383388989711646,LEG_RIGHT,0.0,0,1,0.33433465451710886,0
right_hip_rotation,2.25.309085571913348252136520206003694446566,LEG_RIGHT,0.0,2,0,0.45944940750623026,0
right_hip_rotation,2.25.314147167453134440746270747484612743945,LEG_RIGHT,0.0,1,1,0.6179279491737376,1
right_hip_rotation,2.25.339027809107632348165171236474821772940,LEG_RIGHT,0.0,4,0,0.30076574900635383,0
right_hip_rotation,2.25.340839477910528898406207279980417945,LEG_RIGHT,0.0,1,1,0.9477961671603958,1
right_hip_rotation,2.25.37515662379281069436632838996073181551,LEG_RIGHT,0.0,0,0,0.37713519545397706,0
right_hip_rotation,2.25.39068163399801173920284179500049527111,LEG_RIGHT,1.0,0,1,0.9640393447028093,1
right_hip_rotation,2.25.48906424954135283790354958243772558962,LEG_RIGHT,1.0,0,0,0.6016554163769973,1
right_hip_rotation,2.25.52982400970721161435951723390541696819,LEG_RIGHT,0.0,3,0,0.19787435990280625,0
right_hip_rotation,2.25.65954778282254353457041255543338557112,LEG_RIGHT,0.0,1,1,0.44563353835634506,0
right_hip_rotation,2.25.66397484472966116002950503539482860450,LEG_RIGHT,1.0,1,1,0.6623916001876807,1
right_hip_rotation,2.25.73070100851377917031356937075051545239,LEG_RIGHT,1.0,3,1,0.8186756540909395,1
right_hip_rotation,2.25.76710355977373089612172037086913478687,LEG_RIGHT,0.0,2,0,0.8605166589865065,1
right_hip_rotation,2.25.78999454687125053757525542837745968726,LEG_RIGHT,1.0,3,1,0.9537469898092801,1
right_hip_rotation,2.25.82912555346523716720160717883917565880,LEG_RIGHT,1.0,1,0,0.2655337235570269,0
right_hip_rotation,2.25.87869906212286587478854831452123526595,LEG_RIGHT,0.0,4,0,0.4401865930441725,0
right_hip_rotation,2.25.91981043841368764114007975581101713077,LEG_RIGHT,0.0,3,1,0.21632061299832137,0
right_hip_roi,1.2.840.113619.2.110.512719.20250403090444,LEG_RIGHT,0.0,0,1,0.13085852216940713,0
right_hip_roi,1.2.840.113619.2.110.512719.20250403092052,LEG_RIGHT,0.0,0,0,0.3624355960800085,0
right_hip_roi,1.2.840.113619.2.110.512719.20250407113211,LEG_RIGHT,0.0,2,0,0.5168731232043736,1
right_hip_roi,2.25.10245777060263212829333021434108890537,LEG_RIGHT,0.0,0,0,0.5815770178206484,1
right_hip_roi,2.25.102755089973625799055786462646268820450,LEG_RIGHT,0.0,2,0,0.07642083945507519,0
right_hip_roi,2.25.102965897799404973225419898683246248872,LEG_RIGHT,0.0,0,1,0.6434683714661344,1
right_hip_roi,2.25.103868781101960771917584077315578649178,LEG_RIGHT,0.0,0,1,0.39443858354276135,0
right_hip_roi,2.25.105033841136787477881326326053319223817,LEG_RIGHT,0.0,1,0,0.7147390161148216,1
right_hip_roi,2.25.114887542067602662452692698814728642117,LEG_RIGHT,0.0,1,0,0.29141841719958417,0
right_hip_roi,2.25.116822802042655971810859435524105064465,LEG_RIGHT,0.0,0,0,0.28358212194498994,0
right_hip_roi,2.25.122446767306607067205618235949445789306,LEG_RIGHT,0.0,1,0,0.5414928883440272,1
right_hip_roi,2.25.124890633326693921702195356152595253940,LEG_RIGHT,0.0,0,0,0.2310176086197608,0
right_hip_roi,2.25.126293418391331346694592071563510265596,LEG_RIGHT,0.0,2,0,0.3667823520165325,0
right_hip_roi,2.25.127126130998341190348103034690069487890,LEG_RIGHT,1.0,0,1,0.8923291322853654,1
right_hip_roi,2.25.128990540359421489042453547244535073735,LEG_RIGHT,0.0,0,0,0.35899791360483585,0
right_hip_roi,2.25.13069823278093578548407087310307113784,LEG_RIGHT,1.0,1,1,0.8676050903922898,1
right_hip_roi,2.25.132083163398091874662674590622589534350,LEG_RIGHT,0.0,2,1,0.6483558180082424,1
right_hip_roi,2.25.132272637351979990811754009849547633391,LEG_RIGHT,0.0,1,0,0.2522789952979342,0
right_hip_roi,2.25.13325817932854000792938662637654885530,LEG_RIGHT,0.0,2,0,0.349775575731621,0
right_hip_roi,2.25.134456506307367483341018281460841912845,LEG_RIGHT,0.0,1,1,0.41161482378934405,0
right_hip_roi,2.25.137344827330550141320158285144101816664,LEG_RIGHT,0.0,2,0,0.23957567405843,0
right_hip_roi,2.25.13983650679559142983913935144968795415,LEG_RIGHT,0.0,2,1,0.4497709936694751,0
right_hip_roi,2.25.144941557565802351596730914409170713112,LEG_RIGHT,0.0,0,1,0.6734312739537456,1
right_hip_roi,2.25.145848300160680194368420189079847088556,LEG_RIGHT,0.0,1,1,0.5942488029817602,1
right_hip_roi,2.25.151186844055172005615813066162721550889,LEG_RIGHT,0.0,1,1,0.35332863557427746,0
right_hip_roi,2.25.156021661584944120526934974594604520993,LEG_RIGHT,0.0,1,1,0.4384762865895504,0
right_hip_roi,2.25.156375884487675936513403083218009333856,LEG_RIGHT,0.0,0,0,0.22999123781687844,0
right_hip_roi,2.25.156389075510671877606923458507011517218,LEG_RIGHT,0.0,2,0,0.19799515884958707,0
right_hip_roi,2.25.157462338378550185821790046400986801350,LEG_RIGHT,0.0,1,0,0.1488813816798552,0
right_hip_roi,2.25.158646777318759504110695916200521633609,LEG_RIGHT,0.0,2,0,0.13757812695814023,0
right_hip_roi,2.25.164566280810634620154538016595892212884,LEG_RIGHT,0.0,1,1,0.15730840935540988,0
right_hip_roi,2.25.165091430504580219034019815337441064349,LEG_RIGHT,0.0,0,1,0.33202413879044174,0
right_hip_roi,2.25.167344201679287285499405412654740659745,LEG_RIGHT,0.0,2,0,0.18263372058703534,0
right_hip_roi,2.25.16773626720107440979805052259711419763,LEG_RIGHT,0.0,1,1,0.5731298151450657,1
right_hip_roi,2.25.168317503020329569414190677927680518621,LEG_RIGHT,0.0,1,1,0.14511610537594377,0
right_hip_roi,2.25.172445998420765569384934552191547932566,LEG_RIGHT,0.0,1,0,0.21212144730686752,0
right_hip_roi,2.25.173753313169335820519632380691065649420,LEG_RIGHT,1.0,2,0,0.4151249000769428,0
right_hip_roi,2.25.175881661753775295785039265792986971602,LEG_RIGHT,0.0,0,0,0.11436612055887564,0
right_hip_roi,2.25.175903805423871105435148927871625232853,LEG_RIGHT,0.0,2,1,0.3717223707267444,0
right_hip_roi,2.25.17706555930735581384953296958427669848,LEG_RIGHT,0.0,0,1,0.5174136118941867,1
right_hip_roi,2.25.177745077805190810016231350557005569203,LEG_RIGHT,0.0,0,1,0.24199122887168625,0
right_hip_roi,2.25.181196659018348153828200695057897449628,LEG_RIGHT,0.0,0,1,0.472408506444341,0
right_hip_roi,2.25.184198356665635336833172191504278054074,LEG_RIGHT,0.0,2,0,0.20973667631527912,0
right_hip_roi,2.25.186201010600484120326273381077449377115,LEG_RIGHT,0.0,0,0,0.14277161174775743,0
right_hip_roi,2.25.190331309633057244929837507901317950031,LEG_RIGHT,0.0,1,0,0.2617321156489563,0
right_hip_roi,2.25.215177279960644564778148238928738915103,LEG_RIGHT,0.0,2,0,0.3425484608555394,0
right_hip_roi,2.25.217397325224876728316360420804118329081,LEG_RIGHT,0.0,2,0,0.38565546802362016,0
right_hip_roi,2.25.234651502352368356456298825489565282446,LEG_RIGHT,0.0,0,1,0.7583306947719883,1
right_hip_roi,2.25.247714038039430659432048101646401574824,LEG_RIGHT,0.0,1,1,0.08070453613180788,0
right_hip_roi,2.25.269648774413746842548908998641183395622,LEG_RIGHT,0.0,1,0,0.5084569488216907,1
right_hip_roi,2.25.272690031744216183651627058502316132741,LEG_RIGHT,0.0,1,1,0.31799255205709787,0
right_hip_roi,2.25.276415754443998872860614500027519740375,LEG_RIGHT,0.0,2,0,0.20565652472058799,0
right_hip_roi,2.25.277752758923974029595977676354128739670,LEG_RIGHT,0.0,1,0,0.34276302973868816,0
right_hip_roi,2.25.286999464611662854355201599068538813496,LEG_RIGHT,0.0,2,0,0.14458771963390077,0
right_hip_roi,2.25.29638026465755240167985424461715024381,LEG_RIGHT,0.0,2,0,0.25152459525898907,0
right_hip_roi,2.25.307021710202910067378603383388989711646,LEG_RIGHT,0.0,0,0,0.3094294183075563,0
right_hip_roi,2.25.309085571913348252136520206003694446566,LEG_RIGHT,0.0,1,1,0.6847699287268368,1
right_hip_roi,2.25.314147167453134440746270747484612743945,LEG_RIGHT,0.0,2,0,0.5542437665322546,1
right_hip_roi,2.25.339027809107632348165171236474821772940,LEG_RIGHT,0.0,2,0,0.21890738988161665,0
right_hip_roi,2.25.340839477910528898406207279980417945,LEG_RIGHT,0.0,1,1,0.26278865082032205,0
right_hip_roi,2.25.37515662379281069436632838996073181551,LEG_RIGHT,0.0,1,1,0.15141850471265875,0
right_hip_roi,2.25.39068163399801173920284179500049527111,LEG_RIGHT,0.0,1,0,0.24033013806879905,0
right_hip_roi,2.25.48906424954135283790354958243772558962,LEG_RIGHT,0.0,2,0,0.05688228555891921,0
right_hip_roi,2.25.52982400970721161435951723390541696819,LEG_RIGHT,0.0,0,1,0.3547837712305895,0
right_hip_roi,2.25.65954778282254353457041255543338557112,LEG_RIGHT,0.0,2,0,0.0846617246645738,0
right_hip_roi,2.25.66397484472966116002950503539482860450,LEG_RIGHT,0.0,0,1,0.5836801621183086,1
right_hip_roi,2.25.73070100851377917031356937075051545239,LEG_RIGHT,0.0,0,0,0.08869797663171962,0
right_hip_roi,2.25.76710355977373089612172037086913478687,LEG_RIGHT,0.0,1,0,0.11340647731704834,0
right_hip_roi,2.25.78999454687125053757525542837745968726,LEG_RIGHT,0.0,0,0,0.8481454149197796,1
right_hip_roi,2.25.82912555346523716720160717883917565880,LEG_RIGHT,0.0,2,0,0.14869896518070116,0
right_hip_roi,2.25.87869906212286587478854831452123526595,LEG_RIGHT,0.0,0,1,0.25586995232267007,0
right_hip_roi,2.25.91981043841368764114007975581101713077,LEG_RIGHT,0.0,2,0,0.41100743258710215,0
left_hip_rotation,1.2.840.113619.2.110.512719.20250403090444,LEG_LEFT,1.0,0,1,0.16031431352557388,0
left_hip_rotation,1.2.840.113619.2.110.512719.20250403092052,LEG_LEFT,0.0,0,0,0.5932229962545303,1
left_hip_rotation,1.2.840.113619.2.110.512719.20250407113211,LEG_LEFT,1.0,0,1,0.05434387990731391,0
left_hip_rotation,2.25.10245777060263212829333021434108890537,LEG_LEFT,0.0,2,0,0.4657367097986269,0
left_hip_rotation,2.25.102755089973625799055786462646268820450,LEG_LEFT,0.0,4,1,0.2068370341541082,0
left_hip_rotation,2.25.102965897799404973225419898683246248872,LEG_LEFT,0.0,4,1,0.6810460975251711,1
left_hip_rotation,2.25.103868781101960771917584077315578649178,LEG_LEFT,0.0,4,0,0.10238451357662696,0
left_hip_rotation,2.25.105033841136787477881326326053319223817,LEG_LEFT,0.0,1,1,0.5603570689424978,1
left_hip_rotation,2.25.11175860580562939441493697221497597640,LEG_LEFT,0.0,0,0,0.11194646499559605,0
left_hip_rotation,2.25.114887542067602662452692698814728642117,LEG_LEFT,1.0,2,0,0.1528492319579143,0
left_hip_rotation,2.25.116822802042655971810859435524105064465,LEG_LEFT,0.0,0,0,0.09900487616179768,0
left_hip_rotation,2.25.122446767306607067205618235949445789306,LEG_LEFT,1.0,1,1,0.2375732744713639,0
left_hip_rotation,2.25.124890633326693921702195356152595253940,LEG_LEFT,0.0,1,1,0.03297346106988963,0
left_hip_rotation,2.25.127126130998341190348103034690069487890,LEG_LEFT,1.0,0,1,0.6515122242145326,1
left_hip_rotation,2.25.128990540359421489042453547244535073735,LEG_LEFT,1.0,3,1,0.6592247702098385,1
left_hip_rotation,2.25.129239680100193368599713239115902740628,LEG_LEFT,1.0,4,1,0.9206315409508582,1
left_hip_rotation,2.25.13069823278093578548407087310307113784,LEG_LEFT,0.0,0,1,0.2844385152624459,0
left_hip_rotation,2.25.132083163398091874662674590622589534350,LEG_LEFT,0.0,1,1,0.7157735696079798,1
left_hip_rotation,2.25.132272637351979990811754009849547633391,LEG_LEFT,0.0,0,1,0.3961228575661023,0
left_hip_rotation,2.25.13325817932854000792938662637654885530,LEG_LEFT,0.0,3,0,0.21083212371593393,0
left_hip_rotation,2.25.134456506307367483341018281460841912845,LEG_LEFT,0.0,2,0,0.5859932799203207,1
left_hip_rotation,2.25.135241889065705954191821710363605596815,LEG_LEFT,0.0,4,1,0.785563590898779,1
left_hip_rotation,2.25.137344827330550141320158285144101816664,LEG_LEFT,0.0,3,1,0.1812446019226995,0
left_hip_rotation,2.25.13983650679559142983913935144968795415,LEG_LEFT,0.0,2,0,0.29927705720821945,0
left_hip_rotation,2.25.144941557565802351596730914409170713112,LEG_LEFT,0.0,1,1,0.6157305599375361,1
left_hip_rotation,2.25.145848300160680194368420189079847088556,LEG_LEFT,1.0,4,1,0.16730112202346326,0
left_hip_rotation,2.25.151186844055172005615813066162721550889,LEG_LEFT,0.0,4,1,0.9632846303975957,1
left_hip_rotation,2.25.156021661584944120526934974594604520993,LEG_LEFT,0.0,3,0,0.09481568494495275,0
left_hip_rotation,2.25.156375884487675936513403083218009333856,LEG_LEFT,0.0,2,0,0.972380896534871,1
left_hip_rotation,2.25.156389075510671877606923458507011517218,LEG_LEFT,0.0,0,0,0.31017223637385694,0
left_hip_rotation,2.25.157462338378550185821790046400986801350,LEG_LEFT,1.0,2,0,0.40940185057558376,0
left_hip_rotation,2.25.158646777318759504110695916200521633609,LEG_LEFT,0.0,4,0,0.3039080073497412,0
left_hip_rotation,2.25.164566280810634620154538016595892212884,LEG_LEFT,0.0,3,0,0.47884050862974065,0
left_hip_rotation,2.25.165091430504580219034019815337441064349,LEG_LEFT,1.0,0,0,0.09007234737709753,0
left_hip_rotation,2.25.165355673991587715046346525964554729786,LEG_LEFT,0.0,3,1,0.19537826883852688,0
left_hip_rotation,2.25.167344201679287285499405412654740659745,LEG_LEFT,0.0,1,0,0.26046061377139984,0
left_hip_rotation,2.25.16773626720107440979805052259711419763,LEG_LEFT,0.0,4,1,0.048052881623267055,0
left_hip_rotation,2.25.168317503020329569414190677927680518621,LEG_LEFT,0.0,4,0,0.39972205902542285,0
left_hip_rotation,2.25.172445998420765569384934552191547932566,LEG_LEFT,0.0,2,1,0.564037397407015,1
left_hip_rotation,2.25.173731186748227489808861376513577450951,LEG_LEFT,0.0,3,1,0.5398338160459504,1
left_hip_rotation,2.25.173753313169335820519632380691065649420,LEG_LEFT,0.0,2,0,0.9878706350918589,1
left_hip_rotation,2.25.175881661753775295785039265792986971602,LEG_LEFT,0.0,3,0,0.28341304682857416,0
left_hip_rotation,2.25.175903805423871105435148927871625232853,LEG_LEFT,0.0,1,1,0.6940986419164595,1
left_hip_rotation,2.25.17706555930735581384953296958427669848,LEG_LEFT,0.0,3,0,0.06737711190269642,0
left_hip_rotation,2.25.177745077805190810016231350557005569203,LEG_LEFT,0.0,0,0,0.11941186774655614,0
left_hip_rotation,2.25.181196659018348153828200695057897449628,LEG_LEFT,0.0,1,1,0.2130060818095644,0
left_hip_rotation,2.25.184198356665635336833172191504278054074,LEG_LEFT,0.0,0,0,0.6083503769724888,1
left_hip_rotation,2.25.186201010600484120326273381077449377115,LEG_LEFT,0.0,4,1,0.7588011085009765,1
left_hip_rotation,2.25.190331309633057244929837507901317950031,LEG_LEFT,0.0,0,1,0.2787698261541555,0
left_hip_rotation,2.25.190807933410234695931591553323782771995,LEG_LEFT,0.0,3,1,0.6702808020608656,1
left_hip_rotation,2.25.215177279960644564778148238928738915103,LEG_LEFT,1.0,2,1,0.06844094647924265,0
left_hip_rotation,2.25.217397325224876728316360420804118329081,LEG_LEFT,0.0,0,0,0.2075805198106121,0
left_hip_rotation,2.25.234651502352368356456298825489565282446,LEG_LEFT,1.0,4,1,0.6127743430790022,1
left_hip_rotation,2.25.247714038039430659432048101646401574824,LEG_LEFT,0.0,1,1,0.4934080122716447,0
left_hip_rotation,2.25.269648774413746842548908998641183395622,LEG_LEFT,0.0,1,1,0.3497369740841504,0
left_hip_rotation,2.25.272690031744216183651627058502316132741,LEG_LEFT,1.0,1,1,0.6218719701033721,1
left_hip_rotation,2.25.276415754443998872860614500027519740375,LEG_LEFT,0.0,2,0,0.7037838053226265,1
left_hip_rotation,2.25.277752758923974029595977676354128739670,LEG_LEFT,0.0,3,1,0.14403393165728479,0
left_hip_rotation,2.25.286999464611662854355201599068538813496,LEG_LEFT,0.0,2,0,0.20134476089675096,0
left_hip_rotation,2.25.29638026465755240167985424461715024381,LEG_LEFT,0.0,2,0,0.626447343152193,1
left_hip_rotation,2.25.307021710202910067378603383388989711646,LEG_LEFT,0.0,4,1,0.9849480986412845,1
left_hip_rotation,2.25.309085571913348252136520206003694446566,LEG_LEFT,0.0,1,0,0.25830997064236005,0
left_hip_rotation,2.25.314147167453134440746270747484612743945,LEG_LEFT,0.0,0,1,0.6804902645207218,1
left_hip_rotation,2.25.339027809107632348165171236474821772940,LEG_LEFT,0.0,2,0,0.5674288864713691,1
left_hip_rotation,2.25.340839477910528898406207279980417945,LEG_LEFT,0.0,1,1,0.11282007359871488,0
left_hip_rotation,2.25.37515662379281069436632838996073181551,LEG_LEFT,0.0,4,0,0.41831420015008597,0
left_hip_rotation,2.25.39068163399801173920284179500049527111,LEG_LEFT,1.0,3,1,0.9505216632316859,1
left_hip_rotation,2.25.48906424954135283790354958243772558962,LEG_LEFT,1.0,1,1,0.03719311976888353,0
left_hip_rotation,2.25.52982400970721161435951723390541696819,LEG_LEFT,0.0,3,0,0.6197091993119295,1
left_hip_rotation,2.25.65954778282254353457041255543338557112,LEG_LEFT,0.0,2,0,0.6174795366897518,1
left_hip_rotation,2.25.66397484472966116002950503539482860450,LEG_LEFT,1.0,2,1,0.7477892523884343,1
left_hip_rotation,2.25.73070100851377917031356937075051545239,LEG_LEFT,1.0,3,1,0.11098641293019944,0
left_hip_rotation,2.25.76710355977373089612172037086913478687,LEG_LEFT,0.0,3,0,0.6581113516661062,1
left_hip_rotation,2.25.78999454687125053757525542837745968726,LEG_LEFT,1.0,1,0,0.657550403125756,1
left_hip_rotation,2.25.82912555346523716720160717883917565880,LEG_LEFT,0.0,1,0,0.7887706969885958,1
left_hip_rotation,2.25.87869906212286587478854831452123526595,LEG_LEFT,0.0,0,0,0.017934949839409634,0
left_hip_rotation,2.25.91981043841368764114007975581101713077,LEG_LEFT,0.0,4,1,0.1596405694553525,0
left_hip_roi,1.2.840.113619.2.110.512719.20250403090444,LEG_LEFT,0.0,0,0,0.34633263460169295,0
left_hip_roi,1.2.840.113619.2.110.512719.20250403092052,LEG_LEFT,0.0,2,0,0.7712267572065895,1
left_hip_roi,1.2.840.113619.2.110.512719.20250407113211,LEG_LEFT,0.0,0,0,0.3225400953444203,0
left_hip_roi,2.25.10245777060263212829333021434108890537,LEG_LEFT,0.0,0,0,0.25379001783859373,0
left_hip_roi,2.25.102755089973625799055786462646268820450,LEG_LEFT,0.0,1,0,0.306565578555522,0
left_hip_roi,2.25.102965897799404973225419898683246248872,LEG_LEFT,0.0,2,0,0.6764957800684787,1
left_hip_roi,2.25.103868781101960771917584077315578649178,LEG_LEFT,0.0,0,0,0.20144431498946136,0
left_hip_roi,2.25.105033841136787477881326326053319223817,LEG_LEFT,0.0,1,0,0.43449282648528526,0
left_hip_roi,2.25.11175860580562939441493697221497597640,LEG_LEFT,0.0,0,0,0.15601458555241693,0
left_hip_roi,2.25.114887542067602662452692698814728642117,LEG_LEFT,0.0,2,0,0.5371279164732455,1
left_hip_roi,2.25.116822802042655971810859435524105064465,LEG_LEFT,0.0,2,0,0.13442279236540358,0
left_hip_roi,2.25.122446767306607067205618235949445789306,LEG_LEFT,0.0,1,1,0.28736540032202,0
left_hip_roi,2.25.124890633326693921702195356152595253940,LEG_LEFT,0.0,0,0,0.24249800723227596,0
left_hip_roi,2.25.127126130998341190348103034690069487890,LEG_LEFT,0.0,1,1,0.3070459189952556,0
left_hip_roi,2.25.128990540359421489042453547244535073735,LEG_LEFT,0.0,0,0,0.22053939915041507,0
left_hip_roi,2.25.129239680100193368599713239115902740628,LEG_LEFT,0.0,0,0,0.18099696777541116,0
left_hip_roi,2.25.13069823278093578548407087310307113784,LEG_LEFT,1.0,2,0,0.6305518016846388,1
left_hip_roi,2.25.132083163398091874662674590622589534350,LEG_LEFT,0.0,2,0,0.7917579649536663,1
left_hip_roi,2.25.132272637351979990811754009849547633391,LEG_LEFT,0.0,2,0,0.10530980239253362,0
left_hip_roi,2.25.13325817932854000792938662637654885530,LEG_LEFT,1.0,1,1,0.2994034863173521,0
left_hip_roi,2.25.134456506307367483341018281460841912845,LEG_LEFT,0.0,1,1,0.23995360825177123,0
left_hip_roi,2.25.135241889065705954191821710363605596815,LEG_LEFT,0.0,1,1,0.5838044765428549,1
left_hip_roi,2.25.137344827330550141320158285144101816664,LEG_LEFT,0.0,2,0,0.4395399375054565,0
left_hip_roi,2.25.13983650679559142983913935144968795415,LEG_LEFT,0.0,0,1,0.13983723879654472,0
left_hip_roi,2.25.144941557565802351596730914409170713112,LEG_LEFT,0.0,1,0,0.10640011387748079,0
left_hip_roi,2.25.145848300160680194368420189079847088556,LEG_LEFT,0.0,1,1,0.26460652417519487,0
left_hip_roi,2.25.151186844055172005615813066162721550889,LEG_LEFT,0.0,2,0,0.5063663072275727,1
left_hip_roi,2.25.156021661584944120526934974594604520993,LEG_LEFT,0.0,0,0,0.3106529036835049,0
left_hip_roi,2.25.156375884487675936513403083218009333856,LEG_LEFT,0.0,2,0,0.578888866675607,1
left_hip_roi,2.25.156389075510671877606923458507011517218,LEG_LEFT,0.0,1,0,0.6713512145419224,1
left_hip_roi,2.25.157462338378550185821790046400986801350,LEG_LEFT,0.0,1,0,0.2937604360214002,0
left_hip_roi,2.25.158646777318759504110695916200521633609,LEG_LEFT,0.0,1,0,0.2929964500612138,0
left_hip_roi,2.25.164566280810634620154538016595892212884,LEG_LEFT,0.0,1,1,0.0651607509092514,0
left_hip_roi,2.25.165091430504580219034019815337441064349,LEG_LEFT,0.0,0,0,0.3963818905273903,0
left_hip_roi,2.25.165355673991587715046346525964554729786,LEG_LEFT,0.0,2,0,0.5607485955649275,1
left_hip_roi,2.25.167344201679287285499405412654740659745,LEG_LEFT,0.0,1,0,0.19816255189555235,0
left_hip_roi,2.25.16773626720107440979805052259711419763,LEG_LEFT,0.0,1,0,0.5358059649565761,1
left_hip_roi,2.25.168317503020329569414190677927680518621,LEG_LEFT,0.0,0,1,0.17118114193369297,0
left_hip_roi,2.25.172445998420765569384934552191547932566,LEG_LEFT,0.0,2,0,0.20608347783112838,0
left_hip_roi,2.25.173731186748227489808861376513577450951,LEG_LEFT,0.0,0,0,0.3136591871668019,0
left_hip_roi,2.25.173753313169335820519632380691065649420,LEG_LEFT,0.0,0,1,0.3705042932195789,0
left_hip_roi,2.25.175881661753775295785039265792986971602,LEG_LEFT,0.0,1,1,0.5023502844813447,1
left_hip_roi,2.25.175903805423871105435148927871625232853,LEG_LEFT,0.0,0,0,0.20199949340504392,0
left_hip_roi,2.25.17706555930735581384953296958427669848,LEG_LEFT,0.0,2,0,0.6580544475301972,1
left_hip_roi,2.25.177745077805190810016231350557005569203,LEG_LEFT,0.0,0,1,0.5686404250257553,1
left_hip_roi,2.25.181196659018348153828200695057897449628,LEG_LEFT,0.0,1,1,0.4000148753942156,0
left_hip_roi,2.25.184198356665635336833172191504278054074,LEG_LEFT,0.0,2,0,0.7241903313041678,1
left_hip_roi,2.25.186201010600484120326273381077449377115,LEG_LEFT,0.0,2,0,0.22512226507399052,0
left_hip_roi,2.25.190331309633057244929837507901317950031,LEG_LEFT,0.0,1,0,0.5788469608413052,1
left_hip_roi,2.25.190807933410234695931591553323782771995,LEG_LEFT,0.0,2,0,0.15785884002005696,0
left_hip_roi,2.25.215177279960644564778148238928738915103,LEG_LEFT,0.0,0,0,0.13177266076386357,0
left_hip_roi,2.25.217397325224876728316360420804118329081,LEG_LEFT,0.0,1,1,0.6458670989679399,1
left_hip_roi,2.25.234651502352368356456298825489565282446,LEG_LEFT,0.0,1,1,0.4002785809082732,0
left_hip_roi,2.25.247714038039430659432048101646401574824,LEG_LEFT,0.0,1,0,0.13535937530120568,0
left_hip_roi,2.25.269648774413746842548908998641183395622,LEG_LEFT,0.0,1,1,0.5909430809454052,1
left_hip_roi,2.25.272690031744216183651627058502316132741,LEG_LEFT,0.0,0,0,0.3679894117695035,0
left_hip_roi,2.25.276415754443998872860614500027519740375,LEG_LEFT,0.0,2,0,0.23783235689782728,0
left_hip_roi,2.25.277752758923974029595977676354128739670,LEG_LEFT,1.0,0,0,0.3104413447664606,0
left_hip_roi,2.25.286999464611662854355201599068538813496,LEG_LEFT,0.0,2,0,0.442467961240486,0
left_hip_roi,2.25.29638026465755240167985424461715024381,LEG_LEFT,0.0,0,0,0.2205767780541244,0
left_hip_roi,2.25.307021710202910067378603383388989711646,LEG_LEFT,0.0,1,0,0.16202048054747956,0
left_hip_roi,2.25.309085571913348252136520206003694446566,LEG_LEFT,0.0,2,0,0.34839910762705595,0
left_hip_roi,2.25.314147167453134440746270747484612743945,LEG_LEFT,0.0,2,0,0.6421033501899832,1
left_hip_roi,2.25.339027809107632348165171236474821772940,LEG_LEFT,0.0,1,0,0.36712672285768005,0
left_hip_roi,2.25.340839477910528898406207279980417945,LEG_LEFT,0.0,1,1,0.25273896160762543,0
left_hip_roi,2.25.37515662379281069436632838996073181551,LEG_LEFT,0.0,1,1,0.2766323599900025,0
left_hip_roi,2.25.39068163399801173920284179500049527111,LEG_LEFT,0.0,2,0,0.24105639546832222,0
left_hip_roi,2.25.48906424954135283790354958243772558962,LEG_LEFT,0.0,0,1,0.07709764381132198,0
left_hip_roi,2.25.52982400970721161435951723390541696819,LEG_LEFT,0.0,2,0,0.3288201801652001,0
left_hip_roi,2.25.65954778282254353457041255543338557112,LEG_LEFT,0.0,0,0,0.1261633733169396,0
left_hip_roi,2.25.66397484472966116002950503539482860450,LEG_LEFT,0.0,0,0,0.7321546231756738,1
left_hip_roi,2.25.73070100851377917031356937075051545239,LEG_LEFT,0.0,0,0,0.17333594102214334,0
left_hip_roi,2.25.76710355977373089612172037086913478687,LEG_LEFT,0.0,0,1,0.45211218159805017,0
left_hip_roi,2.25.78999454687125053757525542837745968726,LEG_LEFT,0.0,2,0,0.13247833368097106,0
left_hip_roi,2.25.82912555346523716720160717883917565880,LEG_LEFT,0.0,2,0,0.1757021554364759,0
left_hip_roi,2.25.87869906212286587478854831452123526595,LEG_LEFT,0.0,0,1,0.2967663355617719,0
left_hip_roi,2.25.91981043841368764114007975581101713077,LEG_LEFT,0.0,2,0,0.6183045633611292,1
