target,rule,evaluation,n,positives,tn,fp,fn,tp,sensitivity,specificity,f2,balanced_accuracy,n_groups,positive_groups,fold_parameters,full_fit_parameters
spine_coverage,notebook_full_data_params,full_data_tuned_baseline,99,6,37,56,0,6,1.0,0.3978494623655914,0.3488372093023256,0.6989247311827957,99,6,fixed; no fold tuning,
spine_coverage,high:t12_half_ratio,study_group_oof,99,6,65,28,3,3,0.5,0.6989247311827957,0.2727272727272727,0.5994623655913979,99,6,"[{""fold"": 0, ""threshold"": 0.8888467014712862}, {""fold"": 1, ""threshold"": 0.8795430436556507}, {""fold"": 2, ""threshold"": 1.039268680445151}, {""fold"": 3, ""threshold"": 0.8789014396456257}, {""fold"": 4, ""threshold"": 0.8939724727100143}]","{""threshold"": 0.9123478260869566}"
spine_coverage,high:bright_threshold,study_group_oof,99,6,82,11,3,3,0.5,0.8817204301075269,0.39473684210526316,0.6908602150537635,99,6,"[{""fold"": 0, ""threshold"": 0.8152610659599304}, {""fold"": 1, ""threshold"": 0.8152610659599304}, {""fold"": 2, ""threshold"": 0.8152610659599304}, {""fold"": 3, ""threshold"": 0.8152610659599304}, {""fold"": 4, ""threshold"": 0.8306980228424072}]","{""threshold"": 0.8152610659599304}"
spine_coverage,low:separator_median_gap_px,study_group_oof,99,6,69,24,2,4,0.6666666666666666,0.7419354838709677,0.38461538461538464,0.7043010752688172,99,6,"[{""fold"": 0, ""threshold"": 42.0}, {""fold"": 1, ""threshold"": 42.0}, {""fold"": 2, ""threshold"": 42.0}, {""fold"": 3, ""threshold"": 40.28}, {""fold"": 4, ""threshold"": 42.0}]","{""threshold"": 42.0}"
spine_coverage,low:iliac_left_image_area_fraction,study_group_oof,99,6,59,34,2,4,0.6666666666666666,0.6344086021505376,0.3225806451612903,0.6505376344086021,99,6,"[{""fold"": 0, ""threshold"": 0.051991167192429015}, {""fold"": 1, ""threshold"": 0.052907057119615894}, {""fold"": 2, ""threshold"": 0.08014655826558263}, {""fold"": 3, ""threshold"": 0.05281874697550202}, {""fold"": 4, ""threshold"": 0.05303647798742138}]","{""threshold"": 0.05484832177388919}"
spine_coverage,low:separator_median_gap_ratio,study_group_oof,99,6,57,36,2,4,0.6666666666666666,0.6129032258064516,0.3125,0.6397849462365591,99,6,"[{""fold"": 0, ""threshold"": 0.1453287197231834}, {""fold"": 1, ""threshold"": 0.12930500168640754}, {""fold"": 2, ""threshold"": 0.14150943396226415}, {""fold"": 3, ""threshold"": 0.14464952020832592}, {""fold"": 4, ""threshold"": 0.14720593675872126}]","{""threshold"": 0.14436879984438825}"
spine_alignment,fixed_5_degrees,fixed_rule,99,10,67,22,3,7,0.7,0.7528089887640449,0.5072463768115942,0.7264044943820225,99,10,fixed; no fold tuning,
spine_alignment,high:axis_deviation_vertical_deg_boundary,study_group_oof,99,10,60,29,3,7,0.7,0.6741573033707865,0.4605263157894737,0.6870786516853933,99,10,"[{""fold"": 0, ""threshold"": 3.7281526352542005}, {""fold"": 1, ""threshold"": 3.8067904223593594}, {""fold"": 2, ""threshold"": 4.662856350124419}, {""fold"": 3, ""threshold"": 3.9703366064589214}, {""fold"": 4, ""threshold"": 4.024720692480172}]","{""threshold"": 3.739704133444484}"
spine_alignment,high:axis_deviation_vertical_deg_symmetry,study_group_oof,99,10,63,26,6,4,0.4,0.7078651685393258,0.2857142857142857,0.553932584269663,99,10,"[{""fold"": 0, ""threshold"": 3.6871598994125256}, {""fold"": 1, ""threshold"": 3.8254338679562947}, {""fold"": 2, ""threshold"": 6.938105881702448}, {""fold"": 3, ""threshold"": 3.5897888240538824}, {""fold"": 4, ""threshold"": 6.924247327377349}]","{""threshold"": 6.996586745388464}"
spine_alignment,high:axis_deviation_vertical_deg_brightness,study_group_oof,99,10,11,78,2,8,0.8,0.12359550561797752,0.31746031746031744,0.46179775280898877,99,10,"[{""fold"": 0, ""threshold"": 0.34518044822354343}, {""fold"": 1, ""threshold"": 0.29184110895984816}, {""fold"": 2, ""threshold"": 0.4883155782369238}, {""fold"": 3, ""threshold"": 1.6264523273366314}, {""fold"": 4, ""threshold"": 0.5246818023772079}]","{""threshold"": 0.44960899253025444}"
spine_artifacts,notebook_full_data_params,full_data_tuned_baseline,99,17,52,30,5,12,0.7058823529411765,0.6341463414634146,0.5454545454545454,0.6700143472022956,99,17,fixed; no fold tuning,
spine_artifacts,high:artifact_border_bright_fraction,study_group_oof,99,17,46,36,6,11,0.6470588235294118,0.5609756097560976,0.4782608695652174,0.6040172166427547,99,17,"[{""fold"": 0, ""threshold"": 0.0008812691780373881}, {""fold"": 1, ""threshold"": 0.000906149418386713}, {""fold"": 2, ""threshold"": 5.889987022062495e-05}, {""fold"": 3, ""threshold"": 0.00034679237548672}, {""fold"": 4, ""threshold"": 0.00031183406857789806}]","{""threshold"": 0.00099685124745758}"
spine_artifacts,low:artifact_orientation_concentration,study_group_oof,99,17,38,44,4,13,0.7647058823529411,0.4634146341463415,0.52,0.6140602582496413,99,17,"[{""fold"": 0, ""threshold"": 0.21936079940029754}, {""fold"": 1, ""threshold"": 0.2246441874777313}, {""fold"": 2, ""threshold"": 0.18027278955344725}, {""fold"": 3, ""threshold"": 0.21936079940029754}, {""fold"": 4, ""threshold"": 0.20978197726682513}]","{""threshold"": 0.22552677541981067}"
spine_artifacts,or_high:artifact_border_bright_fraction+artifact_outside_bright_fraction,study_group_oof,99,17,39,43,6,11,0.6470588235294118,0.47560975609756095,0.45081967213114754,0.5613342898134863,99,17,"[{""fold"": 0, ""first"": 0.0008812691780373881, ""second"": 0.0}, {""fold"": 1, ""first"": 0.0005620648909990921, ""second"": 0.0}, {""fold"": 2, ""first"": 5.889987022062495e-05, ""second"": 0.0}, {""fold"": 3, ""first"": 4.500349406009785e-05, ""second"": 0.0}, {""fold"": 4, ""first"": 0.00031183406857789806, ""second"": 0.0}]","{""first"": 6.803563279963495e-05, ""second"": 0.0}"
hip_position_rotation,notebook_full_data_params,full_data_tuned_baseline,148,35,31,82,8,27,0.7714285714285715,0.2743362831858407,0.5421686746987951,0.5228824273072061,78,23,fixed; no fold tuning,
hip_position_rotation,low:rotation_prominence_ratio,study_group_oof,148,35,37,76,13,22,0.6285714285714286,0.3274336283185841,0.46218487394957986,0.47800252844500635,78,23,"[{""fold"": 0, ""threshold"": 1.5388531996882444}, {""fold"": 1, ""threshold"": 1.735623296364429}, {""fold"": 2, ""threshold"": 1.4581150899936388}, {""fold"": 3, ""threshold"": 1.5361995146464096}, {""fold"": 4, ""threshold"": 1.173450929808817}]","{""threshold"": 1.5476628306401983}"
hip_position_rotation,outside:rotation_prominence_ratio,study_group_oof,148,35,18,95,9,26,0.7428571428571429,0.1592920353982301,0.49808429118773945,0.4510745891276865,78,23,"[{""fold"": 0, ""low"": 0.094577457705526, ""high"": 0.7516968856366142}, {""fold"": 1, ""low"": 1.0140668183545103, ""high"": 1.3824289081708776}, {""fold"": 2, ""low"": 1.4581150899936388, ""high"": 1.6003977573979982}, {""fold"": 3, ""low"": 1.5361995146464096, ""high"": 1.631652072444122}, {""fold"": 4, ""low"": 1.411638104088229, ""high"": 1.7027455257059814}]","{""low"": 0.9932249519642424, ""high"": 1.661994449890015}"
hip_position_rotation,high:trochanter_adjacent_thickening_ratio,study_group_oof,148,35,29,84,4,31,0.8857142857142857,0.25663716814159293,0.6078431372549019,0.5711757269279393,78,23,"[{""fold"": 0, ""threshold"": 1.4556643356643357}, {""fold"": 1, ""threshold"": 1.3781376518218624}, {""fold"": 2, ""threshold"": 1.4114285714285715}, {""fold"": 3, ""threshold"": 1.3938461538461537}, {""fold"": 4, ""threshold"": 1.4659047619047618}]","{""threshold"": 1.3748987854251014}"
hip_position_rotation,low:trochanter_min_width_px,study_group_oof,148,35,42,71,11,24,0.6857142857142857,0.37168141592920356,0.5106382978723404,0.5286978508217446,78,23,"[{""fold"": 0, ""threshold"": 20.0}, {""fold"": 1, ""threshold"": 13.159999999999997}, {""fold"": 2, ""threshold"": 14.0}, {""fold"": 3, ""threshold"": 13.159999999999997}, {""fold"": 4, ""threshold"": 10.0}]","{""threshold"": 14.0}"
hip_position_rotation,high:trochanter_best_offset,study_group_oof,148,35,54,59,8,27,0.7714285714285715,0.4778761061946903,0.5973451327433629,0.6246523388116308,78,23,"[{""fold"": 0, ""threshold"": -21.0}, {""fold"": 1, ""threshold"": -17.07999999999999}, {""fold"": 2, ""threshold"": -12.0}, {""fold"": 3, ""threshold"": -10.159999999999982}, {""fold"": 4, ""threshold"": -19.0}]","{""threshold"": -19.139999999999993}"
hip_position_rotation,high:trochanter_best_offset_ratio,study_group_oof,148,35,57,56,8,27,0.7714285714285715,0.504424778761062,0.6053811659192825,0.6379266750948167,78,23,"[{""fold"": 0, ""threshold"": -0.06426747720364741}, {""fold"": 1, ""threshold"": -0.06494175352544444}, {""fold"": 2, ""threshold"": -0.05106382978723404}, {""fold"": 3, ""threshold"": -0.042862047823421213}, {""fold"": 4, ""threshold"": -0.04574548374146924}]","{""threshold"": -0.04713287836210353}"
hip_position_rotation,low:rotation_bump_x,study_group_oof,148,35,42,71,12,23,0.6571428571428571,0.37168141592920356,0.49145299145299143,0.5144121365360304,78,23,"[{""fold"": 0, ""threshold"": 188.0}, {""fold"": 1, ""threshold"": 208.32}, {""fold"": 2, ""threshold"": 190.0}, {""fold"": 3, ""threshold"": 217.48000000000002}, {""fold"": 4, ""threshold"": 201.0}]","{""threshold"": 189.0}"
hip_position_rotation,high:neck_adjacent_thickening_ratio,study_group_oof,148,35,18,95,10,25,0.7142857142857143,0.1592920353982301,0.4807692307692308,0.4367888748419722,78,23,"[{""fold"": 0, ""threshold"": 1.1378770074422249}, {""fold"": 1, ""threshold"": 2.3137788018433194}, {""fold"": 2, ""threshold"": 1.1381440622972097}, {""fold"": 3, ""threshold"": 1.130090393104898}, {""fold"": 4, ""threshold"": 1.1346833400564744}]","{""threshold"": 1.1349415086728518}"
hip_roi,notebook_full_data_params,full_data_tuned_baseline,148,6,120,22,6,0,0.0,0.8450704225352113,0.0,0.4225352112676056,78,5,fixed; no fold tuning,
hip_roi,low:roi_bottom_margin_ratio,study_group_oof,148,6,132,10,3,3,0.5,0.9295774647887324,0.40540540540540543,0.7147887323943662,78,5,"[{""fold"": 0, ""threshold"": 0.3217639782285997}, {""fold"": 1, ""threshold"": 0.3440134941729707}, {""fold"": 2, ""threshold"": 0.3575678343176118}, {""fold"": 3, ""threshold"": 0.33501545906707886}, {""fold"": 4, ""threshold"": 0.34922832645284213}]","{""threshold"": 0.3427452333707186}"
hip_roi,low:roi_top_margin_ratio,study_group_oof,148,6,35,107,0,6,1.0,0.24647887323943662,0.21897810218978103,0.6232394366197183,78,5,"[{""fold"": 0, ""threshold"": 0.2474226804123711}, {""fold"": 1, ""threshold"": 0.39483441258094354}, {""fold"": 2, ""threshold"": 0.3900849008120053}, {""fold"": 3, ""threshold"": 0.39371939562133823}, {""fold"": 4, ""threshold"": 0.40262961302853734}]","{""threshold"": 0.392604378661733}"
hip_roi,low:roi_lateral_margin_ratio,study_group_oof,148,6,92,50,3,3,0.5,0.647887323943662,0.19480519480519481,0.573943661971831,78,5,"[{""fold"": 0, ""threshold"": 0.1714285714285714}, {""fold"": 1, ""threshold"": 0.325}, {""fold"": 2, ""threshold"": 0.1714285714285714}, {""fold"": 3, ""threshold"": 0.3178571428571428}, {""fold"": 4, ""threshold"": 0.1685714285714285}]","{""threshold"": 0.16971428571428568}"
hip_roi,or_low:roi_bottom_margin_ratio+roi_lateral_margin_ratio,study_group_oof,148,6,122,20,2,4,0.6666666666666666,0.8591549295774648,0.4166666666666667,0.7629107981220657,78,5,"[{""fold"": 0, ""first"": 0.3217639782285997, ""second"": 0.1714285714285714}, {""fold"": 1, ""first"": 0.3440134941729707, ""second"": 0.1662857142857142}, {""fold"": 2, ""first"": 0.3575678343176118, ""second"": 0.1714285714285714}, {""fold"": 3, ""first"": 0.33501545906707886, ""second"": 0.16799999999999995}, {""fold"": 4, ""first"": 0.34922832645284213, ""second"": 0.1685714285714285}]","{""first"": 0.3427452333707186, ""second"": 0.16971428571428568}"
hip_roi,high:ischial_gap_ratio,study_group_oof,148,6,117,25,3,3,0.5,0.823943661971831,0.28846153846153844,0.6619718309859155,78,5,"[{""fold"": 0, ""threshold"": 0.125}, {""fold"": 1, ""threshold"": 0.12428571428571432}, {""fold"": 2, ""threshold"": 0.11928571428571426}, {""fold"": 3, ""threshold"": 0.13875}, {""fold"": 4, ""threshold"": 0.1214285714285714}]","{""threshold"": 0.1214285714285714}"
hip_roi,low:trochanter_min_width_px,study_group_oof,148,6,116,26,3,3,0.5,0.8169014084507042,0.2830188679245283,0.6584507042253521,78,5,"[{""fold"": 0, ""threshold"": 5.200000000000003}, {""fold"": 1, ""threshold"": 6.0}, {""fold"": 2, ""threshold"": 6.0}, {""fold"": 3, ""threshold"": 5.0}, {""fold"": 4, ""threshold"": 6.0}]","{""threshold"": 4.76}"
