sample_id,source_row,region,column,group,variant,image_path,geometry_path,source_relative_path,source_study_uid,spacing_basis,spine_position,spine_axis,spine_artifact,hip_position,hip_roi,hip_rotation,spine_axis_angle_deg,trochanter_between_area_px2,trochanter_curve_crossings,trochanter_area_fraction_roi
spine_01_row282,282,SPINE,0,source,source,C:\Users\Андрей\Desktop\Хакатон\Исследования\2.25.17706555930735581384953296958427669848\series_004_3_CR\A2504146513 DXA\CR DXA\CR000002.dcm,geometry/spine_01_row282_0.json,2.25.17706555930735581384953296958427669848/series_004_3_CR/A2504146513 DXA/CR DXA/CR000002.dcm,1.2.643.5.1.13.13.12.2.77.8252.15150900091406150103131401151205,not_applicable,0,0,1,,,,3.246367252847649,,,
spine_01_row282,282,SPINE,1,positive,half_Th12_axis_1.68,images/SPINE/spine_01_row282_1.dcm,geometry/spine_01_row282_1.json,2.25.17706555930735581384953296958427669848/series_004_3_CR/A2504146513 DXA/CR DXA/CR000002.dcm,1.2.643.5.1.13.13.12.2.77.8252.15150900091406150103131401151205,not_applicable,0,0,1,,,,1.2126057080731794,,,
spine_01_row282,282,SPINE,2,negative_position,crop_right_crest,images/SPINE/spine_01_row282_2.dcm,geometry/spine_01_row282_2.json,2.25.17706555930735581384953296958427669848/series_004_3_CR/A2504146513 DXA/CR DXA/CR000002.dcm,1.2.643.5.1.13.13.12.2.77.8252.15150900091406150103131401151205,not_applicable,1,0,1,,,,2.276736697468357,,,
spine_01_row282,282,SPINE,3,negative_position,crop_both_crests_bottom,images/SPINE/spine_01_row282_3.dcm,geometry/spine_01_row282_3.json,2.25.17706555930735581384953296958427669848/series_004_3_CR/A2504146513 DXA/CR DXA/CR000002.dcm,1.2.643.5.1.13.13.12.2.77.8252.15150900091406150103131401151205,not_applicable,1,0,1,,,,2.4098066072434663,,,
spine_01_row282,282,SPINE,4,negative_axis_or_roi,axis_target_-7.68,images/SPINE/spine_01_row282_4.dcm,geometry/spine_01_row282_4.json,2.25.17706555930735581384953296958427669848/series_004_3_CR/A2504146513 DXA/CR DXA/CR000002.dcm,1.2.643.5.1.13.13.12.2.77.8252.15150900091406150103131401151205,not_applicable,1,1,1,,,,-9.594483348728057,,,
spine_01_row282,282,SPINE,5,negative_axis_or_roi,axis_target_11.05,images/SPINE/spine_01_row282_5.dcm,geometry/spine_01_row282_5.json,2.25.17706555930735581384953296958427669848/series_004_3_CR/A2504146513 DXA/CR DXA/CR000002.dcm,1.2.643.5.1.13.13.12.2.77.8252.15150900091406150103131401151205,not_applicable,1,1,1,,,,8.636916056467516,,,
spine_02_row257,257,SPINE,0,source,source,C:\Users\Андрей\Desktop\Хакатон\Исследования\2.25.172445998420765569384934552191547932566\series_004_2_CR\A2507368766 DXA\CR DXA\CR000000.dcm,geometry/spine_02_row257_0.json,2.25.172445998420765569384934552191547932566/series_004_2_CR/A2507368766 DXA/CR DXA/CR000000.dcm,1.2.643.5.1.13.13.12.2.77.8252.07141114011403010702060406101512,not_applicable,0,0,1,,,,3.449918399284949,,,
spine_02_row257,257,SPINE,1,positive,half_Th12_axis_3.06,images/SPINE/spine_02_row257_1.dcm,geometry/spine_02_row257_1.json,2.25.172445998420765569384934552191547932566/series_004_2_CR/A2507368766 DXA/CR DXA/CR000000.dcm,1.2.643.5.1.13.13.12.2.77.8252.07141114011403010702060406101512,not_applicable,0,0,1,,,,2.847670441072283,,,
spine_02_row257,257,SPINE,2,negative_position,crop_both_crests_bottom,images/SPINE/spine_02_row257_2.dcm,geometry/spine_02_row257_2.json,2.25.172445998420765569384934552191547932566/series_004_2_CR/A2507368766 DXA/CR DXA/CR000000.dcm,1.2.643.5.1.13.13.12.2.77.8252.07141114011403010702060406101512,not_applicable,1,1,,,,,8.764479357598379,,,
spine_02_row257,257,SPINE,3,negative_position,crop_right_crest,images/SPINE/spine_02_row257_3.dcm,geometry/spine_02_row257_3.json,2.25.172445998420765569384934552191547932566/series_004_2_CR/A2507368766 DXA/CR DXA/CR000000.dcm,1.2.643.5.1.13.13.12.2.77.8252.07141114011403010702060406101512,not_applicable,1,1,,,,,8.8473293049543,,,
spine_02_row257,257,SPINE,4,negative_axis_or_roi,axis_target_-14.96,images/SPINE/spine_02_row257_4.dcm,geometry/spine_02_row257_4.json,2.25.172445998420765569384934552191547932566/series_004_2_CR/A2507368766 DXA/CR DXA/CR000000.dcm,1.2.643.5.1.13.13.12.2.77.8252.07141114011403010702060406101512,not_applicable,1,1,,,,,-11.117732199482653,,,
spine_02_row257,257,SPINE,5,negative_axis_or_roi,axis_target_-13.27,images/SPINE/spine_02_row257_5.dcm,geometry/spine_02_row257_5.json,2.25.172445998420765569384934552191547932566/series_004_2_CR/A2507368766 DXA/CR DXA/CR000000.dcm,1.2.643.5.1.13.13.12.2.77.8252.07141114011403010702060406101512,not_applicable,1,1,,,,,-9.0308962096195,,,
spine_03_row174,174,SPINE,0,source,source,C:\Users\Андрей\Desktop\Хакатон\Исследования\2.25.156389075510671877606923458507011517218\series_001_2_CR\A2507389755 DXA\CR DXA\CR000002.dcm,geometry/spine_03_row174_0.json,2.25.156389075510671877606923458507011517218/series_001_2_CR/A2507389755 DXA/CR DXA/CR000002.dcm,1.2.643.5.1.13.13.12.2.77.8252.14051001011001020103110813110612,not_applicable,0,0,0,,,,-0.7475251819101734,,,
spine_03_row174,174,SPINE,1,positive,half_Th12_axis_-0.62,images/SPINE/spine_03_row174_1.dcm,geometry/spine_03_row174_1.json,2.25.156389075510671877606923458507011517218/series_001_2_CR/A2507389755 DXA/CR DXA/CR000002.dcm,1.2.643.5.1.13.13.12.2.77.8252.14051001011001020103110813110612,not_applicable,0,0,0,,,,-0.713693760242915,,,
spine_03_row174,174,SPINE,2,negative_position,crop_Th12_and_next,images/SPINE/spine_03_row174_2.dcm,geometry/spine_03_row174_2.json,2.25.156389075510671877606923458507011517218/series_001_2_CR/A2507389755 DXA/CR DXA/CR000002.dcm,1.2.643.5.1.13.13.12.2.77.8252.14051001011001020103110813110612,not_applicable,1,0,0,,,,-0.1990092152324269,,,
spine_03_row174,174,SPINE,3,negative_position,crop_Th12,images/SPINE/spine_03_row174_3.dcm,geometry/spine_03_row174_3.json,2.25.156389075510671877606923458507011517218/series_001_2_CR/A2507389755 DXA/CR DXA/CR000002.dcm,1.2.643.5.1.13.13.12.2.77.8252.14051001011001020103110813110612,not_applicable,1,0,0,,,,-2.173651292603831,,,
spine_03_row174,174,SPINE,4,negative_axis_or_roi,axis_target_17.43,images/SPINE/spine_03_row174_4.dcm,geometry/spine_03_row174_4.json,2.25.156389075510671877606923458507011517218/series_001_2_CR/A2507389755 DXA/CR DXA/CR000002.dcm,1.2.643.5.1.13.13.12.2.77.8252.14051001011001020103110813110612,not_applicable,1,1,0,,,,13.650676618120706,,,
spine_03_row174,174,SPINE,5,negative_axis_or_roi,axis_target_12.44,images/SPINE/spine_03_row174_5.dcm,geometry/spine_03_row174_5.json,2.25.156389075510671877606923458507011517218/series_001_2_CR/A2507389755 DXA/CR DXA/CR000002.dcm,1.2.643.5.1.13.13.12.2.77.8252.14051001011001020103110813110612,not_applicable,1,1,0,,,,10.88899003149208,,,
spine_04_row353,353,SPINE,0,source,source,C:\Users\Андрей\Desktop\Хакатон\Исследования\2.25.234651502352368356456298825489565282446\series_002_2_CR\A2504307193 DXA\CR DXA\CR000002.dcm,geometry/spine_04_row353_0.json,2.25.234651502352368356456298825489565282446/series_002_2_CR/A2504307193 DXA/CR DXA/CR000002.dcm,1.2.643.5.1.13.13.12.2.77.8252.11000715091405120315010100101510,not_applicable,0,0,0,,,,1.1334343421802968,,,
spine_04_row353,353,SPINE,1,positive,half_Th12_axis_0.79,images/SPINE/spine_04_row353_1.dcm,geometry/spine_04_row353_1.json,2.25.234651502352368356456298825489565282446/series_002_2_CR/A2504307193 DXA/CR DXA/CR000002.dcm,1.2.643.5.1.13.13.12.2.77.8252.11000715091405120315010100101510,not_applicable,0,0,0,,,,0.6740418537173384,,,
spine_04_row353,353,SPINE,2,negative_position,crop_Th12,images/SPINE/spine_04_row353_2.dcm,geometry/spine_04_row353_2.json,2.25.234651502352368356456298825489565282446/series_002_2_CR/A2504307193 DXA/CR DXA/CR000002.dcm,1.2.643.5.1.13.13.12.2.77.8252.11000715091405120315010100101510,not_applicable,1,0,0,,,,4.104479707603048,,,
spine_04_row353,353,SPINE,3,negative_position,crop_both_crests_bottom,images/SPINE/spine_04_row353_3.dcm,geometry/spine_04_row353_3.json,2.25.234651502352368356456298825489565282446/series_002_2_CR/A2504307193 DXA/CR DXA/CR000002.dcm,1.2.643.5.1.13.13.12.2.77.8252.11000715091405120315010100101510,not_applicable,1,0,0,,,,1.1979805491937934,,,
spine_04_row353,353,SPINE,4,negative_axis_or_roi,axis_target_-16.51,images/SPINE/spine_04_row353_4.dcm,geometry/spine_04_row353_4.json,2.25.234651502352368356456298825489565282446/series_002_2_CR/A2504307193 DXA/CR DXA/CR000002.dcm,1.2.643.5.1.13.13.12.2.77.8252.11000715091405120315010100101510,not_applicable,1,1,0,,,,-13.112640674721607,,,
spine_04_row353,353,SPINE,5,negative_axis_or_roi,axis_target_16.21,images/SPINE/spine_04_row353_5.dcm,geometry/spine_04_row353_5.json,2.25.234651502352368356456298825489565282446/series_002_2_CR/A2504307193 DXA/CR DXA/CR000002.dcm,1.2.643.5.1.13.13.12.2.77.8252.11000715091405120315010100101510,not_applicable,1,1,0,,,,19.179449727950217,,,
spine_05_row117,117,SPINE,0,source,source,C:\Users\Андрей\Desktop\Хакатон\Исследования\2.25.134456506307367483341018281460841912845\series_002_2_CR\A2507120612 DXA\CR DXA\CR000001.dcm,geometry/spine_05_row117_0.json,2.25.134456506307367483341018281460841912845/series_002_2_CR/A2507120612 DXA/CR DXA/CR000001.dcm,1.2.643.5.1.13.13.12.2.77.8252.14001106061015010402061009020003,not_applicable,0,0,0,,,,2.790735131719451,,,
spine_05_row117,117,SPINE,1,positive,half_Th12_axis_1.03,images/SPINE/spine_05_row117_1.dcm,geometry/spine_05_row117_1.json,2.25.134456506307367483341018281460841912845/series_002_2_CR/A2507120612 DXA/CR DXA/CR000001.dcm,1.2.643.5.1.13.13.12.2.77.8252.14001106061015010402061009020003,not_applicable,0,0,0,,,,1.1816330642682658,,,
spine_05_row117,117,SPINE,2,negative_position,crop_Th12,images/SPINE/spine_05_row117_2.dcm,geometry/spine_05_row117_2.json,2.25.134456506307367483341018281460841912845/series_002_2_CR/A2507120612 DXA/CR DXA/CR000001.dcm,1.2.643.5.1.13.13.12.2.77.8252.14001106061015010402061009020003,not_applicable,1,0,0,,,,2.665679489030312,,,
spine_05_row117,117,SPINE,3,negative_position,crop_both_crests_bottom,images/SPINE/spine_05_row117_3.dcm,geometry/spine_05_row117_3.json,2.25.134456506307367483341018281460841912845/series_002_2_CR/A2507120612 DXA/CR DXA/CR000001.dcm,1.2.643.5.1.13.13.12.2.77.8252.14001106061015010402061009020003,not_applicable,1,0,0,,,,2.5427523305857456,,,
spine_05_row117,117,SPINE,4,negative_axis_or_roi,axis_target_12.68,images/SPINE/spine_05_row117_4.dcm,geometry/spine_05_row117_4.json,2.25.134456506307367483341018281460841912845/series_002_2_CR/A2507120612 DXA/CR DXA/CR000001.dcm,1.2.643.5.1.13.13.12.2.77.8252.14001106061015010402061009020003,not_applicable,1,1,0,,,,-18.846528499130546,,,
spine_05_row117,117,SPINE,5,negative_axis_or_roi,axis_target_16.28,images/SPINE/spine_05_row117_5.dcm,geometry/spine_05_row117_5.json,2.25.134456506307367483341018281460841912845/series_002_2_CR/A2507120612 DXA/CR DXA/CR000001.dcm,1.2.643.5.1.13.13.12.2.77.8252.14001106061015010402061009020003,not_applicable,1,1,0,,,,-16.312703505136994,,,
spine_06_row292,292,SPINE,0,source,source,C:\Users\Андрей\Desktop\Хакатон\Исследования\2.25.178533355209696795441380751187185128893\series_003_2_CR\A2507155452 DXA\CR DXA\CR000000.dcm,geometry/spine_06_row292_0.json,2.25.178533355209696795441380751187185128893/series_003_2_CR/A2507155452 DXA/CR DXA/CR000000.dcm,1.2.643.5.1.13.13.12.2.77.8252.05000609021402010711070801100904,not_applicable,0,0,0,,,,-2.229330078881271,,,
spine_06_row292,292,SPINE,1,positive,half_Th12_axis_-2.60,images/SPINE/spine_06_row292_1.dcm,geometry/spine_06_row292_1.json,2.25.178533355209696795441380751187185128893/series_003_2_CR/A2507155452 DXA/CR DXA/CR000000.dcm,1.2.643.5.1.13.13.12.2.77.8252.05000609021402010711070801100904,not_applicable,0,0,0,,,,-1.8751512079088304,,,
spine_06_row292,292,SPINE,2,negative_position,crop_both_crests_bottom,images/SPINE/spine_06_row292_2.dcm,geometry/spine_06_row292_2.json,2.25.178533355209696795441380751187185128893/series_003_2_CR/A2507155452 DXA/CR DXA/CR000000.dcm,1.2.643.5.1.13.13.12.2.77.8252.05000609021402010711070801100904,not_applicable,1,0,0,,,,1.9236469960668428,,,
spine_06_row292,292,SPINE,3,negative_position,crop_right_crest,images/SPINE/spine_06_row292_3.dcm,geometry/spine_06_row292_3.json,2.25.178533355209696795441380751187185128893/series_003_2_CR/A2507155452 DXA/CR DXA/CR000000.dcm,1.2.643.5.1.13.13.12.2.77.8252.05000609021402010711070801100904,not_applicable,1,0,0,,,,4.618886380750398,,,
spine_06_row292,292,SPINE,4,negative_axis_or_roi,axis_target_-0.51,images/SPINE/spine_06_row292_4.dcm,geometry/spine_06_row292_4.json,2.25.178533355209696795441380751187185128893/series_003_2_CR/A2507155452 DXA/CR DXA/CR000000.dcm,1.2.643.5.1.13.13.12.2.77.8252.05000609021402010711070801100904,not_applicable,0,1,0,,,,-22.59471610279247,,,
spine_06_row292,292,SPINE,5,negative_axis_or_roi,axis_target_-15.62,images/SPINE/spine_06_row292_5.dcm,geometry/spine_06_row292_5.json,2.25.178533355209696795441380751187185128893/series_003_2_CR/A2507155452 DXA/CR DXA/CR000000.dcm,1.2.643.5.1.13.13.12.2.77.8252.05000609021402010711070801100904,not_applicable,1,1,0,,,,-8.926145177030733,,,
spine_07_row175,175,SPINE,0,source,source,C:\Users\Андрей\Desktop\Хакатон\Исследования\2.25.156389075510671877606923458507011517218\series_001_2_CR\A2507389755 DXA\CR DXA\CR000003.dcm,geometry/spine_07_row175_0.json,2.25.156389075510671877606923458507011517218/series_001_2_CR/A2507389755 DXA/CR DXA/CR000003.dcm,1.2.643.5.1.13.13.12.2.77.8252.14051001011001020103110813110612,not_applicable,0,0,0,,,,0.9811771423825011,,,
spine_07_row175,175,SPINE,1,positive,half_Th12_axis_-0.70,images/SPINE/spine_07_row175_1.dcm,geometry/spine_07_row175_1.json,2.25.156389075510671877606923458507011517218/series_001_2_CR/A2507389755 DXA/CR DXA/CR000003.dcm,1.2.643.5.1.13.13.12.2.77.8252.14051001011001020103110813110612,not_applicable,0,0,0,,,,-2.0560693832411423,,,
spine_07_row175,175,SPINE,2,negative_position,crop_left_crest,images/SPINE/spine_07_row175_2.dcm,geometry/spine_07_row175_2.json,2.25.156389075510671877606923458507011517218/series_001_2_CR/A2507389755 DXA/CR DXA/CR000003.dcm,1.2.643.5.1.13.13.12.2.77.8252.14051001011001020103110813110612,not_applicable,1,0,0,,,,0.24521904419708787,,,
spine_07_row175,175,SPINE,3,negative_position,crop_Th12_and_next,images/SPINE/spine_07_row175_3.dcm,geometry/spine_07_row175_3.json,2.25.156389075510671877606923458507011517218/series_001_2_CR/A2507389755 DXA/CR DXA/CR000003.dcm,1.2.643.5.1.13.13.12.2.77.8252.14051001011001020103110813110612,not_applicable,1,0,0,,,,0.42510445442855455,,,
spine_07_row175,175,SPINE,4,negative_axis_or_roi,axis_target_15.21,images/SPINE/spine_07_row175_4.dcm,geometry/spine_07_row175_4.json,2.25.156389075510671877606923458507011517218/series_001_2_CR/A2507389755 DXA/CR DXA/CR000003.dcm,1.2.643.5.1.13.13.12.2.77.8252.14051001011001020103110813110612,not_applicable,1,1,0,,,,15.163468687713145,,,
spine_07_row175,175,SPINE,5,negative_axis_or_roi,axis_target_7.91,images/SPINE/spine_07_row175_5.dcm,geometry/spine_07_row175_5.json,2.25.156389075510671877606923458507011517218/series_001_2_CR/A2507389755 DXA/CR DXA/CR000003.dcm,1.2.643.5.1.13.13.12.2.77.8252.14051001011001020103110813110612,not_applicable,1,1,0,,,,26.803938868557502,,,
spine_08_row103,103,SPINE,0,source,source,C:\Users\Андрей\Desktop\Хакатон\Исследования\2.25.13325817932854000792938662637654885530\series_002_2_CR\A2507365486 DXA\CR DXA\CR000000.dcm,geometry/spine_08_row103_0.json,2.25.13325817932854000792938662637654885530/series_002_2_CR/A2507365486 DXA/CR DXA/CR000000.dcm,1.2.643.5.1.13.13.12.2.77.8252.01011312130808040910091102031113,not_applicable,0,0,0,,,,3.1051236728423057,,,
spine_08_row103,103,SPINE,1,positive,half_Th12_axis_2.09,images/SPINE/spine_08_row103_1.dcm,geometry/spine_08_row103_1.json,2.25.13325817932854000792938662637654885530/series_002_2_CR/A2507365486 DXA/CR DXA/CR000000.dcm,1.2.643.5.1.13.13.12.2.77.8252.01011312130808040910091102031113,not_applicable,0,0,0,,,,1.1470816301976583,,,
spine_08_row103,103,SPINE,2,negative_position,crop_right_crest,images/SPINE/spine_08_row103_2.dcm,geometry/spine_08_row103_2.json,2.25.13325817932854000792938662637654885530/series_002_2_CR/A2507365486 DXA/CR DXA/CR000000.dcm,1.2.643.5.1.13.13.12.2.77.8252.01011312130808040910091102031113,not_applicable,1,0,0,,,,0.6284003976210832,,,
spine_08_row103,103,SPINE,3,negative_position,crop_Th12_and_next,images/SPINE/spine_08_row103_3.dcm,geometry/spine_08_row103_3.json,2.25.13325817932854000792938662637654885530/series_002_2_CR/A2507365486 DXA/CR DXA/CR000000.dcm,1.2.643.5.1.13.13.12.2.77.8252.01011312130808040910091102031113,not_applicable,1,0,0,,,,-3.8118715741678932,,,
spine_08_row103,103,SPINE,4,negative_axis_or_roi,axis_target_19.42,images/SPINE/spine_08_row103_4.dcm,geometry/spine_08_row103_4.json,2.25.13325817932854000792938662637654885530/series_002_2_CR/A2507365486 DXA/CR DXA/CR000000.dcm,1.2.643.5.1.13.13.12.2.77.8252.01011312130808040910091102031113,not_applicable,1,1,0,,,,21.78140835535903,,,
spine_08_row103,103,SPINE,5,negative_axis_or_roi,axis_target_15.57,images/SPINE/spine_08_row103_5.dcm,geometry/spine_08_row103_5.json,2.25.13325817932854000792938662637654885530/series_002_2_CR/A2507365486 DXA/CR DXA/CR000000.dcm,1.2.643.5.1.13.13.12.2.77.8252.01011312130808040910091102031113,not_applicable,1,1,0,,,,15.35008760857038,,,
spine_09_row357,357,SPINE,0,source,source,C:\Users\Андрей\Desktop\Хакатон\Исследования\2.25.234651502352368356456298825489565282446\series_002_2_CR\A2504307193 DXA\CR DXA\CR000006.dcm,geometry/spine_09_row357_0.json,2.25.234651502352368356456298825489565282446/series_002_2_CR/A2504307193 DXA/CR DXA/CR000006.dcm,1.2.643.5.1.13.13.12.2.77.8252.11000715091405120315010100101510,not_applicable,0,0,0,,,,1.1194842741122277,,,
spine_09_row357,357,SPINE,1,positive,half_Th12_axis_1.43,images/SPINE/spine_09_row357_1.dcm,geometry/spine_09_row357_1.json,2.25.234651502352368356456298825489565282446/series_002_2_CR/A2504307193 DXA/CR DXA/CR000006.dcm,1.2.643.5.1.13.13.12.2.77.8252.11000715091405120315010100101510,not_applicable,0,0,0,,,,1.3387354233099498,,,
spine_09_row357,357,SPINE,2,negative_position,crop_Th12,images/SPINE/spine_09_row357_2.dcm,geometry/spine_09_row357_2.json,2.25.234651502352368356456298825489565282446/series_002_2_CR/A2504307193 DXA/CR DXA/CR000006.dcm,1.2.643.5.1.13.13.12.2.77.8252.11000715091405120315010100101510,not_applicable,1,0,0,,,,1.29643210534069,,,
spine_09_row357,357,SPINE,3,negative_position,crop_both_crests_bottom,images/SPINE/spine_09_row357_3.dcm,geometry/spine_09_row357_3.json,2.25.234651502352368356456298825489565282446/series_002_2_CR/A2504307193 DXA/CR DXA/CR000006.dcm,1.2.643.5.1.13.13.12.2.77.8252.11000715091405120315010100101510,not_applicable,1,1,0,,,,-8.487638781540001,,,
spine_09_row357,357,SPINE,4,negative_axis_or_roi,axis_target_18.44,images/SPINE/spine_09_row357_4.dcm,geometry/spine_09_row357_4.json,2.25.234651502352368356456298825489565282446/series_002_2_CR/A2504307193 DXA/CR DXA/CR000006.dcm,1.2.643.5.1.13.13.12.2.77.8252.11000715091405120315010100101510,not_applicable,1,1,0,,,,27.363255231018325,,,
spine_09_row357,357,SPINE,5,negative_axis_or_roi,axis_target_8.04,images/SPINE/spine_09_row357_5.dcm,geometry/spine_09_row357_5.json,2.25.234651502352368356456298825489565282446/series_002_2_CR/A2504307193 DXA/CR DXA/CR000006.dcm,1.2.643.5.1.13.13.12.2.77.8252.11000715091405120315010100101510,not_applicable,1,1,0,,,,9.176957715630264,,,
spine_10_row008,8,SPINE,0,source,source,C:\Users\Андрей\Desktop\Хакатон\Исследования\1.2.840.113619.2.110.512719.20250403092052\series_003_3_CR\DXA\CR DXA\CR000001.dcm,geometry/spine_10_row008_0.json,1.2.840.113619.2.110.512719.20250403092052/series_003_3_CR/DXA/CR DXA/CR000001.dcm,1.2.643.5.1.13.13.12.2.77.8252.06000805130607060714150602050114,not_applicable,0,0,0,,,,0.964601201496652,,,
spine_10_row008,8,SPINE,1,positive,half_Th12_axis_2.41,images/SPINE/spine_10_row008_1.dcm,geometry/spine_10_row008_1.json,1.2.840.113619.2.110.512719.20250403092052/series_003_3_CR/DXA/CR DXA/CR000001.dcm,1.2.643.5.1.13.13.12.2.77.8252.06000805130607060714150602050114,not_applicable,0,0,0,,,,2.3527106709698997,,,
spine_10_row008,8,SPINE,2,negative_position,crop_left_crest,images/SPINE/spine_10_row008_2.dcm,geometry/spine_10_row008_2.json,1.2.840.113619.2.110.512719.20250403092052/series_003_3_CR/DXA/CR DXA/CR000001.dcm,1.2.643.5.1.13.13.12.2.77.8252.06000805130607060714150602050114,not_applicable,1,0,0,,,,-1.8496700524707237,,,
spine_10_row008,8,SPINE,3,negative_position,crop_Th12_and_next,images/SPINE/spine_10_row008_3.dcm,geometry/spine_10_row008_3.json,1.2.840.113619.2.110.512719.20250403092052/series_003_3_CR/DXA/CR DXA/CR000001.dcm,1.2.643.5.1.13.13.12.2.77.8252.06000805130607060714150602050114,not_applicable,1,0,0,,,,0.9899788776955577,,,
spine_10_row008,8,SPINE,4,negative_axis_or_roi,axis_target_-15.82,images/SPINE/spine_10_row008_4.dcm,geometry/spine_10_row008_4.json,1.2.840.113619.2.110.512719.20250403092052/series_003_3_CR/DXA/CR DXA/CR000001.dcm,1.2.643.5.1.13.13.12.2.77.8252.06000805130607060714150602050114,not_applicable,1,1,0,,,,-12.16635697088229,,,
spine_10_row008,8,SPINE,5,negative_axis_or_roi,axis_target_-15.49,images/SPINE/spine_10_row008_5.dcm,geometry/spine_10_row008_5.json,1.2.840.113619.2.110.512719.20250403092052/series_003_3_CR/DXA/CR DXA/CR000001.dcm,1.2.643.5.1.13.13.12.2.77.8252.06000805130607060714150602050114,not_applicable,1,1,0,,,,-12.29779601870287,,,
leg_left_01_row181,181,LEG_LEFT,0,source,source,C:\Users\Андрей\Desktop\Хакатон\Исследования\2.25.157462338378550185821790046400986801350\series_001_2_CR\A2507498707 DXA\CR DXA\CR000003.dcm,geometry/leg_left_01_row181_0.json,2.25.157462338378550185821790046400986801350/series_001_2_CR/A2507498707 DXA/CR DXA/CR000003.dcm,1.2.643.5.1.13.13.12.2.77.8252.04090607151301101110121009081500,roi_proxy,,,,0,0,1,,305,2,0.015529920606972437
leg_left_01_row181,181,LEG_LEFT,1,positive,hip_safe_zoom,images/LEG_LEFT/leg_left_01_row181_1.dcm,geometry/leg_left_01_row181_1.json,2.25.157462338378550185821790046400986801350/series_001_2_CR/A2507498707 DXA/CR DXA/CR000003.dcm,1.2.643.5.1.13.13.12.2.77.8252.04090607151301101110121009081500,roi_proxy,,,,0,0,1,,347,2,0.016755083289470746
leg_left_01_row181,181,LEG_LEFT,2,negative_position,landmark_top,images/LEG_LEFT/leg_left_01_row181_2.dcm,geometry/leg_left_01_row181_2.json,2.25.157462338378550185821790046400986801350/series_001_2_CR/A2507498707 DXA/CR DXA/CR000003.dcm,1.2.643.5.1.13.13.12.2.77.8252.04090607151301101110121009081500,roi_proxy,,,,1,1,1,,758,2,0.027230448555898904
leg_left_01_row181,181,LEG_LEFT,3,negative_position,landmark_right,images/LEG_LEFT/leg_left_01_row181_3.dcm,geometry/leg_left_01_row181_3.json,2.25.157462338378550185821790046400986801350/series_001_2_CR/A2507498707 DXA/CR DXA/CR000003.dcm,1.2.643.5.1.13.13.12.2.77.8252.04090607151301101110121009081500,roi_proxy,,,,1,1,1,,471,0,0.009696008517665571
leg_left_01_row181,181,LEG_LEFT,4,negative_axis_or_roi,roi_lateral,images/LEG_LEFT/leg_left_01_row181_4.dcm,geometry/leg_left_01_row181_4.json,2.25.157462338378550185821790046400986801350/series_001_2_CR/A2507498707 DXA/CR DXA/CR000003.dcm,1.2.643.5.1.13.13.12.2.77.8252.04090607151301101110121009081500,roi_proxy,,,,0,1,1,,636,2,0.016300707329211687
leg_left_01_row181,181,LEG_LEFT,5,negative_axis_or_roi,roi_top,images/LEG_LEFT/leg_left_01_row181_5.dcm,geometry/leg_left_01_row181_5.json,2.25.157462338378550185821790046400986801350/series_001_2_CR/A2507498707 DXA/CR DXA/CR000003.dcm,1.2.643.5.1.13.13.12.2.77.8252.04090607151301101110121009081500,roi_proxy,,,,0,1,1,,645,2,0.019906865191094716
leg_left_02_row360,360,LEG_LEFT,0,source,source,C:\Users\Андрей\Desktop\Хакатон\Исследования\2.25.234651502352368356456298825489565282446\series_002_2_CR\A2504307193 DXA\CR DXA\CR000009.dcm,geometry/leg_left_02_row360_0.json,2.25.234651502352368356456298825489565282446/series_002_2_CR/A2504307193 DXA/CR DXA/CR000009.dcm,1.2.643.5.1.13.13.12.2.77.8252.11000715091405120315010100101510,roi_proxy,,,,0,0,1,,228,3,0.009495129789678711
leg_left_02_row360,360,LEG_LEFT,1,positive,hip_safe_zoom,images/LEG_LEFT/leg_left_02_row360_1.dcm,geometry/leg_left_02_row360_1.json,2.25.234651502352368356456298825489565282446/series_002_2_CR/A2504307193 DXA/CR DXA/CR000009.dcm,1.2.643.5.1.13.13.12.2.77.8252.11000715091405120315010100101510,roi_proxy,,,,0,0,1,,231,3,0.009430655179949026
leg_left_02_row360,360,LEG_LEFT,2,negative_position,landmark_left,images/LEG_LEFT/leg_left_02_row360_2.dcm,geometry/leg_left_02_row360_2.json,2.25.234651502352368356456298825489565282446/series_002_2_CR/A2504307193 DXA/CR DXA/CR000009.dcm,1.2.643.5.1.13.13.12.2.77.8252.11000715091405120315010100101510,roi_proxy,,,,1,1,1,,516,1,0.01644072223519266
leg_left_02_row360,360,LEG_LEFT,3,negative_position,landmark_bottom,images/LEG_LEFT/leg_left_02_row360_3.dcm,geometry/leg_left_02_row360_3.json,2.25.234651502352368356456298825489565282446/series_002_2_CR/A2504307193 DXA/CR DXA/CR000009.dcm,1.2.643.5.1.13.13.12.2.77.8252.11000715091405120315010100101510,roi_proxy,,,,1,1,1,,0,0,0.0
leg_left_02_row360,360,LEG_LEFT,4,negative_axis_or_roi,roi_lateral,images/LEG_LEFT/leg_left_02_row360_4.dcm,geometry/leg_left_02_row360_4.json,2.25.234651502352368356456298825489565282446/series_002_2_CR/A2504307193 DXA/CR DXA/CR000009.dcm,1.2.643.5.1.13.13.12.2.77.8252.11000715091405120315010100101510,roi_proxy,,,,0,1,1,,364,1,0.009013817538442322
leg_left_02_row360,360,LEG_LEFT,5,negative_axis_or_roi,roi_bottom,images/LEG_LEFT/leg_left_02_row360_5.dcm,geometry/leg_left_02_row360_5.json,2.25.234651502352368356456298825489565282446/series_002_2_CR/A2504307193 DXA/CR DXA/CR000009.dcm,1.2.643.5.1.13.13.12.2.77.8252.11000715091405120315010100101510,roi_proxy,,,,0,1,1,,391,1,0.01103761982169078
leg_left_03_row416,416,LEG_LEFT,0,source,source,C:\Users\Андрей\Desktop\Хакатон\Исследования\2.25.309085571913348252136520206003694446566\series_002_2_CR\A2504116267 DXA\CR DXA\CR000001.dcm,geometry/leg_left_03_row416_0.json,2.25.309085571913348252136520206003694446566/series_002_2_CR/A2504116267 DXA/CR DXA/CR000001.dcm,1.2.643.5.1.13.13.12.2.77.8252.06051105050701010502031403141206,roi_proxy,,,,0,0,0,,165,2,0.006975601013344291
leg_left_03_row416,416,LEG_LEFT,1,positive,hip_safe_zoom,images/LEG_LEFT/leg_left_03_row416_1.dcm,geometry/leg_left_03_row416_1.json,2.25.309085571913348252136520206003694446566/series_002_2_CR/A2504116267 DXA/CR DXA/CR000001.dcm,1.2.643.5.1.13.13.12.2.77.8252.06051105050701010502031403141206,roi_proxy,,,,0,0,0,,171,2,0.007026535980219848
leg_left_03_row416,416,LEG_LEFT,2,negative_position,landmark_right,images/LEG_LEFT/leg_left_03_row416_2.dcm,geometry/leg_left_03_row416_2.json,2.25.309085571913348252136520206003694446566/series_002_2_CR/A2504116267 DXA/CR DXA/CR000001.dcm,1.2.643.5.1.13.13.12.2.77.8252.06051105050701010502031403141206,roi_proxy,,,,1,1,0,,533,2,0.01051515998036644
leg_left_03_row416,416,LEG_LEFT,3,negative_position,landmark_top,images/LEG_LEFT/leg_left_03_row416_3.dcm,geometry/leg_left_03_row416_3.json,2.25.309085571913348252136520206003694446566/series_002_2_CR/A2504116267 DXA/CR DXA/CR000001.dcm,1.2.643.5.1.13.13.12.2.77.8252.06051105050701010502031403141206,roi_proxy,,,,1,1,0,,418,2,0.014623546190359809
leg_left_03_row416,416,LEG_LEFT,4,negative_axis_or_roi,roi_lateral,images/LEG_LEFT/leg_left_03_row416_4.dcm,geometry/leg_left_03_row416_4.json,2.25.309085571913348252136520206003694446566/series_002_2_CR/A2504116267 DXA/CR DXA/CR000001.dcm,1.2.643.5.1.13.13.12.2.77.8252.06051105050701010502031403141206,roi_proxy,,,,0,1,0,,381,2,0.008830527369524265
leg_left_03_row416,416,LEG_LEFT,5,negative_axis_or_roi,roi_top,images/LEG_LEFT/leg_left_03_row416_5.dcm,geometry/leg_left_03_row416_5.json,2.25.309085571913348252136520206003694446566/series_002_2_CR/A2504116267 DXA/CR DXA/CR000001.dcm,1.2.643.5.1.13.13.12.2.77.8252.06051105050701010502031403141206,roi_proxy,,,,0,1,0,,338,2,0.008662027506837275
leg_left_04_row496,496,LEG_LEFT,0,source,source,C:\Users\Андрей\Desktop\Хакатон\Исследования\2.25.91981043841368764114007975581101713077\series_003_2_CR\A250496619 DXA\CR DXA\CR000008.dcm,geometry/leg_left_04_row496_0.json,2.25.91981043841368764114007975581101713077/series_003_2_CR/A250496619 DXA/CR DXA/CR000008.dcm,1.2.643.5.1.13.13.12.2.77.8252.07090507040208000106080811060202,roi_proxy,,,,0,0,0,,204,2,0.007406412059852042
leg_left_04_row496,496,LEG_LEFT,1,positive,hip_safe_zoom,images/LEG_LEFT/leg_left_04_row496_1.dcm,geometry/leg_left_04_row496_1.json,2.25.91981043841368764114007975581101713077/series_003_2_CR/A250496619 DXA/CR DXA/CR000008.dcm,1.2.643.5.1.13.13.12.2.77.8252.07090507040208000106080811060202,roi_proxy,,,,0,0,0,,210,2,0.007392352822215498
leg_left_04_row496,496,LEG_LEFT,2,negative_position,landmark_left,images/LEG_LEFT/leg_left_04_row496_2.dcm,geometry/leg_left_04_row496_2.json,2.25.91981043841368764114007975581101713077/series_003_2_CR/A250496619 DXA/CR DXA/CR000008.dcm,1.2.643.5.1.13.13.12.2.77.8252.07090507040208000106080811060202,roi_proxy,,,,1,1,0,,658,2,0.010477688653730065
leg_left_04_row496,496,LEG_LEFT,3,negative_position,landmark_right,images/LEG_LEFT/leg_left_04_row496_3.dcm,geometry/leg_left_04_row496_3.json,2.25.91981043841368764114007975581101713077/series_003_2_CR/A250496619 DXA/CR DXA/CR000008.dcm,1.2.643.5.1.13.13.12.2.77.8252.07090507040208000106080811060202,roi_proxy,,,,1,1,0,,478,2,0.007735863316681807
leg_left_04_row496,496,LEG_LEFT,4,negative_axis_or_roi,roi_lateral,images/LEG_LEFT/leg_left_04_row496_4.dcm,geometry/leg_left_04_row496_4.json,2.25.91981043841368764114007975581101713077/series_003_2_CR/A250496619 DXA/CR DXA/CR000008.dcm,1.2.643.5.1.13.13.12.2.77.8252.07090507040208000106080811060202,roi_proxy,,,,0,1,0,,357,2,0.007491779110244206
leg_left_04_row496,496,LEG_LEFT,5,negative_axis_or_roi,roi_bottom,images/LEG_LEFT/leg_left_04_row496_5.dcm,geometry/leg_left_04_row496_5.json,2.25.91981043841368764114007975581101713077/series_003_2_CR/A250496619 DXA/CR DXA/CR000008.dcm,1.2.643.5.1.13.13.12.2.77.8252.07090507040208000106080811060202,roi_proxy,,,,0,1,0,,374,2,0.009161543612315809
leg_left_05_row280,280,LEG_LEFT,0,source,source,C:\Users\Андрей\Desktop\Хакатон\Исследования\2.25.17706555930735581384953296958427669848\series_004_3_CR\A2504146513 DXA\CR DXA\CR000000.dcm,geometry/leg_left_05_row280_0.json,2.25.17706555930735581384953296958427669848/series_004_3_CR/A2504146513 DXA/CR DXA/CR000000.dcm,1.2.643.5.1.13.13.12.2.77.8252.15150900091406150103131401151205,roi_proxy,,,,0,0,0,,175,2,0.007410508622927117
leg_left_05_row280,280,LEG_LEFT,1,positive,hip_safe_zoom,images/LEG_LEFT/leg_left_05_row280_1.dcm,geometry/leg_left_05_row280_1.json,2.25.17706555930735581384953296958427669848/series_004_3_CR/A2504146513 DXA/CR DXA/CR000000.dcm,1.2.643.5.1.13.13.12.2.77.8252.15150900091406150103131401151205,roi_proxy,,,,0,0,0,,175,2,0.007298970198721764
leg_left_05_row280,280,LEG_LEFT,2,negative_position,landmark_left,images/LEG_LEFT/leg_left_05_row280_2.dcm,geometry/leg_left_05_row280_2.json,2.25.17706555930735581384953296958427669848/series_004_3_CR/A2504146513 DXA/CR DXA/CR000000.dcm,1.2.643.5.1.13.13.12.2.77.8252.15150900091406150103131401151205,roi_proxy,,,,1,1,0,,511,2,0.011274008696492319
leg_left_05_row280,280,LEG_LEFT,3,negative_position,landmark_top,images/LEG_LEFT/leg_left_05_row280_3.dcm,geometry/leg_left_05_row280_3.json,2.25.17706555930735581384953296958427669848/series_004_3_CR/A2504146513 DXA/CR DXA/CR000000.dcm,1.2.643.5.1.13.13.12.2.77.8252.15150900091406150103131401151205,roi_proxy,,,,1,1,0,,558,2,0.01686198465559396
leg_left_05_row280,280,LEG_LEFT,4,negative_axis_or_roi,roi_lateral,images/LEG_LEFT/leg_left_05_row280_4.dcm,geometry/leg_left_05_row280_4.json,2.25.17706555930735581384953296958427669848/series_004_3_CR/A2504146513 DXA/CR DXA/CR000000.dcm,1.2.643.5.1.13.13.12.2.77.8252.15150900091406150103131401151205,roi_proxy,,,,0,1,0,,315,2,0.007741650077416502
leg_left_05_row280,280,LEG_LEFT,5,negative_axis_or_roi,roi_top,images/LEG_LEFT/leg_left_05_row280_5.dcm,geometry/leg_left_05_row280_5.json,2.25.17706555930735581384953296958427669848/series_004_3_CR/A2504146513 DXA/CR DXA/CR000000.dcm,1.2.643.5.1.13.13.12.2.77.8252.15150900091406150103131401151205,roi_proxy,,,,0,1,0,,339,2,0.008710921009635523
leg_left_06_row419,419,LEG_LEFT,0,source,source,C:\Users\Андрей\Desktop\Хакатон\Исследования\2.25.314147167453134440746270747484612743945\series_002_2_CR\A2504224780 DXA\CR DXA\CR000001.dcm,geometry/leg_left_06_row419_0.json,2.25.314147167453134440746270747484612743945/series_002_2_CR/A2504224780 DXA/CR DXA/CR000001.dcm,1.2.643.5.1.13.13.12.2.77.8252.10110305110802141404051200020210,roi_proxy,,,,0,0,0,,172,2,0.007587111408610179
leg_left_06_row419,419,LEG_LEFT,1,positive,hip_safe_zoom,images/LEG_LEFT/leg_left_06_row419_1.dcm,geometry/leg_left_06_row419_1.json,2.25.314147167453134440746270747484612743945/series_002_2_CR/A2504224780 DXA/CR DXA/CR000001.dcm,1.2.643.5.1.13.13.12.2.77.8252.10110305110802141404051200020210,roi_proxy,,,,0,0,0,,181,2,0.007582147181809309
leg_left_06_row419,419,LEG_LEFT,2,negative_position,landmark_left,images/LEG_LEFT/leg_left_06_row419_2.dcm,geometry/leg_left_06_row419_2.json,2.25.314147167453134440746270747484612743945/series_002_2_CR/A2504224780 DXA/CR DXA/CR000001.dcm,1.2.643.5.1.13.13.12.2.77.8252.10110305110802141404051200020210,roi_proxy,,,,1,1,0,,502,2,0.009825225522002684
leg_left_06_row419,419,LEG_LEFT,3,negative_position,landmark_bottom,images/LEG_LEFT/leg_left_06_row419_3.dcm,geometry/leg_left_06_row419_3.json,2.25.314147167453134440746270747484612743945/series_002_2_CR/A2504224780 DXA/CR DXA/CR000001.dcm,1.2.643.5.1.13.13.12.2.77.8252.10110305110802141404051200020210,roi_proxy,,,,1,1,1,,0,0,0.0
leg_left_06_row419,419,LEG_LEFT,4,negative_axis_or_roi,roi_bottom,images/LEG_LEFT/leg_left_06_row419_4.dcm,geometry/leg_left_06_row419_4.json,2.25.314147167453134440746270747484612743945/series_002_2_CR/A2504224780 DXA/CR DXA/CR000001.dcm,1.2.643.5.1.13.13.12.2.77.8252.10110305110802141404051200020210,roi_proxy,,,,0,1,0,,239,2,0.006846282487515332
leg_left_06_row419,419,LEG_LEFT,5,negative_axis_or_roi,roi_lateral,images/LEG_LEFT/leg_left_06_row419_5.dcm,geometry/leg_left_06_row419_5.json,2.25.314147167453134440746270747484612743945/series_002_2_CR/A2504224780 DXA/CR DXA/CR000001.dcm,1.2.643.5.1.13.13.12.2.77.8252.10110305110802141404051200020210,roi_proxy,,,,0,1,0,,283,2,0.006921894850077456
leg_left_07_row478,478,LEG_LEFT,0,source,source,C:\Users\Андрей\Desktop\Хакатон\Исследования\2.25.82912555346523716720160717883917565880\series_002_2_CR\A2504149480 DXA\CR DXA\CR000000.dcm,geometry/leg_left_07_row478_0.json,2.25.82912555346523716720160717883917565880/series_002_2_CR/A2504149480 DXA/CR DXA/CR000000.dcm,1.2.643.5.1.13.13.12.2.77.8252.07120201111314111500000602130205,roi_proxy,,,,0,0,0,,334,2,0.011814061861866012
leg_left_07_row478,478,LEG_LEFT,1,positive,hip_safe_zoom,images/LEG_LEFT/leg_left_07_row478_1.dcm,geometry/leg_left_07_row478_1.json,2.25.82912555346523716720160717883917565880/series_002_2_CR/A2504149480 DXA/CR DXA/CR000000.dcm,1.2.643.5.1.13.13.12.2.77.8252.07120201111314111500000602130205,roi_proxy,,,,0,0,0,,337,2,0.011764066240769068
leg_left_07_row478,478,LEG_LEFT,2,negative_position,landmark_right,images/LEG_LEFT/leg_left_07_row478_2.dcm,geometry/leg_left_07_row478_2.json,2.25.82912555346523716720160717883917565880/series_002_2_CR/A2504149480 DXA/CR DXA/CR000000.dcm,1.2.643.5.1.13.13.12.2.77.8252.07120201111314111500000602130205,roi_proxy,,,,1,1,0,,841,2,0.01556429450902424
leg_left_07_row478,478,LEG_LEFT,3,negative_position,landmark_bottom,images/LEG_LEFT/leg_left_07_row478_3.dcm,geometry/leg_left_07_row478_3.json,2.25.82912555346523716720160717883917565880/series_002_2_CR/A2504149480 DXA/CR DXA/CR000000.dcm,1.2.643.5.1.13.13.12.2.77.8252.07120201111314111500000602130205,roi_proxy,,,,1,1,0,,485,0,0.011208661128894749
leg_left_07_row478,478,LEG_LEFT,4,negative_axis_or_roi,roi_bottom,images/LEG_LEFT/leg_left_07_row478_4.dcm,geometry/leg_left_07_row478_4.json,2.25.82912555346523716720160717883917565880/series_002_2_CR/A2504149480 DXA/CR DXA/CR000000.dcm,1.2.643.5.1.13.13.12.2.77.8252.07120201111314111500000602130205,roi_proxy,,,,0,1,0,,788,2,0.015292505061760955
leg_left_07_row478,478,LEG_LEFT,5,negative_axis_or_roi,roi_lateral,images/LEG_LEFT/leg_left_07_row478_5.dcm,geometry/leg_left_07_row478_5.json,2.25.82912555346523716720160717883917565880/series_002_2_CR/A2504149480 DXA/CR DXA/CR000000.dcm,1.2.643.5.1.13.13.12.2.77.8252.07120201111314111500000602130205,roi_proxy,,,,0,1,0,,730,2,0.014998942102012403
leg_left_08_row453,453,LEG_LEFT,0,source,source,C:\Users\Андрей\Desktop\Хакатон\Исследования\2.25.65954778282254353457041255543338557112\series_004_3_CR\A2504246289 DXA\CR DXA\CR000001.dcm,geometry/leg_left_08_row453_0.json,2.25.65954778282254353457041255543338557112/series_004_3_CR/A2504246289 DXA/CR DXA/CR000001.dcm,1.2.643.5.1.13.13.12.2.77.8252.09110800100012120800030006041405,roi_proxy,,,,0,0,0,,302,2,0.01313291073597971
leg_left_08_row453,453,LEG_LEFT,1,positive,hip_safe_zoom,images/LEG_LEFT/leg_left_08_row453_1.dcm,geometry/leg_left_08_row453_1.json,2.25.65954778282254353457041255543338557112/series_004_3_CR/A2504246289 DXA/CR DXA/CR000001.dcm,1.2.643.5.1.13.13.12.2.77.8252.09110800100012120800030006041405,roi_proxy,,,,0,0,0,,320,2,0.013598489544374235
leg_left_08_row453,453,LEG_LEFT,2,negative_position,landmark_left,images/LEG_LEFT/leg_left_08_row453_2.dcm,geometry/leg_left_08_row453_2.json,2.25.65954778282254353457041255543338557112/series_004_3_CR/A2504246289 DXA/CR DXA/CR000001.dcm,1.2.643.5.1.13.13.12.2.77.8252.09110800100012120800030006041405,roi_proxy,,,,1,1,0,,621,2,0.0204832085879543
leg_left_08_row453,453,LEG_LEFT,3,negative_position,landmark_top,images/LEG_LEFT/leg_left_08_row453_3.dcm,geometry/leg_left_08_row453_3.json,2.25.65954778282254353457041255543338557112/series_004_3_CR/A2504246289 DXA/CR DXA/CR000001.dcm,1.2.643.5.1.13.13.12.2.77.8252.09110800100012120800030006041405,roi_proxy,,,,1,1,0,,800,2,0.02451017780690962
leg_left_08_row453,453,LEG_LEFT,4,negative_axis_or_roi,roi_top,images/LEG_LEFT/leg_left_08_row453_4.dcm,geometry/leg_left_08_row453_4.json,2.25.65954778282254353457041255543338557112/series_004_3_CR/A2504246289 DXA/CR DXA/CR000001.dcm,1.2.643.5.1.13.13.12.2.77.8252.09110800100012120800030006041405,roi_proxy,,,,0,1,0,,524,2,0.015361887728804471
leg_left_08_row453,453,LEG_LEFT,5,negative_axis_or_roi,roi_lateral,images/LEG_LEFT/leg_left_08_row453_5.dcm,geometry/leg_left_08_row453_5.json,2.25.65954778282254353457041255543338557112/series_004_3_CR/A2504246289 DXA/CR DXA/CR000001.dcm,1.2.643.5.1.13.13.12.2.77.8252.09110800100012120800030006041405,roi_proxy,,,,0,1,0,,571,2,0.014432660215292829
leg_left_09_row330,330,LEG_LEFT,0,source,source,C:\Users\Андрей\Desktop\Хакатон\Исследования\2.25.190331309633057244929837507901317950031\series_001_2_CR\A250791815 DXA\CR DXA\CR000009.dcm,geometry/leg_left_09_row330_0.json,2.25.190331309633057244929837507901317950031/series_001_2_CR/A250791815 DXA/CR DXA/CR000009.dcm,1.2.643.5.1.13.13.12.2.77.8252.08070600001410030512060707091212,roi_proxy,,,,0,0,0,,143,2,0.0052098178354040466
leg_left_09_row330,330,LEG_LEFT,1,positive,hip_safe_zoom,images/LEG_LEFT/leg_left_09_row330_1.dcm,geometry/leg_left_09_row330_1.json,2.25.190331309633057244929837507901317950031/series_001_2_CR/A250791815 DXA/CR DXA/CR000009.dcm,1.2.643.5.1.13.13.12.2.77.8252.08070600001410030512060707091212,roi_proxy,,,,0,0,0,,147,2,0.005156661950858388
leg_left_09_row330,330,LEG_LEFT,2,negative_position,landmark_bottom,images/LEG_LEFT/leg_left_09_row330_2.dcm,geometry/leg_left_09_row330_2.json,2.25.190331309633057244929837507901317950031/series_001_2_CR/A250791815 DXA/CR DXA/CR000009.dcm,1.2.643.5.1.13.13.12.2.77.8252.08070600001410030512060707091212,roi_proxy,,,,1,1,0,,97,0,0.002366713756950697
leg_left_09_row330,330,LEG_LEFT,3,negative_position,landmark_right,images/LEG_LEFT/leg_left_09_row330_3.dcm,geometry/leg_left_09_row330_3.json,2.25.190331309633057244929837507901317950031/series_001_2_CR/A250791815 DXA/CR DXA/CR000009.dcm,1.2.643.5.1.13.13.12.2.77.8252.08070600001410030512060707091212,roi_proxy,,,,1,1,0,,334,1,0.006400409626216078
leg_left_09_row330,330,LEG_LEFT,4,negative_axis_or_roi,roi_bottom,images/LEG_LEFT/leg_left_09_row330_4.dcm,geometry/leg_left_09_row330_4.json,2.25.190331309633057244929837507901317950031/series_001_2_CR/A250791815 DXA/CR DXA/CR000009.dcm,1.2.643.5.1.13.13.12.2.77.8252.08070600001410030512060707091212,roi_proxy,,,,0,1,0,,343,2,0.00675923690564318
leg_left_09_row330,330,LEG_LEFT,5,negative_axis_or_roi,roi_lateral,images/LEG_LEFT/leg_left_09_row330_5.dcm,geometry/leg_left_09_row330_5.json,2.25.190331309633057244929837507901317950031/series_001_2_CR/A250791815 DXA/CR DXA/CR000009.dcm,1.2.643.5.1.13.13.12.2.77.8252.08070600001410030512060707091212,roi_proxy,,,,0,1,0,,228,2,0.0051569761253515405
leg_left_10_row261,261,LEG_LEFT,0,source,source,C:\Users\Андрей\Desktop\Хакатон\Исследования\2.25.173731186748227489808861376513577450951\series_002_2_CR\A2507188958 DXA\CR DXA\CR000001.dcm,geometry/leg_left_10_row261_0.json,2.25.173731186748227489808861376513577450951/series_002_2_CR/A2507188958 DXA/CR DXA/CR000001.dcm,1.2.643.5.1.13.13.12.2.77.8252.02011400121411091003041007011307,roi_proxy,,,,0,0,0,,126,2,0.006510579686823963
leg_left_10_row261,261,LEG_LEFT,1,positive,hip_safe_zoom,images/LEG_LEFT/leg_left_10_row261_1.dcm,geometry/leg_left_10_row261_1.json,2.25.173731186748227489808861376513577450951/series_002_2_CR/A2507188958 DXA/CR DXA/CR000001.dcm,1.2.643.5.1.13.13.12.2.77.8252.02011400121411091003041007011307,roi_proxy,,,,0,0,0,,131,2,0.006503327375325678
leg_left_10_row261,261,LEG_LEFT,2,negative_position,landmark_left,images/LEG_LEFT/leg_left_10_row261_2.dcm,geometry/leg_left_10_row261_2.json,2.25.173731186748227489808861376513577450951/series_002_2_CR/A2507188958 DXA/CR DXA/CR000001.dcm,1.2.643.5.1.13.13.12.2.77.8252.02011400121411091003041007011307,roi_proxy,,,,1,1,0,,345,2,0.009149771633236702
leg_left_10_row261,261,LEG_LEFT,3,negative_position,landmark_top,images/LEG_LEFT/leg_left_10_row261_3.dcm,geometry/leg_left_10_row261_3.json,2.25.173731186748227489808861376513577450951/series_002_2_CR/A2507188958 DXA/CR DXA/CR000001.dcm,1.2.643.5.1.13.13.12.2.77.8252.02011400121411091003041007011307,roi_proxy,,,,1,1,0,,408,2,0.015542807405873445
leg_left_10_row261,261,LEG_LEFT,4,negative_axis_or_roi,roi_bottom,images/LEG_LEFT/leg_left_10_row261_4.dcm,geometry/leg_left_10_row261_4.json,2.25.173731186748227489808861376513577450951/series_002_2_CR/A2507188958 DXA/CR DXA/CR000001.dcm,1.2.643.5.1.13.13.12.2.77.8252.02011400121411091003041007011307,roi_proxy,,,,1,1,0,,238,2,0.008311075975048012
leg_left_10_row261,261,LEG_LEFT,5,negative_axis_or_roi,roi_top,images/LEG_LEFT/leg_left_10_row261_5.dcm,geometry/leg_left_10_row261_5.json,2.25.173731186748227489808861376513577450951/series_002_2_CR/A2507188958 DXA/CR DXA/CR000001.dcm,1.2.643.5.1.13.13.12.2.77.8252.02011400121411091003041007011307,roi_proxy,,,,1,1,0,,256,2,0.008403536344651295
leg_right_01_row358,358,LEG_RIGHT,0,source,source,C:\Users\Андрей\Desktop\Хакатон\Исследования\2.25.234651502352368356456298825489565282446\series_002_2_CR\A2504307193 DXA\CR DXA\CR000007.dcm,geometry/leg_right_01_row358_0.json,2.25.234651502352368356456298825489565282446/series_002_2_CR/A2504307193 DXA/CR DXA/CR000007.dcm,1.2.643.5.1.13.13.12.2.77.8252.11000715091405120315010100101510,roi_proxy,,,,0,0,1,,342,1,0.013177626498625573
leg_right_01_row358,358,LEG_RIGHT,1,positive,hip_safe_zoom,images/LEG_RIGHT/leg_right_01_row358_1.dcm,geometry/leg_right_01_row358_1.json,2.25.234651502352368356456298825489565282446/series_002_2_CR/A2504307193 DXA/CR DXA/CR000007.dcm,1.2.643.5.1.13.13.12.2.77.8252.11000715091405120315010100101510,roi_proxy,,,,0,0,1,,347,1,0.013091552406433138
leg_right_01_row358,358,LEG_RIGHT,2,negative_position,landmark_left,images/LEG_RIGHT/leg_right_01_row358_2.dcm,geometry/leg_right_01_row358_2.json,2.25.234651502352368356456298825489565282446/series_002_2_CR/A2504307193 DXA/CR DXA/CR000007.dcm,1.2.643.5.1.13.13.12.2.77.8252.11000715091405120315010100101510,roi_proxy,,,,1,1,1,,55,0,0.0012163424229496836
leg_right_01_row358,358,LEG_RIGHT,3,negative_position,landmark_top,images/LEG_RIGHT/leg_right_01_row358_3.dcm,geometry/leg_right_01_row358_3.json,2.25.234651502352368356456298825489565282446/series_002_2_CR/A2504307193 DXA/CR DXA/CR000007.dcm,1.2.643.5.1.13.13.12.2.77.8252.11000715091405120315010100101510,roi_proxy,,,,1,1,1,,1013,1,0.023658563092663065
leg_right_01_row358,358,LEG_RIGHT,4,negative_axis_or_roi,roi_bottom,images/LEG_RIGHT/leg_right_01_row358_4.dcm,geometry/leg_right_01_row358_4.json,2.25.234651502352368356456298825489565282446/series_002_2_CR/A2504307193 DXA/CR DXA/CR000007.dcm,1.2.643.5.1.13.13.12.2.77.8252.11000715091405120315010100101510,roi_proxy,,,,0,1,1,,690,1,0.016169971011179014
leg_right_01_row358,358,LEG_RIGHT,5,negative_axis_or_roi,roi_lateral,images/LEG_RIGHT/leg_right_01_row358_5.dcm,geometry/leg_right_01_row358_5.json,2.25.234651502352368356456298825489565282446/series_002_2_CR/A2504307193 DXA/CR DXA/CR000007.dcm,1.2.643.5.1.13.13.12.2.77.8252.11000715091405120315010100101510,roi_proxy,,,,0,1,1,,636,1,0.014681517070429586
leg_right_02_row328,328,LEG_RIGHT,0,source,source,C:\Users\Андрей\Desktop\Хакатон\Исследования\2.25.190331309633057244929837507901317950031\series_001_2_CR\A250791815 DXA\CR DXA\CR000007.dcm,geometry/leg_right_02_row328_0.json,2.25.190331309633057244929837507901317950031/series_001_2_CR/A250791815 DXA/CR DXA/CR000007.dcm,1.2.643.5.1.13.13.12.2.77.8252.08070600001410030512060707091212,roi_proxy,,,,0,0,1,,174,2,0.007026772779658529
leg_right_02_row328,328,LEG_RIGHT,1,positive,hip_safe_zoom,images/LEG_RIGHT/leg_right_02_row328_1.dcm,geometry/leg_right_02_row328_1.json,2.25.190331309633057244929837507901317950031/series_001_2_CR/A250791815 DXA/CR DXA/CR000007.dcm,1.2.643.5.1.13.13.12.2.77.8252.08070600001410030512060707091212,roi_proxy,,,,0,0,1,,187,2,0.007404366293826335
leg_right_02_row328,328,LEG_RIGHT,2,negative_position,landmark_right,images/LEG_RIGHT/leg_right_02_row328_2.dcm,geometry/leg_right_02_row328_2.json,2.25.190331309633057244929837507901317950031/series_001_2_CR/A250791815 DXA/CR DXA/CR000007.dcm,1.2.643.5.1.13.13.12.2.77.8252.08070600001410030512060707091212,roi_proxy,,,,1,1,1,,310,0,0.011953887885195046
leg_right_02_row328,328,LEG_RIGHT,3,negative_position,landmark_bottom,images/LEG_RIGHT/leg_right_02_row328_3.dcm,geometry/leg_right_02_row328_3.json,2.25.190331309633057244929837507901317950031/series_001_2_CR/A250791815 DXA/CR DXA/CR000007.dcm,1.2.643.5.1.13.13.12.2.77.8252.08070600001410030512060707091212,roi_proxy,,,,1,1,1,,214,0,0.00625505587178127
leg_right_02_row328,328,LEG_RIGHT,4,negative_axis_or_roi,roi_bottom,images/LEG_RIGHT/leg_right_02_row328_4.dcm,geometry/leg_right_02_row328_4.json,2.25.190331309633057244929837507901317950031/series_001_2_CR/A250791815 DXA/CR DXA/CR000007.dcm,1.2.643.5.1.13.13.12.2.77.8252.08070600001410030512060707091212,roi_proxy,,,,0,1,1,,230,2,0.008011201275556006
leg_right_02_row328,328,LEG_RIGHT,5,negative_axis_or_roi,roi_top,images/LEG_RIGHT/leg_right_02_row328_5.dcm,geometry/leg_right_02_row328_5.json,2.25.190331309633057244929837507901317950031/series_001_2_CR/A250791815 DXA/CR DXA/CR000007.dcm,1.2.643.5.1.13.13.12.2.77.8252.08070600001410030512060707091212,roi_proxy,,,,0,1,1,,422,2,0.009828372968634553
leg_right_03_row448,448,LEG_RIGHT,0,source,source,C:\Users\Андрей\Desktop\Хакатон\Исследования\2.25.52982400970721161435951723390541696819\series_001_2_CR\A2504331065 DXA\CR DXA\CR000006.dcm,geometry/leg_right_03_row448_0.json,2.25.52982400970721161435951723390541696819/series_001_2_CR/A2504331065 DXA/CR DXA/CR000006.dcm,1.2.643.5.1.13.13.12.2.77.8252.14030804041506011403100115131006,roi_proxy,,,,0,0,0,,189,2,0.006328003757990498
leg_right_03_row448,448,LEG_RIGHT,1,positive,hip_safe_zoom,images/LEG_RIGHT/leg_right_03_row448_1.dcm,geometry/leg_right_03_row448_1.json,2.25.52982400970721161435951723390541696819/series_001_2_CR/A2504331065 DXA/CR DXA/CR000006.dcm,1.2.643.5.1.13.13.12.2.77.8252.14030804041506011403100115131006,roi_proxy,,,,0,0,0,,195,2,0.0064444535790442875
leg_right_03_row448,448,LEG_RIGHT,2,negative_position,landmark_right,images/LEG_RIGHT/leg_right_03_row448_2.dcm,geometry/leg_right_03_row448_2.json,2.25.52982400970721161435951723390541696819/series_001_2_CR/A2504331065 DXA/CR DXA/CR000006.dcm,1.2.643.5.1.13.13.12.2.77.8252.14030804041506011403100115131006,roi_proxy,,,,1,1,0,,459,2,0.010875647523969523
leg_right_03_row448,448,LEG_RIGHT,3,negative_position,landmark_top,images/LEG_RIGHT/leg_right_03_row448_3.dcm,geometry/leg_right_03_row448_3.json,2.25.52982400970721161435951723390541696819/series_001_2_CR/A2504331065 DXA/CR DXA/CR000006.dcm,1.2.643.5.1.13.13.12.2.77.8252.14030804041506011403100115131006,roi_proxy,,,,1,1,0,,601,2,0.01497165598970867
leg_right_03_row448,448,LEG_RIGHT,4,negative_axis_or_roi,roi_bottom,images/LEG_RIGHT/leg_right_03_row448_4.dcm,geometry/leg_right_03_row448_4.json,2.25.52982400970721161435951723390541696819/series_001_2_CR/A2504331065 DXA/CR DXA/CR000006.dcm,1.2.643.5.1.13.13.12.2.77.8252.14030804041506011403100115131006,roi_proxy,,,,0,1,0,,368,2,0.007650340266761876
leg_right_03_row448,448,LEG_RIGHT,5,negative_axis_or_roi,roi_lateral,images/LEG_RIGHT/leg_right_03_row448_5.dcm,geometry/leg_right_03_row448_5.json,2.25.52982400970721161435951723390541696819/series_001_2_CR/A2504331065 DXA/CR DXA/CR000006.dcm,1.2.643.5.1.13.13.12.2.77.8252.14030804041506011403100115131006,roi_proxy,,,,0,1,0,,402,2,0.007636820260187796
leg_right_04_row445,445,LEG_RIGHT,0,source,source,C:\Users\Андрей\Desktop\Хакатон\Исследования\2.25.52982400970721161435951723390541696819\series_001_2_CR\A2504331065 DXA\CR DXA\CR000003.dcm,geometry/leg_right_04_row445_0.json,2.25.52982400970721161435951723390541696819/series_001_2_CR/A2504331065 DXA/CR DXA/CR000003.dcm,1.2.643.5.1.13.13.12.2.77.8252.14030804041506011403100115131006,roi_proxy,,,,0,0,0,,203,2,0.0074676798814729845
leg_right_04_row445,445,LEG_RIGHT,1,positive,hip_safe_zoom,images/LEG_RIGHT/leg_right_04_row445_1.dcm,geometry/leg_right_04_row445_1.json,2.25.52982400970721161435951723390541696819/series_001_2_CR/A2504331065 DXA/CR DXA/CR000003.dcm,1.2.643.5.1.13.13.12.2.77.8252.14030804041506011403100115131006,roi_proxy,,,,0,0,0,,214,2,0.007499875235720378
leg_right_04_row445,445,LEG_RIGHT,2,negative_position,landmark_left,images/LEG_RIGHT/leg_right_04_row445_2.dcm,geometry/leg_right_04_row445_2.json,2.25.52982400970721161435951723390541696819/series_001_2_CR/A2504331065 DXA/CR DXA/CR000003.dcm,1.2.643.5.1.13.13.12.2.77.8252.14030804041506011403100115131006,roi_proxy,,,,1,1,0,,429,2,0.008657363935601322
leg_right_04_row445,445,LEG_RIGHT,3,negative_position,landmark_bottom,images/LEG_RIGHT/leg_right_04_row445_3.dcm,geometry/leg_right_04_row445_3.json,2.25.52982400970721161435951723390541696819/series_001_2_CR/A2504331065 DXA/CR DXA/CR000003.dcm,1.2.643.5.1.13.13.12.2.77.8252.14030804041506011403100115131006,roi_proxy,,,,1,1,0,,112,0,0.002666979084216532
leg_right_04_row445,445,LEG_RIGHT,4,negative_axis_or_roi,roi_bottom,images/LEG_RIGHT/leg_right_04_row445_4.dcm,geometry/leg_right_04_row445_4.json,2.25.52982400970721161435951723390541696819/series_001_2_CR/A2504331065 DXA/CR DXA/CR000003.dcm,1.2.643.5.1.13.13.12.2.77.8252.14030804041506011403100115131006,roi_proxy,,,,0,1,0,,426,2,0.009341210350624171
leg_right_04_row445,445,LEG_RIGHT,5,negative_axis_or_roi,roi_lateral,images/LEG_RIGHT/leg_right_04_row445_5.dcm,geometry/leg_right_04_row445_5.json,2.25.52982400970721161435951723390541696819/series_001_2_CR/A2504331065 DXA/CR DXA/CR000003.dcm,1.2.643.5.1.13.13.12.2.77.8252.14030804041506011403100115131006,roi_proxy,,,,0,1,0,,359,2,0.008414090733218516
leg_right_05_row499,499,LEG_RIGHT,0,source,source,C:\Users\Андрей\Desktop\Хакатон\Исследования\2.25.91981043841368764114007975581101713077\series_003_2_CR\A250496619 DXA\CR DXA\CR000011.dcm,geometry/leg_right_05_row499_0.json,2.25.91981043841368764114007975581101713077/series_003_2_CR/A250496619 DXA/CR DXA/CR000011.dcm,1.2.643.5.1.13.13.12.2.77.8252.07090507040208000106080811060202,roi_proxy,,,,0,0,0,,428,2,0.0147261816535889
leg_right_05_row499,499,LEG_RIGHT,1,positive,hip_safe_zoom,images/LEG_RIGHT/leg_right_05_row499_1.dcm,geometry/leg_right_05_row499_1.json,2.25.91981043841368764114007975581101713077/series_003_2_CR/A250496619 DXA/CR DXA/CR000011.dcm,1.2.643.5.1.13.13.12.2.77.8252.07090507040208000106080811060202,roi_proxy,,,,0,0,0,,452,2,0.015166094317168833
leg_right_05_row499,499,LEG_RIGHT,2,negative_position,landmark_right,images/LEG_RIGHT/leg_right_05_row499_2.dcm,geometry/leg_right_05_row499_2.json,2.25.91981043841368764114007975581101713077/series_003_2_CR/A250496619 DXA/CR DXA/CR000011.dcm,1.2.643.5.1.13.13.12.2.77.8252.07090507040208000106080811060202,roi_proxy,,,,1,1,0,,981,2,0.020318394586851606
leg_right_05_row499,499,LEG_RIGHT,3,negative_position,landmark_left,images/LEG_RIGHT/leg_right_05_row499_3.dcm,geometry/leg_right_05_row499_3.json,2.25.91981043841368764114007975581101713077/series_003_2_CR/A250496619 DXA/CR DXA/CR000011.dcm,1.2.643.5.1.13.13.12.2.77.8252.07090507040208000106080811060202,roi_proxy,,,,1,1,0,,770,2,0.011666131085194119
leg_right_05_row499,499,LEG_RIGHT,4,negative_axis_or_roi,roi_lateral,images/LEG_RIGHT/leg_right_05_row499_4.dcm,geometry/leg_right_05_row499_4.json,2.25.91981043841368764114007975581101713077/series_003_2_CR/A250496619 DXA/CR DXA/CR000011.dcm,1.2.643.5.1.13.13.12.2.77.8252.07090507040208000106080811060202,roi_proxy,,,,0,1,0,,783,2,0.015456478763399265
leg_right_05_row499,499,LEG_RIGHT,5,negative_axis_or_roi,roi_bottom,images/LEG_RIGHT/leg_right_05_row499_5.dcm,geometry/leg_right_05_row499_5.json,2.25.91981043841368764114007975581101713077/series_003_2_CR/A250496619 DXA/CR DXA/CR000011.dcm,1.2.643.5.1.13.13.12.2.77.8252.07090507040208000106080811060202,roi_proxy,,,,0,1,0,,664,2,0.014094375915659492
leg_right_06_row311,311,LEG_RIGHT,0,source,source,C:\Users\Андрей\Desktop\Хакатон\Исследования\2.25.186201010600484120326273381077449377115\series_004_2_CR\A250777475 DXA\CR DXA\CR000002.dcm,geometry/leg_right_06_row311_0.json,2.25.186201010600484120326273381077449377115/series_004_2_CR/A250777475 DXA/CR DXA/CR000002.dcm,1.2.643.5.1.13.13.12.2.77.8252.04030111120106061513080209011000,roi_proxy,,,,0,0,0,,220,2,0.010094269464871575
leg_right_06_row311,311,LEG_RIGHT,1,positive,hip_safe_zoom,images/LEG_RIGHT/leg_right_06_row311_1.dcm,geometry/leg_right_06_row311_1.json,2.25.186201010600484120326273381077449377115/series_004_2_CR/A250777475 DXA/CR DXA/CR000002.dcm,1.2.643.5.1.13.13.12.2.77.8252.04030111120106061513080209011000,roi_proxy,,,,0,0,0,,233,2,0.01039442562567639
leg_right_06_row311,311,LEG_RIGHT,2,negative_position,landmark_left,images/LEG_RIGHT/leg_right_06_row311_2.dcm,geometry/leg_right_06_row311_2.json,2.25.186201010600484120326273381077449377115/series_004_2_CR/A250777475 DXA/CR DXA/CR000002.dcm,1.2.643.5.1.13.13.12.2.77.8252.04030111120106061513080209011000,roi_proxy,,,,1,1,0,,483,2,0.011162439845889
leg_right_06_row311,311,LEG_RIGHT,3,negative_position,landmark_right,images/LEG_RIGHT/leg_right_06_row311_3.dcm,geometry/leg_right_06_row311_3.json,2.25.186201010600484120326273381077449377115/series_004_2_CR/A250777475 DXA/CR DXA/CR000002.dcm,1.2.643.5.1.13.13.12.2.77.8252.04030111120106061513080209011000,roi_proxy,,,,1,1,0,,437,2,0.013819921052515066
leg_right_06_row311,311,LEG_RIGHT,4,negative_axis_or_roi,roi_top,images/LEG_RIGHT/leg_right_06_row311_4.dcm,geometry/leg_right_06_row311_4.json,2.25.186201010600484120326273381077449377115/series_004_2_CR/A250777475 DXA/CR DXA/CR000002.dcm,1.2.643.5.1.13.13.12.2.77.8252.04030111120106061513080209011000,roi_proxy,,,,0,1,0,,465,2,0.01300704503517315
leg_right_06_row311,311,LEG_RIGHT,5,negative_axis_or_roi,roi_lateral,images/LEG_RIGHT/leg_right_06_row311_5.dcm,geometry/leg_right_06_row311_5.json,2.25.186201010600484120326273381077449377115/series_004_2_CR/A250777475 DXA/CR DXA/CR000002.dcm,1.2.643.5.1.13.13.12.2.77.8252.04030111120106061513080209011000,roi_proxy,,,,0,1,0,,417,2,0.011030797266453105
leg_right_07_row273,273,LEG_RIGHT,0,source,source,C:\Users\Андрей\Desktop\Хакатон\Исследования\2.25.175881661753775295785039265792986971602\series_003_2_CR\A2507266462 DXA\CR DXA\CR000000.dcm,geometry/leg_right_07_row273_0.json,2.25.175881661753775295785039265792986971602/series_003_2_CR/A2507266462 DXA/CR DXA/CR000000.dcm,1.2.643.5.1.13.13.12.2.77.8252.01091501110815031100020500130014,roi_proxy,,,,0,0,0,,308,2,0.018794647967700542
leg_right_07_row273,273,LEG_RIGHT,1,positive,hip_safe_zoom,images/LEG_RIGHT/leg_right_07_row273_1.dcm,geometry/leg_right_07_row273_1.json,2.25.175881661753775295785039265792986971602/series_003_2_CR/A2507266462 DXA/CR DXA/CR000000.dcm,1.2.643.5.1.13.13.12.2.77.8252.01091501110815031100020500130014,roi_proxy,,,,0,0,0,,341,2,0.019628425840252765
leg_right_07_row273,273,LEG_RIGHT,2,negative_position,landmark_right,images/LEG_RIGHT/leg_right_07_row273_2.dcm,geometry/leg_right_07_row273_2.json,2.25.175881661753775295785039265792986971602/series_003_2_CR/A2507266462 DXA/CR DXA/CR000000.dcm,1.2.643.5.1.13.13.12.2.77.8252.01091501110815031100020500130014,roi_proxy,,,,1,1,0,,871,2,0.02751469418136085
leg_right_07_row273,273,LEG_RIGHT,3,negative_position,landmark_top,images/LEG_RIGHT/leg_right_07_row273_3.dcm,geometry/leg_right_07_row273_3.json,2.25.175881661753775295785039265792986971602/series_003_2_CR/A2507266462 DXA/CR DXA/CR000000.dcm,1.2.643.5.1.13.13.12.2.77.8252.01091501110815031100020500130014,roi_proxy,,,,1,1,0,,960,2,0.037216447883575046
leg_right_07_row273,273,LEG_RIGHT,4,negative_axis_or_roi,roi_lateral,images/LEG_RIGHT/leg_right_07_row273_4.dcm,geometry/leg_right_07_row273_4.json,2.25.175881661753775295785039265792986971602/series_003_2_CR/A2507266462 DXA/CR DXA/CR000000.dcm,1.2.643.5.1.13.13.12.2.77.8252.01091501110815031100020500130014,roi_proxy,,,,0,1,0,,735,2,0.021564032531587493
leg_right_07_row273,273,LEG_RIGHT,5,negative_axis_or_roi,roi_top,images/LEG_RIGHT/leg_right_07_row273_5.dcm,geometry/leg_right_07_row273_5.json,2.25.175881661753775295785039265792986971602/series_003_2_CR/A2507266462 DXA/CR DXA/CR000000.dcm,1.2.643.5.1.13.13.12.2.77.8252.01091501110815031100020500130014,roi_proxy,,,,0,1,0,,570,2,0.022972197756607707
leg_right_08_row411,411,LEG_RIGHT,0,source,source,C:\Users\Андрей\Desktop\Хакатон\Исследования\2.25.307021710202910067378603383388989711646\series_004_2_CR\A2504110565 DXA\CR DXA\CR000008.dcm,geometry/leg_right_08_row411_0.json,2.25.307021710202910067378603383388989711646/series_004_2_CR/A2504110565 DXA/CR DXA/CR000008.dcm,1.2.643.5.1.13.13.12.2.77.8252.04040806101100130101150009051415,roi_proxy,,,,0,0,0,,253,2,0.013971051958253879
leg_right_08_row411,411,LEG_RIGHT,1,positive,hip_safe_zoom,images/LEG_RIGHT/leg_right_08_row411_1.dcm,geometry/leg_right_08_row411_1.json,2.25.307021710202910067378603383388989711646/series_004_2_CR/A2504110565 DXA/CR DXA/CR000008.dcm,1.2.643.5.1.13.13.12.2.77.8252.04040806101100130101150009051415,roi_proxy,,,,0,0,0,,276,2,0.014509310114371739
leg_right_08_row411,411,LEG_RIGHT,2,negative_position,landmark_top,images/LEG_RIGHT/leg_right_08_row411_2.dcm,geometry/leg_right_08_row411_2.json,2.25.307021710202910067378603383388989711646/series_004_2_CR/A2504110565 DXA/CR DXA/CR000008.dcm,1.2.643.5.1.13.13.12.2.77.8252.04040806101100130101150009051415,roi_proxy,,,,1,1,0,,623,2,0.02336245896968143
leg_right_08_row411,411,LEG_RIGHT,3,negative_position,landmark_right,images/LEG_RIGHT/leg_right_08_row411_3.dcm,geometry/leg_right_08_row411_3.json,2.25.307021710202910067378603383388989711646/series_004_2_CR/A2504110565 DXA/CR DXA/CR000008.dcm,1.2.643.5.1.13.13.12.2.77.8252.04040806101100130101150009051415,roi_proxy,,,,1,1,0,,618,2,0.019578917240699344
leg_right_08_row411,411,LEG_RIGHT,4,negative_axis_or_roi,roi_top,images/LEG_RIGHT/leg_right_08_row411_4.dcm,geometry/leg_right_08_row411_4.json,2.25.307021710202910067378603383388989711646/series_004_2_CR/A2504110565 DXA/CR DXA/CR000008.dcm,1.2.643.5.1.13.13.12.2.77.8252.04040806101100130101150009051415,roi_proxy,,,,1,1,0,,547,2,0.01840112868688395
leg_right_08_row411,411,LEG_RIGHT,5,negative_axis_or_roi,roi_lateral,images/LEG_RIGHT/leg_right_08_row411_5.dcm,geometry/leg_right_08_row411_5.json,2.25.307021710202910067378603383388989711646/series_004_2_CR/A2504110565 DXA/CR DXA/CR000008.dcm,1.2.643.5.1.13.13.12.2.77.8252.04040806101100130101150009051415,roi_proxy,,,,0,1,0,,581,2,0.014739450305671841
leg_right_09_row342,342,LEG_RIGHT,0,source,source,C:\Users\Андрей\Desktop\Хакатон\Исследования\2.25.217397325224876728316360420804118329081\series_002_2_CR\A250474631 DXA\CR DXA\CR000003.dcm,geometry/leg_right_09_row342_0.json,2.25.217397325224876728316360420804118329081/series_002_2_CR/A250474631 DXA/CR DXA/CR000003.dcm,1.2.643.5.1.13.13.12.2.77.8252.15060506051311040306151405130812,roi_proxy,,,,0,0,0,,147,2,0.0074507392473959645
leg_right_09_row342,342,LEG_RIGHT,1,positive,hip_safe_zoom,images/LEG_RIGHT/leg_right_09_row342_1.dcm,geometry/leg_right_09_row342_1.json,2.25.217397325224876728316360420804118329081/series_002_2_CR/A250474631 DXA/CR DXA/CR000003.dcm,1.2.643.5.1.13.13.12.2.77.8252.15060506051311040306151405130812,roi_proxy,,,,0,0,0,,170,2,0.008141741824801603
leg_right_09_row342,342,LEG_RIGHT,2,negative_position,landmark_right,images/LEG_RIGHT/leg_right_09_row342_2.dcm,geometry/leg_right_09_row342_2.json,2.25.217397325224876728316360420804118329081/series_002_2_CR/A250474631 DXA/CR DXA/CR000003.dcm,1.2.643.5.1.13.13.12.2.77.8252.15060506051311040306151405130812,roi_proxy,,,,1,1,0,,379,2,0.010156729756412892
leg_right_09_row342,342,LEG_RIGHT,3,negative_position,landmark_top,images/LEG_RIGHT/leg_right_09_row342_3.dcm,geometry/leg_right_09_row342_3.json,2.25.217397325224876728316360420804118329081/series_002_2_CR/A250474631 DXA/CR DXA/CR000003.dcm,1.2.643.5.1.13.13.12.2.77.8252.15060506051311040306151405130812,roi_proxy,,,,1,1,0,,453,2,0.014271418339078155
leg_right_09_row342,342,LEG_RIGHT,4,negative_axis_or_roi,roi_top,images/LEG_RIGHT/leg_right_09_row342_4.dcm,geometry/leg_right_09_row342_4.json,2.25.217397325224876728316360420804118329081/series_002_2_CR/A250474631 DXA/CR DXA/CR000003.dcm,1.2.643.5.1.13.13.12.2.77.8252.15060506051311040306151405130812,roi_proxy,,,,0,1,0,,318,2,0.00936521674449746
leg_right_09_row342,342,LEG_RIGHT,5,negative_axis_or_roi,roi_lateral,images/LEG_RIGHT/leg_right_09_row342_5.dcm,geometry/leg_right_09_row342_5.json,2.25.217397325224876728316360420804118329081/series_002_2_CR/A250474631 DXA/CR DXA/CR000003.dcm,1.2.643.5.1.13.13.12.2.77.8252.15060506051311040306151405130812,roi_proxy,,,,0,1,0,,252,2,0.0062833480908069264
leg_right_10_row452,452,LEG_RIGHT,0,source,source,C:\Users\Андрей\Desktop\Хакатон\Исследования\2.25.65954778282254353457041255543338557112\series_004_3_CR\A2504246289 DXA\CR DXA\CR000000.dcm,geometry/leg_right_10_row452_0.json,2.25.65954778282254353457041255543338557112/series_004_3_CR/A2504246289 DXA/CR DXA/CR000000.dcm,1.2.643.5.1.13.13.12.2.77.8252.09110800100012120800030006041405,roi_proxy,,,,0,0,0,,254,2,0.01151597626348735
leg_right_10_row452,452,LEG_RIGHT,1,positive,hip_safe_zoom,images/LEG_RIGHT/leg_right_10_row452_1.dcm,geometry/leg_right_10_row452_1.json,2.25.65954778282254353457041255543338557112/series_004_3_CR/A2504246289 DXA/CR DXA/CR000000.dcm,1.2.643.5.1.13.13.12.2.77.8252.09110800100012120800030006041405,roi_proxy,,,,0,0,0,,266,2,0.011533785118923126
leg_right_10_row452,452,LEG_RIGHT,2,negative_position,landmark_top,images/LEG_RIGHT/leg_right_10_row452_2.dcm,geometry/leg_right_10_row452_2.json,2.25.65954778282254353457041255543338557112/series_004_3_CR/A2504246289 DXA/CR DXA/CR000000.dcm,1.2.643.5.1.13.13.12.2.77.8252.09110800100012120800030006041405,roi_proxy,,,,1,1,0,,732,2,0.024858292788959725
leg_right_10_row452,452,LEG_RIGHT,3,negative_position,landmark_right,images/LEG_RIGHT/leg_right_10_row452_3.dcm,geometry/leg_right_10_row452_3.json,2.25.65954778282254353457041255543338557112/series_004_3_CR/A2504246289 DXA/CR DXA/CR000000.dcm,1.2.643.5.1.13.13.12.2.77.8252.09110800100012120800030006041405,roi_proxy,,,,1,1,0,,723,2,0.018680064570498166
leg_right_10_row452,452,LEG_RIGHT,4,negative_axis_or_roi,roi_top,images/LEG_RIGHT/leg_right_10_row452_4.dcm,geometry/leg_right_10_row452_4.json,2.25.65954778282254353457041255543338557112/series_004_3_CR/A2504246289 DXA/CR DXA/CR000000.dcm,1.2.643.5.1.13.13.12.2.77.8252.09110800100012120800030006041405,roi_proxy,,,,0,1,0,,542,2,0.014586056764750875
leg_right_10_row452,452,LEG_RIGHT,5,negative_axis_or_roi,roi_lateral,images/LEG_RIGHT/leg_right_10_row452_5.dcm,geometry/leg_right_10_row452_5.json,2.25.65954778282254353457041255543338557112/series_004_3_CR/A2504246289 DXA/CR DXA/CR000000.dcm,1.2.643.5.1.13.13.12.2.77.8252.09110800100012120800030006041405,roi_proxy,,,,0,1,0,,440,2,0.012492637861369423
