path,tag,name,keyword,VR,private,files_present,presence_percent,total_occurrences,unique_values,uniqueness_ratio,top_values
"FileMeta/(0002,0003)","(0002,0003)",Media Storage SOP Instance UID,MediaStorageSOPInstanceUID,UI,False,499,100.0,499,499,1.0,1.2.643.5.1.13.13.12.2.77.8252.14031015091008031013040205110915 [1] | 1.2.643.5.1.13.13.12.2.77.8252.03030811151201151502050615010000 [1] | 1.2.643.5.1.13.13.12.2.77.8252.06000812101106141213041404150112 [1] | 1.2.643.5.1.13.13.12.2.77.8252.10130209021503050013090302090705 [1] | 1.2.643.5.1.13.13.12.2.77.8252.13011105091309080008130511041109 [1]
"Dataset/(0008,0018)","(0008,0018)",SOP Instance UID,SOPInstanceUID,UI,False,499,100.0,499,499,1.0,1.2.643.5.1.13.13.12.2.77.8252.14031015091008031013040205110915 [1] | 1.2.643.5.1.13.13.12.2.77.8252.03030811151201151502050615010000 [1] | 1.2.643.5.1.13.13.12.2.77.8252.06000812101106141213041404150112 [1] | 1.2.643.5.1.13.13.12.2.77.8252.10130209021503050013090302090705 [1] | 1.2.643.5.1.13.13.12.2.77.8252.13011105091309080008130511041109 [1]
"Dataset/(0040,030E)/ITEM/(0018,1150)","(0018,1150)",Exposure Time,ExposureTime,IS,False,448,89.77955911823648,1021,335,0.7477678571428571,15326 [20] | 37624 [20] | 7766 [20] | 29687 [20] | 16504 [19]
"Dataset/(0020,000E)","(0020,000E)",Series Instance UID,SeriesInstanceUID,UI,False,499,100.0,499,101,0.20240480961923848,1.2.643.5.1.13.13.12.2.77.8252.00061404140502100104070113110714 [18] | 1.2.643.5.1.13.13.12.2.77.8252.02151214090809021309091201080709 [13] | 1.2.643.5.1.13.13.12.2.77.8252.11020308140308080111011302120105 [13] | 1.2.643.5.1.13.13.12.2.77.8252.14040700071514111407031412020703 [12] | 1.2.643.5.1.13.13.12.2.77.8252.14131202151512000515141002040115 [12]
"Dataset/(0020,000D)","(0020,000D)",Study Instance UID,StudyInstanceUID,UI,False,499,100.0,499,100,0.20040080160320642,1.2.643.5.1.13.13.12.2.77.8252.10030514041010111403040803061004 [29] | 1.2.643.5.1.13.13.12.2.77.8252.01011312130808040910091102031113 [13] | 1.2.643.5.1.13.13.12.2.77.8252.04121102011402150303110508111305 [13] | 1.2.643.5.1.13.13.12.2.77.8252.07100203071411091300120005090303 [12] | 1.2.643.5.1.13.13.12.2.77.8252.09131109110213080611001502040813 [12]
"Dataset/(0040,0303)","(0040,0303)",Exposed Area,ExposedArea,US,False,499,100.0,499,74,0.14829659318637275,0\0 [51] | 180\193 [46] | 180\192 [39] | 180\191 [21] | 180\177 [19]
"Dataset/(0028,0010)","(0028,0010)",Rows,Rows,US,False,499,100.0,499,32,0.06412825651302605,289 [52] | 261 [50] | 291 [49] | 235 [43] | 318 [41]
"Dataset/(0020,0013)","(0020,0013)",Instance Number,InstanceNumber,IS,False,499,100.0,499,27,0.05410821643286573,1 [100] | 3 [74] | 5 [54] | 4 [42] | 6 [38]
"Dataset/(0040,8302)","(0040,8302)",Entrance Dose in mGy,EntranceDoseInmGy,DS,False,499,100.0,499,21,0.04208416833667335,0.037000 [143] | 0.074000 [102] | 0.000000 [51] | 0.111000 [47] | 0.148000 [42]
"Dataset/(0040,0301)","(0040,0301)",Total Number of Exposures,TotalNumberOfExposures,US,False,499,100.0,499,7,0.014028056112224449,1 [215] | 2 [143] | 4 [58] | 3 [50] | 6 [18]
"Dataset/(0040,030E)","(0040,030E)",Exposure Dose Sequence,ExposureDoseSequence,SQ,False,448,89.77955911823648,448,7,0.015625,<Sequence items=1> [164] | <Sequence items=2> [143] | <Sequence items=4> [58] | <Sequence items=3> [50] | <Sequence items=6> [18]
"Dataset/(0020,0011)","(0020,0011)",Series Number,SeriesNumber,IS,False,499,100.0,499,3,0.006012024048096192,2 [438] | 3 [50] | 6 [11]
"Dataset/(0028,0011)","(0028,0011)",Columns,Columns,US,False,499,100.0,499,3,0.006012024048096192,280 [331] | 300 [166] | 248 [2]
"Dataset/(0008,0005)","(0008,0005)",Specific Character Set,SpecificCharacterSet,CS,False,499,100.0,499,2,0.004008016032064128,ISO_IR 144 [481] | ISO_IR 100 [18]
"Dataset/(0008,1030)","(0008,1030)",Study Description,StudyDescription,LO,False,499,100.0,499,2,0.004008016032064128,DXA Обследование [481] | DXA Exam [18]
"Dataset/(0008,103E)","(0008,103E)",Series Description,SeriesDescription,LO,False,499,100.0,499,2,0.004008016032064128,Изображения DXA [481] | DXA Images [18]
"Dataset/(0018,1020)","(0018,1020)",Software Versions,SoftwareVersions,LO,False,499,100.0,499,2,0.004008016032064128,18.41.005 [399] | 18.50.082 [100]
"Dataset/(0040,030E)/ITEM/(0018,8151)","(0018,8151)",X-Ray Tube Current in uA,XRayTubeCurrentInuA,DS,False,448,89.77955911823648,1021,2,0.004464285714285714,3000 [997] | 750 [24]
"FileMeta/(0002,0000)","(0002,0000)",File Meta Information Group Length,FileMetaInformationGroupLength,UL,False,499,100.0,499,1,0.002004008016032064,206 [499]
"FileMeta/(0002,0001)","(0002,0001)",File Meta Information Version,FileMetaInformationVersion,OB,False,499,100.0,499,1,0.002004008016032064,<bytes len=2 sha1=3f29546453678b855931c174a97d6c0894b8f546> [499]
"FileMeta/(0002,0002)","(0002,0002)",Media Storage SOP Class UID,MediaStorageSOPClassUID,UI,False,499,100.0,499,1,0.002004008016032064,1.2.840.10008.5.1.4.1.1.1 [499]
"FileMeta/(0002,0010)","(0002,0010)",Transfer Syntax UID,TransferSyntaxUID,UI,False,499,100.0,499,1,0.002004008016032064,1.2.840.10008.1.2 [499]
"FileMeta/(0002,0012)","(0002,0012)",Implementation Class UID,ImplementationClassUID,UI,False,499,100.0,499,1,0.002004008016032064,1.2.276.0.7230010.3.0.3.6.8 [499]
"FileMeta/(0002,0013)","(0002,0013)",Implementation Version Name,ImplementationVersionName,SH,False,499,100.0,499,1,0.002004008016032064,OFFIS_DCMTK_368 [499]
"Dataset/(0008,0016)","(0008,0016)",SOP Class UID,SOPClassUID,UI,False,499,100.0,499,1,0.002004008016032064,1.2.840.10008.5.1.4.1.1.1 [499]
"Dataset/(0008,0020)","(0008,0020)",Study Date,StudyDate,DA,False,499,100.0,499,1,0.002004008016032064,Anonymized [499]
"Dataset/(0008,0022)","(0008,0022)",Acquisition Date,AcquisitionDate,DA,False,499,100.0,499,1,0.002004008016032064,Anonymized [499]
"Dataset/(0008,0030)","(0008,0030)",Study Time,StudyTime,TM,False,499,100.0,499,1,0.002004008016032064,Anonymized [499]
"Dataset/(0008,0032)","(0008,0032)",Acquisition Time,AcquisitionTime,TM,False,499,100.0,499,1,0.002004008016032064,Anonymized [499]
"Dataset/(0008,0050)","(0008,0050)",Accession Number,AccessionNumber,SH,False,499,100.0,499,1,0.002004008016032064,Anonymized [499]
"Dataset/(0008,0060)","(0008,0060)",Modality,Modality,CS,False,499,100.0,499,1,0.002004008016032064,CR [499]
"Dataset/(0008,0070)","(0008,0070)",Manufacturer,Manufacturer,LO,False,499,100.0,499,1,0.002004008016032064,GE Healthcare [499]
"Dataset/(0008,0080)","(0008,0080)",Institution Name,InstitutionName,LO,False,499,100.0,499,1,0.002004008016032064,Anonymized [499]
"Dataset/(0008,0090)","(0008,0090)",Referring Physician's Name,ReferringPhysicianName,PN,False,499,100.0,499,1,0.002004008016032064,Anonymized [499]
"Dataset/(0008,1010)","(0008,1010)",Station Name,StationName,SH,False,499,100.0,499,1,0.002004008016032064,Anonymized [499]
"Dataset/(0008,1090)","(0008,1090)",Manufacturer's Model Name,ManufacturerModelName,LO,False,499,100.0,499,1,0.002004008016032064,Lunar Prodigy Advance [499]
"Dataset/(0010,0010)","(0010,0010)",Patient's Name,PatientName,PN,False,499,100.0,499,1,0.002004008016032064,Anonymized [499]
"Dataset/(0010,0020)","(0010,0020)",Patient ID,PatientID,LO,False,499,100.0,499,1,0.002004008016032064,Anonymized [499]
"Dataset/(0010,0030)","(0010,0030)",Patient's Birth Date,PatientBirthDate,DA,False,499,100.0,499,1,0.002004008016032064,Anonymized [499]
"Dataset/(0010,0040)","(0010,0040)",Patient's Sex,PatientSex,CS,False,499,100.0,499,1,0.002004008016032064,Anonymized [499]
"Dataset/(0010,1010)","(0010,1010)",Patient's Age,PatientAge,AS,False,499,100.0,499,1,0.002004008016032064,Anonymized [499]
"Dataset/(0010,2160)","(0010,2160)",Ethnic Group,EthnicGroup,SH,False,499,100.0,499,1,0.002004008016032064,Anonymized [499]
"Dataset/(0012,0062)","(0012,0062)",Patient Identity Removed,PatientIdentityRemoved,CS,False,499,100.0,499,1,0.002004008016032064,YES [499]
"Dataset/(0012,0063)","(0012,0063)",De-identification Method,DeidentificationMethod,LO,False,499,100.0,499,1,0.002004008016032064,De-identification is implemented according to DICOM PS3.15 2021b part E1.1 Table E.1-1 Basic Profile. [499]
"Dataset/(0018,0015)","(0018,0015)",Body Part Examined,BodyPartExamined,CS,False,499,100.0,499,1,0.002004008016032064, [499]
"Dataset/(0018,1000)","(0018,1000)",Device Serial Number,DeviceSerialNumber,LO,False,499,100.0,499,1,0.002004008016032064,Anonymized [499]
"Dataset/(0018,5101)","(0018,5101)",View Position,ViewPosition,CS,False,499,100.0,499,1,0.002004008016032064, [499]
"Dataset/(0020,0010)","(0020,0010)",Study ID,StudyID,SH,False,499,100.0,499,1,0.002004008016032064,Anonymized [499]
"Dataset/(0020,0060)","(0020,0060)",Laterality,Laterality,CS,False,499,100.0,499,1,0.002004008016032064, [499]
"Dataset/(0028,0002)","(0028,0002)",Samples per Pixel,SamplesPerPixel,US,False,499,100.0,499,1,0.002004008016032064,1 [499]
"Dataset/(0028,0004)","(0028,0004)",Photometric Interpretation,PhotometricInterpretation,CS,False,499,100.0,499,1,0.002004008016032064,MONOCHROME2 [499]
"Dataset/(0028,0100)","(0028,0100)",Bits Allocated,BitsAllocated,US,False,499,100.0,499,1,0.002004008016032064,8 [499]
"Dataset/(0028,0101)","(0028,0101)",Bits Stored,BitsStored,US,False,499,100.0,499,1,0.002004008016032064,8 [499]
"Dataset/(0028,0102)","(0028,0102)",High Bit,HighBit,US,False,499,100.0,499,1,0.002004008016032064,7 [499]
"Dataset/(0028,0103)","(0028,0103)",Pixel Representation,PixelRepresentation,US,False,499,100.0,499,1,0.002004008016032064,0 [499]
"Dataset/(0040,0244)","(0040,0244)",Performed Procedure Step Start Date,PerformedProcedureStepStartDate,DA,False,499,100.0,499,1,0.002004008016032064,Anonymized [499]
"Dataset/(0040,0245)","(0040,0245)",Performed Procedure Step Start Time,PerformedProcedureStepStartTime,TM,False,499,100.0,499,1,0.002004008016032064,Anonymized [499]
"Dataset/(0008,1050)","(0008,1050)",Performing Physician's Name,PerformingPhysicianName,PN,False,481,96.39278557114228,481,1,0.002079002079002079,Anonymized [481]
"Dataset/(0008,1070)","(0008,1070)",Operators' Name,OperatorsName,PN,False,481,96.39278557114228,481,1,0.002079002079002079,Anonymized [481]
"Dataset/(0008,0081)","(0008,0081)",Institution Address,InstitutionAddress,ST,False,475,95.19038076152304,475,1,0.002105263157894737,Anonymized [475]
"Dataset/(0018,1030)","(0018,1030)",Protocol Name,ProtocolName,LO,False,448,89.77955911823648,448,1,0.002232142857142857,Anonymized [448]
"Dataset/(0040,0254)","(0040,0254)",Performed Procedure Step Description,PerformedProcedureStepDescription,LO,False,448,89.77955911823648,448,1,0.002232142857142857,Anonymized [448]
"Dataset/(0040,030E)/ITEM/(0018,0060)","(0018,0060)",KVP,KVP,DS,False,448,89.77955911823648,1021,1,0.002232142857142857,76.0 [1021]
"Dataset/(0020,0020)","(0020,0020)",Patient Orientation,PatientOrientation,CS,False,379,75.95190380761522,379,1,0.002638522427440633,"['L', 'F'] [379]"
"Dataset/(0008,1040)","(0008,1040)",Institutional Department Name,InstitutionalDepartmentName,LO,False,161,32.26452905811623,161,1,0.006211180124223602,Anonymized [161]
"Dataset/(0020,4000)","(0020,4000)",Image Comments,ImageComments,LT,False,23,4.609218436873747,23,1,0.043478260869565216,Anonymized [23]
"Dataset/(0010,4000)","(0010,4000)",Patient Comments,PatientComments,LT,False,1,0.2004008016032064,1,1,1.0,Anonymized [1]
