relative_path,label,notes,annotator,annotated_at,output_path
2.25.169242707068684757906797344800977707240/series_003_2_CR/A2507185832 DXA/CR DXA/CR000000.dcm,SPINE,,,2026-09-16T17:06:27,/output/2.25.169242707068684757906797344800977707240/series_003_2_CR/A2507185832 DXA/CR DXA/CR000000.dcm
2.25.172445998420765569384934552191547932566/series_004_2_CR/A2507368766 DXA/CR DXA/CR000000.dcm,SPINE,,,2026-09-16T17:06:30,/output/2.25.172445998420765569384934552191547932566/series_004_2_CR/A2507368766 DXA/CR DXA/CR000000.dcm
2.25.172445998420765569384934552191547932566/series_004_2_CR/A2507368766 DXA/CR DXA/CR000001.dcm,LEG,,,2026-09-16T17:06:32,/output/2.25.172445998420765569384934552191547932566/series_004_2_CR/A2507368766 DXA/CR DXA/CR000001.dcm
2.25.172445998420765569384934552191547932566/series_004_2_CR/A2507368766 DXA/CR DXA/CR000002.dcm,LEG,,,2026-09-16T17:06:34,/output/2.25.172445998420765569384934552191547932566/series_004_2_CR/A2507368766 DXA/CR DXA/CR000002.dcm
2.25.173731186748227489808861376513577450951/series_002_2_CR/A2507188958 DXA/CR DXA/CR000000.dcm,SPINE,,,2026-09-16T17:06:36,/output/2.25.173731186748227489808861376513577450951/series_002_2_CR/A2507188958 DXA/CR DXA/CR000000.dcm
2.25.173731186748227489808861376513577450951/series_002_2_CR/A2507188958 DXA/CR DXA/CR000001.dcm,LEG,,,2026-09-16T17:06:37,/output/2.25.173731186748227489808861376513577450951/series_002_2_CR/A2507188958 DXA/CR DXA/CR000001.dcm
2.25.173753313169335820519632380691065649420/series_003_2_CR/A2504265499 DXA/CR DXA/CR000000.dcm,LEG,,,2026-09-16T17:06:39,/output/2.25.173753313169335820519632380691065649420/series_003_2_CR/A2504265499 DXA/CR DXA/CR000000.dcm
2.25.173753313169335820519632380691065649420/series_003_2_CR/A2504265499 DXA/CR DXA/CR000001.dcm,LEG,,,2026-09-16T17:06:43,/output/2.25.173753313169335820519632380691065649420/series_003_2_CR/A2504265499 DXA/CR DXA/CR000001.dcm
2.25.173753313169335820519632380691065649420/series_003_2_CR/A2504265499 DXA/CR DXA/CR000002.dcm,SPINE,,,2026-09-16T17:06:45,/output/2.25.173753313169335820519632380691065649420/series_003_2_CR/A2504265499 DXA/CR DXA/CR000002.dcm
2.25.173753313169335820519632380691065649420/series_003_2_CR/A2504265499 DXA/CR DXA/CR000003.dcm,LEG,,,2026-09-16T17:06:46,/output/2.25.173753313169335820519632380691065649420/series_003_2_CR/A2504265499 DXA/CR DXA/CR000003.dcm
2.25.173753313169335820519632380691065649420/series_003_2_CR/A2504265499 DXA/CR DXA/CR000004.dcm,LEG,,,2026-09-16T17:06:48,/output/2.25.173753313169335820519632380691065649420/series_003_2_CR/A2504265499 DXA/CR DXA/CR000004.dcm
2.25.173753313169335820519632380691065649420/series_003_2_CR/A2504265499 DXA/CR DXA/CR000005.dcm,SPINE,,,2026-09-16T17:06:50,/output/2.25.173753313169335820519632380691065649420/series_003_2_CR/A2504265499 DXA/CR DXA/CR000005.dcm
2.25.173753313169335820519632380691065649420/series_003_2_CR/A2504265499 DXA/CR DXA/CR000006.dcm,LEG,,,2026-09-16T17:06:52,/output/2.25.173753313169335820519632380691065649420/series_003_2_CR/A2504265499 DXA/CR DXA/CR000006.dcm
2.25.173753313169335820519632380691065649420/series_003_2_CR/A2504265499 DXA/CR DXA/CR000007.dcm,LEG,,,2026-09-16T17:06:55,/output/2.25.173753313169335820519632380691065649420/series_003_2_CR/A2504265499 DXA/CR DXA/CR000007.dcm
2.25.173753313169335820519632380691065649420/series_003_2_CR/A2504265499 DXA/CR DXA/CR000008.dcm,SPINE,,,2026-09-16T17:06:57,/output/2.25.173753313169335820519632380691065649420/series_003_2_CR/A2504265499 DXA/CR DXA/CR000008.dcm
2.25.173753313169335820519632380691065649420/series_003_2_CR/A2504265499 DXA/CR DXA/CR000009.dcm,LEG,,,2026-09-16T17:06:59,/output/2.25.173753313169335820519632380691065649420/series_003_2_CR/A2504265499 DXA/CR DXA/CR000009.dcm
2.25.173753313169335820519632380691065649420/series_003_2_CR/A2504265499 DXA/CR DXA/CR000010.dcm,LEG,,,2026-09-16T17:07:02,/output/2.25.173753313169335820519632380691065649420/series_003_2_CR/A2504265499 DXA/CR DXA/CR000010.dcm
2.25.175881661753775295785039265792986971602/series_003_2_CR/A2507266462 DXA/CR DXA/CR000000.dcm,LEG,,,2026-09-16T17:07:04,/output/2.25.175881661753775295785039265792986971602/series_003_2_CR/A2507266462 DXA/CR DXA/CR000000.dcm
2.25.175881661753775295785039265792986971602/series_003_2_CR/A2507266462 DXA/CR DXA/CR000001.dcm,SPINE,,,2026-09-16T17:07:05,/output/2.25.175881661753775295785039265792986971602/series_003_2_CR/A2507266462 DXA/CR DXA/CR000001.dcm
2.25.175881661753775295785039265792986971602/series_003_2_CR/A2507266462 DXA/CR DXA/CR000002.dcm,LEG,,,2026-09-16T17:07:07,/output/2.25.175881661753775295785039265792986971602/series_003_2_CR/A2507266462 DXA/CR DXA/CR000002.dcm
2.25.175881661753775295785039265792986971602/series_003_2_CR/A2507266462 DXA/CR DXA/CR000003.dcm,LEG,,,2026-09-16T17:07:09,/output/2.25.175881661753775295785039265792986971602/series_003_2_CR/A2507266462 DXA/CR DXA/CR000003.dcm
2.25.175903805423871105435148927871625232853/series_001_2_CR/A2507159447 DXA/CR DXA/CR000000.dcm,SPINE,,,2026-09-16T17:07:14,/output/2.25.175903805423871105435148927871625232853/series_001_2_CR/A2507159447 DXA/CR DXA/CR000000.dcm
2.25.175903805423871105435148927871625232853/series_001_2_CR/A2507159447 DXA/CR DXA/CR000001.dcm,LEG,,,2026-09-16T17:07:16,/output/2.25.175903805423871105435148927871625232853/series_001_2_CR/A2507159447 DXA/CR DXA/CR000001.dcm
2.25.175903805423871105435148927871625232853/series_001_2_CR/A2507159447 DXA/CR DXA/CR000002.dcm,LEG,,,2026-09-16T17:07:18,/output/2.25.175903805423871105435148927871625232853/series_001_2_CR/A2507159447 DXA/CR DXA/CR000002.dcm
2.25.17706555930735581384953296958427669848/series_004_3_CR/A2504146513 DXA/CR DXA/CR000000.dcm,LEG,,,2026-09-16T17:07:20,/output/2.25.17706555930735581384953296958427669848/series_004_3_CR/A2504146513 DXA/CR DXA/CR000000.dcm
2.25.17706555930735581384953296958427669848/series_004_3_CR/A2504146513 DXA/CR DXA/CR000001.dcm,SPINE,,,2026-09-16T17:07:22,/output/2.25.17706555930735581384953296958427669848/series_004_3_CR/A2504146513 DXA/CR DXA/CR000001.dcm
2.25.17706555930735581384953296958427669848/series_004_3_CR/A2504146513 DXA/CR DXA/CR000002.dcm,SPINE,,,2026-09-16T17:07:24,/output/2.25.17706555930735581384953296958427669848/series_004_3_CR/A2504146513 DXA/CR DXA/CR000002.dcm
2.25.17706555930735581384953296958427669848/series_004_3_CR/A2504146513 DXA/CR DXA/CR000003.dcm,LEG,,,2026-09-16T17:07:26,/output/2.25.17706555930735581384953296958427669848/series_004_3_CR/A2504146513 DXA/CR DXA/CR000003.dcm
2.25.17706555930735581384953296958427669848/series_004_3_CR/A2504146513 DXA/CR DXA/CR000004.dcm,LEG,,,2026-09-16T17:07:28,/output/2.25.17706555930735581384953296958427669848/series_004_3_CR/A2504146513 DXA/CR DXA/CR000004.dcm
2.25.17706555930735581384953296958427669848/series_004_3_CR/A2504146513 DXA/CR DXA/CR000005.dcm,LEG,,,2026-09-16T17:07:30,/output/2.25.17706555930735581384953296958427669848/series_004_3_CR/A2504146513 DXA/CR DXA/CR000005.dcm
2.25.177745077805190810016231350557005569203/series_002_2_CR/A2504273759 DXA/CR DXA/CR000000.dcm,LEG,,,2026-09-16T17:07:33,/output/2.25.177745077805190810016231350557005569203/series_002_2_CR/A2504273759 DXA/CR DXA/CR000000.dcm
2.25.177745077805190810016231350557005569203/series_002_2_CR/A2504273759 DXA/CR DXA/CR000001.dcm,SPINE,,,2026-09-16T17:07:35,/output/2.25.177745077805190810016231350557005569203/series_002_2_CR/A2504273759 DXA/CR DXA/CR000001.dcm
2.25.177745077805190810016231350557005569203/series_002_2_CR/A2504273759 DXA/CR DXA/CR000002.dcm,SPINE,,,2026-09-16T17:07:36,/output/2.25.177745077805190810016231350557005569203/series_002_2_CR/A2504273759 DXA/CR DXA/CR000002.dcm
2.25.177745077805190810016231350557005569203/series_002_2_CR/A2504273759 DXA/CR DXA/CR000003.dcm,LEG,,,2026-09-16T17:07:38,/output/2.25.177745077805190810016231350557005569203/series_002_2_CR/A2504273759 DXA/CR DXA/CR000003.dcm
2.25.177745077805190810016231350557005569203/series_002_2_CR/A2504273759 DXA/CR DXA/CR000004.dcm,LEG,,,2026-09-16T17:07:42,/output/2.25.177745077805190810016231350557005569203/series_002_2_CR/A2504273759 DXA/CR DXA/CR000004.dcm
2.25.177745077805190810016231350557005569203/series_002_2_CR/A2504273759 DXA/CR DXA/CR000005.dcm,LEG,,,2026-09-16T17:07:44,/output/2.25.177745077805190810016231350557005569203/series_002_2_CR/A2504273759 DXA/CR DXA/CR000005.dcm
2.25.178533355209696795441380751187185128893/series_003_2_CR/A2507155452 DXA/CR DXA/CR000000.dcm,SPINE,,,2026-09-16T17:07:46,/output/2.25.178533355209696795441380751187185128893/series_003_2_CR/A2507155452 DXA/CR DXA/CR000000.dcm
2.25.181196659018348153828200695057897449628/series_004_2_CR/A2507370620 DXA/CR DXA/CR000000.dcm,LEG,,,2026-09-16T17:07:48,/output/2.25.181196659018348153828200695057897449628/series_004_2_CR/A2507370620 DXA/CR DXA/CR000000.dcm
2.25.181196659018348153828200695057897449628/series_004_2_CR/A2507370620 DXA/CR DXA/CR000001.dcm,LEG,,,2026-09-16T17:07:49,/output/2.25.181196659018348153828200695057897449628/series_004_2_CR/A2507370620 DXA/CR DXA/CR000001.dcm
2.25.181196659018348153828200695057897449628/series_004_2_CR/A2507370620 DXA/CR DXA/CR000002.dcm,SPINE,,,2026-09-16T17:07:51,/output/2.25.181196659018348153828200695057897449628/series_004_2_CR/A2507370620 DXA/CR DXA/CR000002.dcm
2.25.181196659018348153828200695057897449628/series_004_2_CR/A2507370620 DXA/CR DXA/CR000003.dcm,SPINE,,,2026-09-16T17:07:53,/output/2.25.181196659018348153828200695057897449628/series_004_2_CR/A2507370620 DXA/CR DXA/CR000003.dcm
2.25.181196659018348153828200695057897449628/series_004_2_CR/A2507370620 DXA/CR DXA/CR000004.dcm,LEG,,,2026-09-16T17:07:56,/output/2.25.181196659018348153828200695057897449628/series_004_2_CR/A2507370620 DXA/CR DXA/CR000004.dcm
2.25.181196659018348153828200695057897449628/series_004_2_CR/A2507370620 DXA/CR DXA/CR000005.dcm,LEG,,,2026-09-16T17:07:58,/output/2.25.181196659018348153828200695057897449628/series_004_2_CR/A2507370620 DXA/CR DXA/CR000005.dcm
2.25.181196659018348153828200695057897449628/series_004_2_CR/A2507370620 DXA/CR DXA/CR000006.dcm,LEG,,,2026-09-16T17:07:59,/output/2.25.181196659018348153828200695057897449628/series_004_2_CR/A2507370620 DXA/CR DXA/CR000006.dcm
2.25.181196659018348153828200695057897449628/series_004_2_CR/A2507370620 DXA/CR DXA/CR000007.dcm,LEG,,,2026-09-16T17:08:01,/output/2.25.181196659018348153828200695057897449628/series_004_2_CR/A2507370620 DXA/CR DXA/CR000007.dcm
2.25.181196659018348153828200695057897449628/series_004_2_CR/A2507370620 DXA/CR DXA/CR000008.dcm,LEG,,,2026-09-16T17:08:03,/output/2.25.181196659018348153828200695057897449628/series_004_2_CR/A2507370620 DXA/CR DXA/CR000008.dcm
2.25.181196659018348153828200695057897449628/series_004_2_CR/A2507370620 DXA/CR DXA/CR000009.dcm,LEG,,,2026-09-16T17:08:05,/output/2.25.181196659018348153828200695057897449628/series_004_2_CR/A2507370620 DXA/CR DXA/CR000009.dcm
2.25.181196659018348153828200695057897449628/series_004_2_CR/A2507370620 DXA/CR DXA/CR000010.dcm,LEG,,,2026-09-16T17:08:06,/output/2.25.181196659018348153828200695057897449628/series_004_2_CR/A2507370620 DXA/CR DXA/CR000010.dcm
2.25.181196659018348153828200695057897449628/series_004_2_CR/A2507370620 DXA/CR DXA/CR000011.dcm,SPINE,,,2026-09-16T17:08:08,/output/2.25.181196659018348153828200695057897449628/series_004_2_CR/A2507370620 DXA/CR DXA/CR000011.dcm
2.25.181196659018348153828200695057897449628/series_004_2_CR/A2507370620 DXA/CR DXA/CR000012.dcm,LEG,,,2026-09-16T17:08:10,/output/2.25.181196659018348153828200695057897449628/series_004_2_CR/A2507370620 DXA/CR DXA/CR000012.dcm
2.25.184198356665635336833172191504278054074/series_004_2_CR/A250788286 DXA/CR DXA/CR000000.dcm,SPINE,,,2026-09-16T17:08:11,/output/2.25.184198356665635336833172191504278054074/series_004_2_CR/A250788286 DXA/CR DXA/CR000000.dcm
2.25.184198356665635336833172191504278054074/series_004_2_CR/A250788286 DXA/CR DXA/CR000001.dcm,LEG,,,2026-09-16T17:08:13,/output/2.25.184198356665635336833172191504278054074/series_004_2_CR/A250788286 DXA/CR DXA/CR000001.dcm
2.25.184198356665635336833172191504278054074/series_004_2_CR/A250788286 DXA/CR DXA/CR000002.dcm,LEG,,,2026-09-16T17:08:14,/output/2.25.184198356665635336833172191504278054074/series_004_2_CR/A250788286 DXA/CR DXA/CR000002.dcm
2.25.186201010600484120326273381077449377115/series_004_2_CR/A250777475 DXA/CR DXA/CR000000.dcm,LEG,,,2026-09-16T17:08:16,/output/2.25.186201010600484120326273381077449377115/series_004_2_CR/A250777475 DXA/CR DXA/CR000000.dcm
2.25.186201010600484120326273381077449377115/series_004_2_CR/A250777475 DXA/CR DXA/CR000001.dcm,LEG,,,2026-09-16T17:08:18,/output/2.25.186201010600484120326273381077449377115/series_004_2_CR/A250777475 DXA/CR DXA/CR000001.dcm
2.25.186201010600484120326273381077449377115/series_004_2_CR/A250777475 DXA/CR DXA/CR000002.dcm,LEG,,,2026-09-16T17:08:20,/output/2.25.186201010600484120326273381077449377115/series_004_2_CR/A250777475 DXA/CR DXA/CR000002.dcm
2.25.186201010600484120326273381077449377115/series_004_2_CR/A250777475 DXA/CR DXA/CR000003.dcm,LEG,,,2026-09-16T17:08:22,/output/2.25.186201010600484120326273381077449377115/series_004_2_CR/A250777475 DXA/CR DXA/CR000003.dcm
2.25.186201010600484120326273381077449377115/series_004_2_CR/A250777475 DXA/CR DXA/CR000004.dcm,LEG,,,2026-09-16T17:08:24,/output/2.25.186201010600484120326273381077449377115/series_004_2_CR/A250777475 DXA/CR DXA/CR000004.dcm
2.25.186201010600484120326273381077449377115/series_004_2_CR/A250777475 DXA/CR DXA/CR000005.dcm,LEG,,,2026-09-16T17:08:26,/output/2.25.186201010600484120326273381077449377115/series_004_2_CR/A250777475 DXA/CR DXA/CR000005.dcm
2.25.186201010600484120326273381077449377115/series_004_2_CR/A250777475 DXA/CR DXA/CR000006.dcm,LEG,,,2026-09-16T17:08:28,/output/2.25.186201010600484120326273381077449377115/series_004_2_CR/A250777475 DXA/CR DXA/CR000006.dcm
2.25.186201010600484120326273381077449377115/series_004_2_CR/A250777475 DXA/CR DXA/CR000007.dcm,SPINE,,,2026-09-16T17:08:30,/output/2.25.186201010600484120326273381077449377115/series_004_2_CR/A250777475 DXA/CR DXA/CR000007.dcm
2.25.186201010600484120326273381077449377115/series_004_2_CR/A250777475 DXA/CR DXA/CR000008.dcm,LEG,,,2026-09-16T17:08:32,/output/2.25.186201010600484120326273381077449377115/series_004_2_CR/A250777475 DXA/CR DXA/CR000008.dcm
2.25.186201010600484120326273381077449377115/series_004_2_CR/A250777475 DXA/CR DXA/CR000009.dcm,LEG,,,2026-09-16T17:08:33,/output/2.25.186201010600484120326273381077449377115/series_004_2_CR/A250777475 DXA/CR DXA/CR000009.dcm
2.25.186201010600484120326273381077449377115/series_004_2_CR/A250777475 DXA/CR DXA/CR000010.dcm,SPINE,,,2026-09-16T17:08:35,/output/2.25.186201010600484120326273381077449377115/series_004_2_CR/A250777475 DXA/CR DXA/CR000010.dcm
2.25.186201010600484120326273381077449377115/series_004_2_CR/A250777475 DXA/CR DXA/CR000011.dcm,SPINE,,,2026-09-16T17:08:37,/output/2.25.186201010600484120326273381077449377115/series_004_2_CR/A250777475 DXA/CR DXA/CR000011.dcm
2.25.190331309633057244929837507901317950031/series_001_2_CR/A250791815 DXA/CR DXA/CR000000.dcm,LEG,,,2026-09-16T17:08:40,/output/2.25.190331309633057244929837507901317950031/series_001_2_CR/A250791815 DXA/CR DXA/CR000000.dcm
2.25.190331309633057244929837507901317950031/series_001_2_CR/A250791815 DXA/CR DXA/CR000001.dcm,LEG,,,2026-09-16T17:08:43,/output/2.25.190331309633057244929837507901317950031/series_001_2_CR/A250791815 DXA/CR DXA/CR000001.dcm
2.25.190331309633057244929837507901317950031/series_001_2_CR/A250791815 DXA/CR DXA/CR000002.dcm,LEG,,,2026-09-16T17:08:45,/output/2.25.190331309633057244929837507901317950031/series_001_2_CR/A250791815 DXA/CR DXA/CR000002.dcm
2.25.190331309633057244929837507901317950031/series_001_2_CR/A250791815 DXA/CR DXA/CR000003.dcm,SPINE,,,2026-09-16T17:08:47,/output/2.25.190331309633057244929837507901317950031/series_001_2_CR/A250791815 DXA/CR DXA/CR000003.dcm
2.25.190331309633057244929837507901317950031/series_001_2_CR/A250791815 DXA/CR DXA/CR000004.dcm,LEG,,,2026-09-16T17:09:55,/output/2.25.190331309633057244929837507901317950031/series_001_2_CR/A250791815 DXA/CR DXA/CR000004.dcm
2.25.190331309633057244929837507901317950031/series_001_2_CR/A250791815 DXA/CR DXA/CR000005.dcm,SPINE,,,2026-09-16T17:09:56,/output/2.25.190331309633057244929837507901317950031/series_001_2_CR/A250791815 DXA/CR DXA/CR000005.dcm
2.25.190331309633057244929837507901317950031/series_001_2_CR/A250791815 DXA/CR DXA/CR000006.dcm,LEG,,,2026-09-16T17:09:59,/output/2.25.190331309633057244929837507901317950031/series_001_2_CR/A250791815 DXA/CR DXA/CR000006.dcm
2.25.190331309633057244929837507901317950031/series_001_2_CR/A250791815 DXA/CR DXA/CR000007.dcm,LEG,,,2026-09-16T17:10:01,/output/2.25.190331309633057244929837507901317950031/series_001_2_CR/A250791815 DXA/CR DXA/CR000007.dcm
2.25.190331309633057244929837507901317950031/series_001_2_CR/A250791815 DXA/CR DXA/CR000008.dcm,SPINE,,,2026-09-16T17:10:03,/output/2.25.190331309633057244929837507901317950031/series_001_2_CR/A250791815 DXA/CR DXA/CR000008.dcm
2.25.190331309633057244929837507901317950031/series_001_2_CR/A250791815 DXA/CR DXA/CR000009.dcm,LEG,,,2026-09-16T17:10:05,/output/2.25.190331309633057244929837507901317950031/series_001_2_CR/A250791815 DXA/CR DXA/CR000009.dcm
2.25.190331309633057244929837507901317950031/series_001_2_CR/A250791815 DXA/CR DXA/CR000010.dcm,LEG,,,2026-09-16T17:10:07,/output/2.25.190331309633057244929837507901317950031/series_001_2_CR/A250791815 DXA/CR DXA/CR000010.dcm
2.25.190807933410234695931591553323782771995/series_002_3_CR/A250762254 DXA/CR DXA/CR000000.dcm,SPINE,,,2026-09-16T17:10:09,/output/2.25.190807933410234695931591553323782771995/series_002_3_CR/A250762254 DXA/CR DXA/CR000000.dcm
2.25.190807933410234695931591553323782771995/series_002_3_CR/A250762254 DXA/CR DXA/CR000001.dcm,LEG,,,2026-09-16T17:10:10,/output/2.25.190807933410234695931591553323782771995/series_002_3_CR/A250762254 DXA/CR DXA/CR000001.dcm
2.25.215177279960644564778148238928738915103/series_002_2_CR/A2504147013 DXA/CR DXA/CR000000.dcm,LEG,,,2026-09-16T17:10:12,/output/2.25.215177279960644564778148238928738915103/series_002_2_CR/A2504147013 DXA/CR DXA/CR000000.dcm
2.25.215177279960644564778148238928738915103/series_002_2_CR/A2504147013 DXA/CR DXA/CR000001.dcm,SPINE,,,2026-09-16T17:10:14,/output/2.25.215177279960644564778148238928738915103/series_002_2_CR/A2504147013 DXA/CR DXA/CR000001.dcm
2.25.215177279960644564778148238928738915103/series_002_2_CR/A2504147013 DXA/CR DXA/CR000002.dcm,LEG,,,2026-09-16T17:10:16,/output/2.25.215177279960644564778148238928738915103/series_002_2_CR/A2504147013 DXA/CR DXA/CR000002.dcm
2.25.215177279960644564778148238928738915103/series_002_2_CR/A2504147013 DXA/CR DXA/CR000003.dcm,LEG,,,2026-09-16T17:10:18,/output/2.25.215177279960644564778148238928738915103/series_002_2_CR/A2504147013 DXA/CR DXA/CR000003.dcm
2.25.215177279960644564778148238928738915103/series_002_2_CR/A2504147013 DXA/CR DXA/CR000004.dcm,SPINE,,,2026-09-16T17:10:19,/output/2.25.215177279960644564778148238928738915103/series_002_2_CR/A2504147013 DXA/CR DXA/CR000004.dcm
2.25.217397325224876728316360420804118329081/series_002_2_CR/A250474631 DXA/CR DXA/CR000000.dcm,LEG,,,2026-09-16T17:10:22,/output/2.25.217397325224876728316360420804118329081/series_002_2_CR/A250474631 DXA/CR DXA/CR000000.dcm
2.25.217397325224876728316360420804118329081/series_002_2_CR/A250474631 DXA/CR DXA/CR000001.dcm,LEG,,,2026-09-16T17:10:23,/output/2.25.217397325224876728316360420804118329081/series_002_2_CR/A250474631 DXA/CR DXA/CR000001.dcm
2.25.217397325224876728316360420804118329081/series_002_2_CR/A250474631 DXA/CR DXA/CR000002.dcm,SPINE,,,2026-09-16T17:10:25,/output/2.25.217397325224876728316360420804118329081/series_002_2_CR/A250474631 DXA/CR DXA/CR000002.dcm
2.25.217397325224876728316360420804118329081/series_002_2_CR/A250474631 DXA/CR DXA/CR000003.dcm,LEG,,,2026-09-16T17:10:27,/output/2.25.217397325224876728316360420804118329081/series_002_2_CR/A250474631 DXA/CR DXA/CR000003.dcm
2.25.217397325224876728316360420804118329081/series_002_2_CR/A250474631 DXA/CR DXA/CR000004.dcm,SPINE,,,2026-09-16T17:10:29,/output/2.25.217397325224876728316360420804118329081/series_002_2_CR/A250474631 DXA/CR DXA/CR000004.dcm
2.25.217397325224876728316360420804118329081/series_002_2_CR/A250474631 DXA/CR DXA/CR000005.dcm,SPINE,,,2026-09-16T17:10:31,/output/2.25.217397325224876728316360420804118329081/series_002_2_CR/A250474631 DXA/CR DXA/CR000005.dcm
2.25.217397325224876728316360420804118329081/series_002_2_CR/A250474631 DXA/CR DXA/CR000006.dcm,LEG,,,2026-09-16T17:10:32,/output/2.25.217397325224876728316360420804118329081/series_002_2_CR/A250474631 DXA/CR DXA/CR000006.dcm
2.25.217397325224876728316360420804118329081/series_002_2_CR/A250474631 DXA/CR DXA/CR000007.dcm,LEG,,,2026-09-16T17:10:34,/output/2.25.217397325224876728316360420804118329081/series_002_2_CR/A250474631 DXA/CR DXA/CR000007.dcm
2.25.217397325224876728316360420804118329081/series_002_2_CR/A250474631 DXA/CR DXA/CR000008.dcm,LEG,,,2026-09-16T17:10:36,/output/2.25.217397325224876728316360420804118329081/series_002_2_CR/A250474631 DXA/CR DXA/CR000008.dcm
2.25.217397325224876728316360420804118329081/series_002_2_CR/A250474631 DXA/CR DXA/CR000009.dcm,LEG,,,2026-09-16T17:10:38,/output/2.25.217397325224876728316360420804118329081/series_002_2_CR/A250474631 DXA/CR DXA/CR000009.dcm
2.25.217397325224876728316360420804118329081/series_002_2_CR/A250474631 DXA/CR DXA/CR000010.dcm,LEG,,,2026-09-16T17:10:39,/output/2.25.217397325224876728316360420804118329081/series_002_2_CR/A250474631 DXA/CR DXA/CR000010.dcm
2.25.220866240977467582196609708837940253840/series_001_2_CR/A2504258893 DXA/CR DXA/CR000000.dcm,SPINE,,,2026-09-16T17:10:41,/output/2.25.220866240977467582196609708837940253840/series_001_2_CR/A2504258893 DXA/CR DXA/CR000000.dcm
2.25.234651502352368356456298825489565282446/series_002_2_CR/A2504307193 DXA/CR DXA/CR000000.dcm,LEG,,,2026-09-16T17:10:43,/output/2.25.234651502352368356456298825489565282446/series_002_2_CR/A2504307193 DXA/CR DXA/CR000000.dcm
2.25.234651502352368356456298825489565282446/series_002_2_CR/A2504307193 DXA/CR DXA/CR000001.dcm,LEG,,,2026-09-16T17:10:46,/output/2.25.234651502352368356456298825489565282446/series_002_2_CR/A2504307193 DXA/CR DXA/CR000001.dcm
2.25.234651502352368356456298825489565282446/series_002_2_CR/A2504307193 DXA/CR DXA/CR000002.dcm,SPINE,,,2026-09-16T17:10:47,/output/2.25.234651502352368356456298825489565282446/series_002_2_CR/A2504307193 DXA/CR DXA/CR000002.dcm
2.25.234651502352368356456298825489565282446/series_002_2_CR/A2504307193 DXA/CR DXA/CR000003.dcm,LEG,,,2026-09-16T17:10:49,/output/2.25.234651502352368356456298825489565282446/series_002_2_CR/A2504307193 DXA/CR DXA/CR000003.dcm
2.25.234651502352368356456298825489565282446/series_002_2_CR/A2504307193 DXA/CR DXA/CR000004.dcm,LEG,,,2026-09-16T17:10:51,/output/2.25.234651502352368356456298825489565282446/series_002_2_CR/A2504307193 DXA/CR DXA/CR000004.dcm
2.25.234651502352368356456298825489565282446/series_002_2_CR/A2504307193 DXA/CR DXA/CR000005.dcm,LEG,,,2026-09-16T17:10:53,/output/2.25.234651502352368356456298825489565282446/series_002_2_CR/A2504307193 DXA/CR DXA/CR000005.dcm
2.25.234651502352368356456298825489565282446/series_002_2_CR/A2504307193 DXA/CR DXA/CR000006.dcm,SPINE,,,2026-09-16T17:10:55,/output/2.25.234651502352368356456298825489565282446/series_002_2_CR/A2504307193 DXA/CR DXA/CR000006.dcm
2.25.234651502352368356456298825489565282446/series_002_2_CR/A2504307193 DXA/CR DXA/CR000007.dcm,LEG,,,2026-09-16T17:10:57,/output/2.25.234651502352368356456298825489565282446/series_002_2_CR/A2504307193 DXA/CR DXA/CR000007.dcm
2.25.234651502352368356456298825489565282446/series_002_2_CR/A2504307193 DXA/CR DXA/CR000008.dcm,SPINE,,,2026-09-16T17:10:59,/output/2.25.234651502352368356456298825489565282446/series_002_2_CR/A2504307193 DXA/CR DXA/CR000008.dcm
2.25.234651502352368356456298825489565282446/series_002_2_CR/A2504307193 DXA/CR DXA/CR000009.dcm,LEG,,,2026-09-16T17:11:03,/output/2.25.234651502352368356456298825489565282446/series_002_2_CR/A2504307193 DXA/CR DXA/CR000009.dcm
2.25.234651502352368356456298825489565282446/series_002_2_CR/A2504307193 DXA/CR DXA/CR000010.dcm,LEG,,,2026-09-16T17:11:05,/output/2.25.234651502352368356456298825489565282446/series_002_2_CR/A2504307193 DXA/CR DXA/CR000010.dcm
2.25.247714038039430659432048101646401574824/series_002_2_CR/A2504238024 DXA Exam/CR DXA Images/CR000000.dcm,LEG,,,2026-09-16T17:11:07,/output/2.25.247714038039430659432048101646401574824/series_002_2_CR/A2504238024 DXA Exam/CR DXA Images/CR000000.dcm
2.25.247714038039430659432048101646401574824/series_002_2_CR/A2504238024 DXA Exam/CR DXA Images/CR000001.dcm,LEG,,,2026-09-16T17:11:09,/output/2.25.247714038039430659432048101646401574824/series_002_2_CR/A2504238024 DXA Exam/CR DXA Images/CR000001.dcm
2.25.247714038039430659432048101646401574824/series_002_2_CR/A2504238024 DXA Exam/CR DXA Images/CR000002.dcm,SPINE,,,2026-09-16T17:11:10,/output/2.25.247714038039430659432048101646401574824/series_002_2_CR/A2504238024 DXA Exam/CR DXA Images/CR000002.dcm
2.25.269648774413746842548908998641183395622/series_001_2_CR/A2504393664 DXA/CR DXA/CR000000.dcm,LEG,,,2026-09-16T17:11:12,/output/2.25.269648774413746842548908998641183395622/series_001_2_CR/A2504393664 DXA/CR DXA/CR000000.dcm
2.25.269648774413746842548908998641183395622/series_001_2_CR/A2504393664 DXA/CR DXA/CR000001.dcm,SPINE,,,2026-09-16T17:11:15,/output/2.25.269648774413746842548908998641183395622/series_001_2_CR/A2504393664 DXA/CR DXA/CR000001.dcm
2.25.269648774413746842548908998641183395622/series_001_2_CR/A2504393664 DXA/CR DXA/CR000002.dcm,LEG,,,2026-09-16T17:11:22,/output/2.25.269648774413746842548908998641183395622/series_001_2_CR/A2504393664 DXA/CR DXA/CR000002.dcm
2.25.269742577365511543488820993979123763373/series_003_2_CR/A250477751 DXA/CR DXA/CR000000.dcm,SPINE,,,2026-09-16T17:11:24,/output/2.25.269742577365511543488820993979123763373/series_003_2_CR/A250477751 DXA/CR DXA/CR000000.dcm
2.25.272690031744216183651627058502316132741/series_002_2_CR/A2504373414 DXA/CR DXA/CR000000.dcm,LEG,,,2026-09-16T17:11:25,/output/2.25.272690031744216183651627058502316132741/series_002_2_CR/A2504373414 DXA/CR DXA/CR000000.dcm
2.25.272690031744216183651627058502316132741/series_002_2_CR/A2504373414 DXA/CR DXA/CR000001.dcm,SPINE,,,2026-09-16T17:11:27,/output/2.25.272690031744216183651627058502316132741/series_002_2_CR/A2504373414 DXA/CR DXA/CR000001.dcm
2.25.272690031744216183651627058502316132741/series_002_2_CR/A2504373414 DXA/CR DXA/CR000002.dcm,LEG,,,2026-09-16T17:11:29,/output/2.25.272690031744216183651627058502316132741/series_002_2_CR/A2504373414 DXA/CR DXA/CR000002.dcm
2.25.272690031744216183651627058502316132741/series_002_2_CR/A2504373414 DXA/CR DXA/CR000003.dcm,LEG,,,2026-09-16T17:11:31,/output/2.25.272690031744216183651627058502316132741/series_002_2_CR/A2504373414 DXA/CR DXA/CR000003.dcm
2.25.272690031744216183651627058502316132741/series_002_2_CR/A2504373414 DXA/CR DXA/CR000004.dcm,LEG,,,2026-09-16T17:11:33,/output/2.25.272690031744216183651627058502316132741/series_002_2_CR/A2504373414 DXA/CR DXA/CR000004.dcm
2.25.272690031744216183651627058502316132741/series_002_2_CR/A2504373414 DXA/CR DXA/CR000005.dcm,LEG,,,2026-09-16T17:11:35,/output/2.25.272690031744216183651627058502316132741/series_002_2_CR/A2504373414 DXA/CR DXA/CR000005.dcm
2.25.272690031744216183651627058502316132741/series_002_2_CR/A2504373414 DXA/CR DXA/CR000006.dcm,SPINE,,,2026-09-16T17:11:37,/output/2.25.272690031744216183651627058502316132741/series_002_2_CR/A2504373414 DXA/CR DXA/CR000006.dcm
2.25.272690031744216183651627058502316132741/series_002_2_CR/A2504373414 DXA/CR DXA/CR000007.dcm,LEG,,,2026-09-16T17:11:39,/output/2.25.272690031744216183651627058502316132741/series_002_2_CR/A2504373414 DXA/CR DXA/CR000007.dcm
2.25.272690031744216183651627058502316132741/series_002_2_CR/A2504373414 DXA/CR DXA/CR000008.dcm,LEG,,,2026-09-16T17:11:41,/output/2.25.272690031744216183651627058502316132741/series_002_2_CR/A2504373414 DXA/CR DXA/CR000008.dcm
2.25.272690031744216183651627058502316132741/series_002_2_CR/A2504373414 DXA/CR DXA/CR000009.dcm,SPINE,,,2026-09-16T17:11:42,/output/2.25.272690031744216183651627058502316132741/series_002_2_CR/A2504373414 DXA/CR DXA/CR000009.dcm
2.25.272690031744216183651627058502316132741/series_002_2_CR/A2504373414 DXA/CR DXA/CR000010.dcm,LEG,,,2026-09-16T17:11:48,/output/2.25.272690031744216183651627058502316132741/series_002_2_CR/A2504373414 DXA/CR DXA/CR000010.dcm
2.25.276415754443998872860614500027519740375/series_002_2_CR/A2504387089 DXA/CR DXA/CR000000.dcm,SPINE,,,2026-09-16T17:11:50,/output/2.25.276415754443998872860614500027519740375/series_002_2_CR/A2504387089 DXA/CR DXA/CR000000.dcm
2.25.276415754443998872860614500027519740375/series_002_2_CR/A2504387089 DXA/CR DXA/CR000001.dcm,SPINE,,,2026-09-16T17:11:52,/output/2.25.276415754443998872860614500027519740375/series_002_2_CR/A2504387089 DXA/CR DXA/CR000001.dcm
2.25.276415754443998872860614500027519740375/series_002_2_CR/A2504387089 DXA/CR DXA/CR000002.dcm,LEG,,,2026-09-16T17:11:55,/output/2.25.276415754443998872860614500027519740375/series_002_2_CR/A2504387089 DXA/CR DXA/CR000002.dcm
2.25.276415754443998872860614500027519740375/series_002_2_CR/A2504387089 DXA/CR DXA/CR000003.dcm,LEG,,,2026-09-16T17:11:57,/output/2.25.276415754443998872860614500027519740375/series_002_2_CR/A2504387089 DXA/CR DXA/CR000003.dcm
2.25.276415754443998872860614500027519740375/series_002_2_CR/A2504387089 DXA/CR DXA/CR000004.dcm,LEG,,,2026-09-16T17:11:58,/output/2.25.276415754443998872860614500027519740375/series_002_2_CR/A2504387089 DXA/CR DXA/CR000004.dcm
2.25.276415754443998872860614500027519740375/series_002_2_CR/A2504387089 DXA/CR DXA/CR000005.dcm,LEG,,,2026-09-16T17:12:00,/output/2.25.276415754443998872860614500027519740375/series_002_2_CR/A2504387089 DXA/CR DXA/CR000005.dcm
2.25.277752758923974029595977676354128739670/series_002_2_CR/A2504223752 DXA/CR DXA/CR000000.dcm,LEG,,,2026-09-16T17:12:04,/output/2.25.277752758923974029595977676354128739670/series_002_2_CR/A2504223752 DXA/CR DXA/CR000000.dcm
2.25.277752758923974029595977676354128739670/series_002_2_CR/A2504223752 DXA/CR DXA/CR000001.dcm,LEG,,,2026-09-16T17:12:06,/output/2.25.277752758923974029595977676354128739670/series_002_2_CR/A2504223752 DXA/CR DXA/CR000001.dcm
2.25.277752758923974029595977676354128739670/series_002_2_CR/A2504223752 DXA/CR DXA/CR000002.dcm,LEG,,,2026-09-16T17:12:07,/output/2.25.277752758923974029595977676354128739670/series_002_2_CR/A2504223752 DXA/CR DXA/CR000002.dcm
2.25.277752758923974029595977676354128739670/series_002_2_CR/A2504223752 DXA/CR DXA/CR000003.dcm,LEG,,,2026-09-16T17:12:09,/output/2.25.277752758923974029595977676354128739670/series_002_2_CR/A2504223752 DXA/CR DXA/CR000003.dcm
2.25.277752758923974029595977676354128739670/series_002_2_CR/A2504223752 DXA/CR DXA/CR000004.dcm,SPINE,,,2026-09-16T17:12:11,/output/2.25.277752758923974029595977676354128739670/series_002_2_CR/A2504223752 DXA/CR DXA/CR000004.dcm
2.25.277752758923974029595977676354128739670/series_002_2_CR/A2504223752 DXA/CR DXA/CR000005.dcm,SPINE,,,2026-09-16T17:12:13,/output/2.25.277752758923974029595977676354128739670/series_002_2_CR/A2504223752 DXA/CR DXA/CR000005.dcm
2.25.286999464611662854355201599068538813496/series_003_2_CR/A2504223477 DXA/CR DXA/CR000000.dcm,LEG,,,2026-09-16T17:12:15,/output/2.25.286999464611662854355201599068538813496/series_003_2_CR/A2504223477 DXA/CR DXA/CR000000.dcm
2.25.286999464611662854355201599068538813496/series_003_2_CR/A2504223477 DXA/CR DXA/CR000001.dcm,SPINE,,,2026-09-16T17:12:17,/output/2.25.286999464611662854355201599068538813496/series_003_2_CR/A2504223477 DXA/CR DXA/CR000001.dcm
2.25.286999464611662854355201599068538813496/series_003_2_CR/A2504223477 DXA/CR DXA/CR000002.dcm,LEG,,,2026-09-16T17:12:18,/output/2.25.286999464611662854355201599068538813496/series_003_2_CR/A2504223477 DXA/CR DXA/CR000002.dcm
2.25.286999464611662854355201599068538813496/series_003_2_CR/A2504223477 DXA/CR DXA/CR000003.dcm,LEG,,,2026-09-16T17:12:20,/output/2.25.286999464611662854355201599068538813496/series_003_2_CR/A2504223477 DXA/CR DXA/CR000003.dcm
2.25.286999464611662854355201599068538813496/series_003_2_CR/A2504223477 DXA/CR DXA/CR000004.dcm,SPINE,,,2026-09-16T17:12:22,/output/2.25.286999464611662854355201599068538813496/series_003_2_CR/A2504223477 DXA/CR DXA/CR000004.dcm
2.25.286999464611662854355201599068538813496/series_003_2_CR/A2504223477 DXA/CR DXA/CR000005.dcm,LEG,,,2026-09-16T17:12:23,/output/2.25.286999464611662854355201599068538813496/series_003_2_CR/A2504223477 DXA/CR DXA/CR000005.dcm
2.25.29638026465755240167985424461715024381/series_004_3_CR/A2504115579 DXA/CR DXA/CR000000.dcm,LEG,,,2026-09-16T17:12:26,/output/2.25.29638026465755240167985424461715024381/series_004_3_CR/A2504115579 DXA/CR DXA/CR000000.dcm
2.25.29638026465755240167985424461715024381/series_004_3_CR/A2504115579 DXA/CR DXA/CR000001.dcm,SPINE,,,2026-09-16T17:12:27,/output/2.25.29638026465755240167985424461715024381/series_004_3_CR/A2504115579 DXA/CR DXA/CR000001.dcm
2.25.29638026465755240167985424461715024381/series_004_3_CR/A2504115579 DXA/CR DXA/CR000002.dcm,LEG,,,2026-09-16T17:12:30,/output/2.25.29638026465755240167985424461715024381/series_004_3_CR/A2504115579 DXA/CR DXA/CR000002.dcm
2.25.29638026465755240167985424461715024381/series_004_3_CR/A2504115579 DXA/CR DXA/CR000003.dcm,LEG,,,2026-09-16T17:12:31,/output/2.25.29638026465755240167985424461715024381/series_004_3_CR/A2504115579 DXA/CR DXA/CR000003.dcm
2.25.306921081709806079165809721263236241032/series_002_2_CR/A2504381177 DXA/CR DXA/CR000000.dcm,SPINE,,,2026-09-16T17:12:33,/output/2.25.306921081709806079165809721263236241032/series_002_2_CR/A2504381177 DXA/CR DXA/CR000000.dcm
2.25.307021710202910067378603383388989711646/series_004_2_CR/A2504110565 DXA/CR DXA/CR000000.dcm,SPINE,,,2026-09-16T17:12:35,/output/2.25.307021710202910067378603383388989711646/series_004_2_CR/A2504110565 DXA/CR DXA/CR000000.dcm
2.25.307021710202910067378603383388989711646/series_004_2_CR/A2504110565 DXA/CR DXA/CR000001.dcm,LEG,,,2026-09-16T17:12:37,/output/2.25.307021710202910067378603383388989711646/series_004_2_CR/A2504110565 DXA/CR DXA/CR000001.dcm
2.25.307021710202910067378603383388989711646/series_004_2_CR/A2504110565 DXA/CR DXA/CR000002.dcm,LEG,,,2026-09-16T17:12:38,/output/2.25.307021710202910067378603383388989711646/series_004_2_CR/A2504110565 DXA/CR DXA/CR000002.dcm
2.25.307021710202910067378603383388989711646/series_004_2_CR/A2504110565 DXA/CR DXA/CR000003.dcm,LEG,,,2026-09-16T17:12:40,/output/2.25.307021710202910067378603383388989711646/series_004_2_CR/A2504110565 DXA/CR DXA/CR000003.dcm
2.25.307021710202910067378603383388989711646/series_004_2_CR/A2504110565 DXA/CR DXA/CR000004.dcm,LEG,,,2026-09-16T17:12:43,/output/2.25.307021710202910067378603383388989711646/series_004_2_CR/A2504110565 DXA/CR DXA/CR000004.dcm
2.25.307021710202910067378603383388989711646/series_004_2_CR/A2504110565 DXA/CR DXA/CR000005.dcm,LEG,,,2026-09-16T17:12:45,/output/2.25.307021710202910067378603383388989711646/series_004_2_CR/A2504110565 DXA/CR DXA/CR000005.dcm
2.25.307021710202910067378603383388989711646/series_004_2_CR/A2504110565 DXA/CR DXA/CR000006.dcm,LEG,,,2026-09-16T17:12:46,/output/2.25.307021710202910067378603383388989711646/series_004_2_CR/A2504110565 DXA/CR DXA/CR000006.dcm
2.25.307021710202910067378603383388989711646/series_004_2_CR/A2504110565 DXA/CR DXA/CR000007.dcm,LEG,,,2026-09-16T17:12:48,/output/2.25.307021710202910067378603383388989711646/series_004_2_CR/A2504110565 DXA/CR DXA/CR000007.dcm
2.25.307021710202910067378603383388989711646/series_004_2_CR/A2504110565 DXA/CR DXA/CR000008.dcm,LEG,,,2026-09-16T17:12:50,/output/2.25.307021710202910067378603383388989711646/series_004_2_CR/A2504110565 DXA/CR DXA/CR000008.dcm
2.25.307021710202910067378603383388989711646/series_004_2_CR/A2504110565 DXA/CR DXA/CR000009.dcm,LEG,,,2026-09-16T17:12:52,/output/2.25.307021710202910067378603383388989711646/series_004_2_CR/A2504110565 DXA/CR DXA/CR000009.dcm
2.25.307021710202910067378603383388989711646/series_004_2_CR/A2504110565 DXA/CR DXA/CR000010.dcm,SPINE,,,2026-09-16T17:12:53,/output/2.25.307021710202910067378603383388989711646/series_004_2_CR/A2504110565 DXA/CR DXA/CR000010.dcm
2.25.307021710202910067378603383388989711646/series_004_2_CR/A2504110565 DXA/CR DXA/CR000011.dcm,SPINE,,,2026-09-16T17:12:56,/output/2.25.307021710202910067378603383388989711646/series_004_2_CR/A2504110565 DXA/CR DXA/CR000011.dcm
2.25.309085571913348252136520206003694446566/series_002_2_CR/A2504116267 DXA/CR DXA/CR000000.dcm,SPINE,,,2026-09-16T17:12:59,/output/2.25.309085571913348252136520206003694446566/series_002_2_CR/A2504116267 DXA/CR DXA/CR000000.dcm
2.25.309085571913348252136520206003694446566/series_002_2_CR/A2504116267 DXA/CR DXA/CR000001.dcm,LEG,,,2026-09-16T17:13:01,/output/2.25.309085571913348252136520206003694446566/series_002_2_CR/A2504116267 DXA/CR DXA/CR000001.dcm
2.25.309085571913348252136520206003694446566/series_002_2_CR/A2504116267 DXA/CR DXA/CR000002.dcm,LEG,,,2026-09-16T17:13:02,/output/2.25.309085571913348252136520206003694446566/series_002_2_CR/A2504116267 DXA/CR DXA/CR000002.dcm
2.25.314147167453134440746270747484612743945/series_002_2_CR/A2504224780 DXA/CR DXA/CR000000.dcm,LEG,,,2026-09-16T17:13:04,/output/2.25.314147167453134440746270747484612743945/series_002_2_CR/A2504224780 DXA/CR DXA/CR000000.dcm
2.25.314147167453134440746270747484612743945/series_002_2_CR/A2504224780 DXA/CR DXA/CR000001.dcm,LEG,,,2026-09-16T17:13:06,/output/2.25.314147167453134440746270747484612743945/series_002_2_CR/A2504224780 DXA/CR DXA/CR000001.dcm
2.25.314147167453134440746270747484612743945/series_002_2_CR/A2504224780 DXA/CR DXA/CR000002.dcm,SPINE,,,2026-09-16T17:13:08,/output/2.25.314147167453134440746270747484612743945/series_002_2_CR/A2504224780 DXA/CR DXA/CR000002.dcm
2.25.322202456901330781765399791024580391565/series_002_2_CR/A2504350020 DXA/CR DXA/CR000000.dcm,SPINE,,,2026-09-16T17:13:10,/output/2.25.322202456901330781765399791024580391565/series_002_2_CR/A2504350020 DXA/CR DXA/CR000000.dcm
2.25.338439598607961312040815816824093323492/series_002_2_CR/A2504147124 DXA/CR DXA/CR000000.dcm,SPINE,,,2026-09-16T17:13:11,/output/2.25.338439598607961312040815816824093323492/series_002_2_CR/A2504147124 DXA/CR DXA/CR000000.dcm
2.25.339027809107632348165171236474821772940/series_001_2_CR/A2504349642 DXA/CR DXA/CR000000.dcm,LEG,,,2026-09-16T17:13:13,/output/2.25.339027809107632348165171236474821772940/series_001_2_CR/A2504349642 DXA/CR DXA/CR000000.dcm
2.25.339027809107632348165171236474821772940/series_001_2_CR/A2504349642 DXA/CR DXA/CR000001.dcm,SPINE,,,2026-09-16T17:13:15,/output/2.25.339027809107632348165171236474821772940/series_001_2_CR/A2504349642 DXA/CR DXA/CR000001.dcm
2.25.339027809107632348165171236474821772940/series_001_2_CR/A2504349642 DXA/CR DXA/CR000002.dcm,LEG,,,2026-09-16T17:13:16,/output/2.25.339027809107632348165171236474821772940/series_001_2_CR/A2504349642 DXA/CR DXA/CR000002.dcm
2.25.339027809107632348165171236474821772940/series_001_2_CR/A2504349642 DXA/CR DXA/CR000003.dcm,LEG,,,2026-09-16T17:13:20,/output/2.25.339027809107632348165171236474821772940/series_001_2_CR/A2504349642 DXA/CR DXA/CR000003.dcm
2.25.339027809107632348165171236474821772940/series_001_2_CR/A2504349642 DXA/CR DXA/CR000004.dcm,SPINE,,,2026-09-16T17:13:22,/output/2.25.339027809107632348165171236474821772940/series_001_2_CR/A2504349642 DXA/CR DXA/CR000004.dcm
2.25.339027809107632348165171236474821772940/series_001_2_CR/A2504349642 DXA/CR DXA/CR000005.dcm,LEG,,,2026-09-16T17:13:23,/output/2.25.339027809107632348165171236474821772940/series_001_2_CR/A2504349642 DXA/CR DXA/CR000005.dcm
2.25.340839477910528898406207279980417945/series_001_2_CR/A2504224555 DXA Exam/CR DXA Images/CR000000.dcm,LEG,,,2026-09-16T17:13:25,/output/2.25.340839477910528898406207279980417945/series_001_2_CR/A2504224555 DXA Exam/CR DXA Images/CR000000.dcm
2.25.340839477910528898406207279980417945/series_001_2_CR/A2504224555 DXA Exam/CR DXA Images/CR000001.dcm,LEG,,,2026-09-16T17:13:28,/output/2.25.340839477910528898406207279980417945/series_001_2_CR/A2504224555 DXA Exam/CR DXA Images/CR000001.dcm
2.25.340839477910528898406207279980417945/series_001_2_CR/A2504224555 DXA Exam/CR DXA Images/CR000002.dcm,SPINE,,,2026-09-16T17:13:29,/output/2.25.340839477910528898406207279980417945/series_001_2_CR/A2504224555 DXA Exam/CR DXA Images/CR000002.dcm
2.25.37515662379281069436632838996073181551/series_001_2_CR/A2504329840 DXA/CR DXA/CR000000.dcm,SPINE,,,2026-09-16T17:13:32,/output/2.25.37515662379281069436632838996073181551/series_001_2_CR/A2504329840 DXA/CR DXA/CR000000.dcm
2.25.37515662379281069436632838996073181551/series_001_2_CR/A2504329840 DXA/CR DXA/CR000001.dcm,LEG,,,2026-09-16T17:13:34,/output/2.25.37515662379281069436632838996073181551/series_001_2_CR/A2504329840 DXA/CR DXA/CR000001.dcm
2.25.37515662379281069436632838996073181551/series_001_2_CR/A2504329840 DXA/CR DXA/CR000002.dcm,LEG,,,2026-09-16T17:13:36,/output/2.25.37515662379281069436632838996073181551/series_001_2_CR/A2504329840 DXA/CR DXA/CR000002.dcm
2.25.39068163399801173920284179500049527111/series_002_2_CR/A2504195842 DXA/CR DXA/CR000000.dcm,LEG,,,2026-09-16T17:13:38,/output/2.25.39068163399801173920284179500049527111/series_002_2_CR/A2504195842 DXA/CR DXA/CR000000.dcm
2.25.39068163399801173920284179500049527111/series_002_2_CR/A2504195842 DXA/CR DXA/CR000001.dcm,LEG,,,2026-09-16T17:13:40,/output/2.25.39068163399801173920284179500049527111/series_002_2_CR/A2504195842 DXA/CR DXA/CR000001.dcm
2.25.39068163399801173920284179500049527111/series_002_2_CR/A2504195842 DXA/CR DXA/CR000002.dcm,SPINE,,,2026-09-16T17:13:41,/output/2.25.39068163399801173920284179500049527111/series_002_2_CR/A2504195842 DXA/CR DXA/CR000002.dcm
2.25.48906424954135283790354958243772558962/series_001_2_CR/A2504185596 DXA Exam/CR DXA Images/CR000000.dcm,LEG,,,2026-09-16T17:13:43,/output/2.25.48906424954135283790354958243772558962/series_001_2_CR/A2504185596 DXA Exam/CR DXA Images/CR000000.dcm
2.25.48906424954135283790354958243772558962/series_001_2_CR/A2504185596 DXA Exam/CR DXA Images/CR000001.dcm,LEG,,,2026-09-16T17:13:45,/output/2.25.48906424954135283790354958243772558962/series_001_2_CR/A2504185596 DXA Exam/CR DXA Images/CR000001.dcm
2.25.48906424954135283790354958243772558962/series_001_2_CR/A2504185596 DXA Exam/CR DXA Images/CR000002.dcm,SPINE,,,2026-09-16T17:13:47,/output/2.25.48906424954135283790354958243772558962/series_001_2_CR/A2504185596 DXA Exam/CR DXA Images/CR000002.dcm
2.25.52532476139575422857225834315571570912/series_001_2_CR/A2504247961 DXA/CR DXA/CR000000.dcm,SPINE,,,2026-09-16T17:13:49,/output/2.25.52532476139575422857225834315571570912/series_001_2_CR/A2504247961 DXA/CR DXA/CR000000.dcm
2.25.52982400970721161435951723390541696819/series_001_2_CR/A2504331065 DXA/CR DXA/CR000000.dcm,LEG,,,2026-09-16T17:13:51,/output/2.25.52982400970721161435951723390541696819/series_001_2_CR/A2504331065 DXA/CR DXA/CR000000.dcm
2.25.52982400970721161435951723390541696819/series_001_2_CR/A2504331065 DXA/CR DXA/CR000001.dcm,LEG,,,2026-09-16T17:13:53,/output/2.25.52982400970721161435951723390541696819/series_001_2_CR/A2504331065 DXA/CR DXA/CR000001.dcm
2.25.52982400970721161435951723390541696819/series_001_2_CR/A2504331065 DXA/CR DXA/CR000002.dcm,SPINE,,,2026-09-16T17:13:55,/output/2.25.52982400970721161435951723390541696819/series_001_2_CR/A2504331065 DXA/CR DXA/CR000002.dcm
2.25.52982400970721161435951723390541696819/series_001_2_CR/A2504331065 DXA/CR DXA/CR000003.dcm,LEG,,,2026-09-16T17:13:57,/output/2.25.52982400970721161435951723390541696819/series_001_2_CR/A2504331065 DXA/CR DXA/CR000003.dcm
2.25.52982400970721161435951723390541696819/series_001_2_CR/A2504331065 DXA/CR DXA/CR000004.dcm,SPINE,,,2026-09-16T17:13:58,/output/2.25.52982400970721161435951723390541696819/series_001_2_CR/A2504331065 DXA/CR DXA/CR000004.dcm
2.25.52982400970721161435951723390541696819/series_001_2_CR/A2504331065 DXA/CR DXA/CR000005.dcm,LEG,,,2026-09-16T17:14:00,/output/2.25.52982400970721161435951723390541696819/series_001_2_CR/A2504331065 DXA/CR DXA/CR000005.dcm
2.25.52982400970721161435951723390541696819/series_001_2_CR/A2504331065 DXA/CR DXA/CR000006.dcm,LEG,,,2026-09-16T17:14:01,/output/2.25.52982400970721161435951723390541696819/series_001_2_CR/A2504331065 DXA/CR DXA/CR000006.dcm
2.25.52982400970721161435951723390541696819/series_001_2_CR/A2504331065 DXA/CR DXA/CR000007.dcm,LEG,,,2026-09-16T17:14:03,/output/2.25.52982400970721161435951723390541696819/series_001_2_CR/A2504331065 DXA/CR DXA/CR000007.dcm
2.25.54396839637320114639948764487283877793/series_003_2_CR/A2504111090 DXA/CR DXA/CR000000.dcm,SPINE,,,2026-09-16T17:14:06,/output/2.25.54396839637320114639948764487283877793/series_003_2_CR/A2504111090 DXA/CR DXA/CR000000.dcm
2.25.59542620917302828428419211045951914336/series_001_2_CR/A2504303391 DXA/CR DXA/CR000000.dcm,SPINE,,,2026-09-16T17:14:07,/output/2.25.59542620917302828428419211045951914336/series_001_2_CR/A2504303391 DXA/CR DXA/CR000000.dcm
2.25.65954778282254353457041255543338557112/series_004_3_CR/A2504246289 DXA/CR DXA/CR000000.dcm,LEG,,,2026-09-16T17:14:09,/output/2.25.65954778282254353457041255543338557112/series_004_3_CR/A2504246289 DXA/CR DXA/CR000000.dcm
2.25.65954778282254353457041255543338557112/series_004_3_CR/A2504246289 DXA/CR DXA/CR000001.dcm,LEG,,,2026-09-16T17:14:10,/output/2.25.65954778282254353457041255543338557112/series_004_3_CR/A2504246289 DXA/CR DXA/CR000001.dcm
2.25.65954778282254353457041255543338557112/series_004_3_CR/A2504246289 DXA/CR DXA/CR000002.dcm,SPINE,,,2026-09-16T17:14:12,/output/2.25.65954778282254353457041255543338557112/series_004_3_CR/A2504246289 DXA/CR DXA/CR000002.dcm
2.25.66397484472966116002950503539482860450/series_001_2_CR/A2504194637 DXA/CR DXA/CR000000.dcm,LEG,,,2026-09-16T17:14:13,/output/2.25.66397484472966116002950503539482860450/series_001_2_CR/A2504194637 DXA/CR DXA/CR000000.dcm
2.25.66397484472966116002950503539482860450/series_001_2_CR/A2504194637 DXA/CR DXA/CR000001.dcm,LEG,,,2026-09-16T17:14:15,/output/2.25.66397484472966116002950503539482860450/series_001_2_CR/A2504194637 DXA/CR DXA/CR000001.dcm
2.25.66397484472966116002950503539482860450/series_001_2_CR/A2504194637 DXA/CR DXA/CR000002.dcm,LEG,,,2026-09-16T17:14:17,/output/2.25.66397484472966116002950503539482860450/series_001_2_CR/A2504194637 DXA/CR DXA/CR000002.dcm
2.25.66397484472966116002950503539482860450/series_001_2_CR/A2504194637 DXA/CR DXA/CR000003.dcm,LEG,,,2026-09-16T17:14:18,/output/2.25.66397484472966116002950503539482860450/series_001_2_CR/A2504194637 DXA/CR DXA/CR000003.dcm
2.25.66397484472966116002950503539482860450/series_001_2_CR/A2504194637 DXA/CR DXA/CR000004.dcm,SPINE,,,2026-09-16T17:14:20,/output/2.25.66397484472966116002950503539482860450/series_001_2_CR/A2504194637 DXA/CR DXA/CR000004.dcm
2.25.66397484472966116002950503539482860450/series_001_2_CR/A2504194637 DXA/CR DXA/CR000005.dcm,LEG,,,2026-09-16T17:14:21,/output/2.25.66397484472966116002950503539482860450/series_001_2_CR/A2504194637 DXA/CR DXA/CR000005.dcm
2.25.66397484472966116002950503539482860450/series_001_2_CR/A2504194637 DXA/CR DXA/CR000006.dcm,LEG,,,2026-09-16T17:14:24,/output/2.25.66397484472966116002950503539482860450/series_001_2_CR/A2504194637 DXA/CR DXA/CR000006.dcm
2.25.66397484472966116002950503539482860450/series_001_2_CR/A2504194637 DXA/CR DXA/CR000007.dcm,LEG,,,2026-09-16T17:14:28,/output/2.25.66397484472966116002950503539482860450/series_001_2_CR/A2504194637 DXA/CR DXA/CR000007.dcm
2.25.66397484472966116002950503539482860450/series_001_2_CR/A2504194637 DXA/CR DXA/CR000008.dcm,SPINE,,,2026-09-16T17:14:31,/output/2.25.66397484472966116002950503539482860450/series_001_2_CR/A2504194637 DXA/CR DXA/CR000008.dcm
2.25.66397484472966116002950503539482860450/series_001_2_CR/A2504194637 DXA/CR DXA/CR000009.dcm,SPINE,,,2026-09-16T17:14:32,/output/2.25.66397484472966116002950503539482860450/series_001_2_CR/A2504194637 DXA/CR DXA/CR000009.dcm
2.25.66397484472966116002950503539482860450/series_001_2_CR/A2504194637 DXA/CR DXA/CR000010.dcm,LEG,,,2026-09-16T17:14:34,/output/2.25.66397484472966116002950503539482860450/series_001_2_CR/A2504194637 DXA/CR DXA/CR000010.dcm
2.25.73070100851377917031356937075051545239/series_002_2_CR/A2504239110 DXA/CR DXA/CR000000.dcm,LEG,,,2026-09-16T17:14:37,/output/2.25.73070100851377917031356937075051545239/series_002_2_CR/A2504239110 DXA/CR DXA/CR000000.dcm
2.25.73070100851377917031356937075051545239/series_002_2_CR/A2504239110 DXA/CR DXA/CR000001.dcm,LEG,,,2026-09-16T17:14:38,/output/2.25.73070100851377917031356937075051545239/series_002_2_CR/A2504239110 DXA/CR DXA/CR000001.dcm
2.25.73070100851377917031356937075051545239/series_002_2_CR/A2504239110 DXA/CR DXA/CR000002.dcm,SPINE,,,2026-09-16T17:14:40,/output/2.25.73070100851377917031356937075051545239/series_002_2_CR/A2504239110 DXA/CR DXA/CR000002.dcm
2.25.73070100851377917031356937075051545239/series_002_2_CR/A2504239110 DXA/CR DXA/CR000003.dcm,SPINE,,,2026-09-16T17:14:43,/output/2.25.73070100851377917031356937075051545239/series_002_2_CR/A2504239110 DXA/CR DXA/CR000003.dcm
2.25.73070100851377917031356937075051545239/series_002_2_CR/A2504239110 DXA/CR DXA/CR000004.dcm,LEG,,,2026-09-16T17:14:45,/output/2.25.73070100851377917031356937075051545239/series_002_2_CR/A2504239110 DXA/CR DXA/CR000004.dcm
2.25.73070100851377917031356937075051545239/series_002_2_CR/A2504239110 DXA/CR DXA/CR000005.dcm,LEG,,,2026-09-16T17:14:47,/output/2.25.73070100851377917031356937075051545239/series_002_2_CR/A2504239110 DXA/CR DXA/CR000005.dcm
2.25.76710355977373089612172037086913478687/series_002_3_CR/A2504104830 DXA/CR DXA/CR000000.dcm,LEG,,,2026-09-16T17:14:49,/output/2.25.76710355977373089612172037086913478687/series_002_3_CR/A2504104830 DXA/CR DXA/CR000000.dcm
2.25.76710355977373089612172037086913478687/series_002_3_CR/A2504104830 DXA/CR DXA/CR000001.dcm,SPINE,,,2026-09-16T17:14:51,/output/2.25.76710355977373089612172037086913478687/series_002_3_CR/A2504104830 DXA/CR DXA/CR000001.dcm
2.25.76710355977373089612172037086913478687/series_002_3_CR/A2504104830 DXA/CR DXA/CR000002.dcm,LEG,,,2026-09-16T17:14:52,/output/2.25.76710355977373089612172037086913478687/series_002_3_CR/A2504104830 DXA/CR DXA/CR000002.dcm
2.25.78999454687125053757525542837745968726/series_004_3_CR/A2504222617 DXA/CR DXA/CR000000.dcm,LEG,,,2026-09-16T17:14:53,/output/2.25.78999454687125053757525542837745968726/series_004_3_CR/A2504222617 DXA/CR DXA/CR000000.dcm
2.25.78999454687125053757525542837745968726/series_004_3_CR/A2504222617 DXA/CR DXA/CR000001.dcm,LEG,,,2026-09-16T17:14:55,/output/2.25.78999454687125053757525542837745968726/series_004_3_CR/A2504222617 DXA/CR DXA/CR000001.dcm
2.25.78999454687125053757525542837745968726/series_004_3_CR/A2504222617 DXA/CR DXA/CR000002.dcm,SPINE,,,2026-09-16T17:14:58,/output/2.25.78999454687125053757525542837745968726/series_004_3_CR/A2504222617 DXA/CR DXA/CR000002.dcm
2.25.82912555346523716720160717883917565880/series_002_2_CR/A2504149480 DXA/CR DXA/CR000000.dcm,LEG,,,2026-09-16T17:15:01,/output/2.25.82912555346523716720160717883917565880/series_002_2_CR/A2504149480 DXA/CR DXA/CR000000.dcm
2.25.82912555346523716720160717883917565880/series_002_2_CR/A2504149480 DXA/CR DXA/CR000001.dcm,SPINE,,,2026-09-16T17:15:03,/output/2.25.82912555346523716720160717883917565880/series_002_2_CR/A2504149480 DXA/CR DXA/CR000001.dcm
2.25.82912555346523716720160717883917565880/series_002_2_CR/A2504149480 DXA/CR DXA/CR000002.dcm,LEG,,,2026-09-16T17:15:05,/output/2.25.82912555346523716720160717883917565880/series_002_2_CR/A2504149480 DXA/CR DXA/CR000002.dcm
2.25.82912555346523716720160717883917565880/series_002_2_CR/A2504149480 DXA/CR DXA/CR000003.dcm,LEG,,,2026-09-16T17:15:06,/output/2.25.82912555346523716720160717883917565880/series_002_2_CR/A2504149480 DXA/CR DXA/CR000003.dcm
2.25.82912555346523716720160717883917565880/series_002_2_CR/A2504149480 DXA/CR DXA/CR000004.dcm,LEG,,,2026-09-16T17:15:07,/output/2.25.82912555346523716720160717883917565880/series_002_2_CR/A2504149480 DXA/CR DXA/CR000004.dcm
2.25.82912555346523716720160717883917565880/series_002_2_CR/A2504149480 DXA/CR DXA/CR000005.dcm,SPINE,,,2026-09-16T17:15:09,/output/2.25.82912555346523716720160717883917565880/series_002_2_CR/A2504149480 DXA/CR DXA/CR000005.dcm
2.25.87718478011637131470224319788530286374/series_002_2_CR/A2504337993 DXA/CR DXA/CR000000.dcm,SPINE,,,2026-09-16T17:15:10,/output/2.25.87718478011637131470224319788530286374/series_002_2_CR/A2504337993 DXA/CR DXA/CR000000.dcm
2.25.87869906212286587478854831452123526595/series_002_2_CR/A250419699 DXA/CR DXA/CR000000.dcm,LEG,,,2026-09-16T17:15:12,/output/2.25.87869906212286587478854831452123526595/series_002_2_CR/A250419699 DXA/CR DXA/CR000000.dcm
2.25.87869906212286587478854831452123526595/series_002_2_CR/A250419699 DXA/CR DXA/CR000001.dcm,SPINE,,,2026-09-16T17:15:13,/output/2.25.87869906212286587478854831452123526595/series_002_2_CR/A250419699 DXA/CR DXA/CR000001.dcm
2.25.87869906212286587478854831452123526595/series_002_2_CR/A250419699 DXA/CR DXA/CR000002.dcm,LEG,,,2026-09-16T17:15:15,/output/2.25.87869906212286587478854831452123526595/series_002_2_CR/A250419699 DXA/CR DXA/CR000002.dcm
2.25.91981043841368764114007975581101713077/series_003_2_CR/A250496619 DXA/CR DXA/CR000000.dcm,LEG,,,2026-09-16T17:15:16,/output/2.25.91981043841368764114007975581101713077/series_003_2_CR/A250496619 DXA/CR DXA/CR000000.dcm
2.25.91981043841368764114007975581101713077/series_003_2_CR/A250496619 DXA/CR DXA/CR000001.dcm,LEG,,,2026-09-16T17:15:18,/output/2.25.91981043841368764114007975581101713077/series_003_2_CR/A250496619 DXA/CR DXA/CR000001.dcm
2.25.91981043841368764114007975581101713077/series_003_2_CR/A250496619 DXA/CR DXA/CR000002.dcm,LEG,,,2026-09-16T17:15:20,/output/2.25.91981043841368764114007975581101713077/series_003_2_CR/A250496619 DXA/CR DXA/CR000002.dcm
2.25.91981043841368764114007975581101713077/series_003_2_CR/A250496619 DXA/CR DXA/CR000003.dcm,LEG,,,2026-09-16T17:15:21,/output/2.25.91981043841368764114007975581101713077/series_003_2_CR/A250496619 DXA/CR DXA/CR000003.dcm
2.25.91981043841368764114007975581101713077/series_003_2_CR/A250496619 DXA/CR DXA/CR000004.dcm,SPINE,,,2026-09-16T17:15:23,/output/2.25.91981043841368764114007975581101713077/series_003_2_CR/A250496619 DXA/CR DXA/CR000004.dcm
2.25.91981043841368764114007975581101713077/series_003_2_CR/A250496619 DXA/CR DXA/CR000005.dcm,LEG,,,2026-09-16T17:15:26,/output/2.25.91981043841368764114007975581101713077/series_003_2_CR/A250496619 DXA/CR DXA/CR000005.dcm
2.25.91981043841368764114007975581101713077/series_003_2_CR/A250496619 DXA/CR DXA/CR000006.dcm,LEG,,,2026-09-16T17:15:28,/output/2.25.91981043841368764114007975581101713077/series_003_2_CR/A250496619 DXA/CR DXA/CR000006.dcm
2.25.91981043841368764114007975581101713077/series_003_2_CR/A250496619 DXA/CR DXA/CR000007.dcm,LEG,,,2026-09-16T17:15:29,/output/2.25.91981043841368764114007975581101713077/series_003_2_CR/A250496619 DXA/CR DXA/CR000007.dcm
2.25.91981043841368764114007975581101713077/series_003_2_CR/A250496619 DXA/CR DXA/CR000008.dcm,LEG,,,2026-09-16T17:15:32,/output/2.25.91981043841368764114007975581101713077/series_003_2_CR/A250496619 DXA/CR DXA/CR000008.dcm
2.25.91981043841368764114007975581101713077/series_003_2_CR/A250496619 DXA/CR DXA/CR000009.dcm,SPINE,,,2026-09-16T17:15:34,/output/2.25.91981043841368764114007975581101713077/series_003_2_CR/A250496619 DXA/CR DXA/CR000009.dcm
2.25.91981043841368764114007975581101713077/series_003_2_CR/A250496619 DXA/CR DXA/CR000010.dcm,SPINE,,,2026-09-16T17:15:35,/output/2.25.91981043841368764114007975581101713077/series_003_2_CR/A250496619 DXA/CR DXA/CR000010.dcm
2.25.91981043841368764114007975581101713077/series_003_2_CR/A250496619 DXA/CR DXA/CR000011.dcm,LEG,,,2026-09-16T17:15:43,/output/2.25.91981043841368764114007975581101713077/series_003_2_CR/A250496619 DXA/CR DXA/CR000011.dcm
